{"type":"Topology","arcs":[[[11382,12245],[-72,79],[-12,30]],[[11298,12354],[-34,5],[-19,-38],[-64,-34],[-43,21],[-17,31]],[[11121,12339],[-71,-16]],[[11050,12323],[-20,-69],[-61,17]],[[10969,12271],[21,-72],[-7,-30],[-145,23],[-6,-36],[-59,5],[-25,-40],[-47,41],[-4,49],[-56,24]],[[10641,12235],[-19,-10],[-75,59],[-60,25],[-26,61],[59,50],[-78,86],[54,81],[38,6],[79,76],[48,-3]],[[10661,12666],[8,42]],[[10669,12708],[-19,16],[-17,42],[28,29],[1,41],[50,28],[4,54],[73,78],[44,-9],[55,23],[46,-18],[27,33],[105,39],[56,-41],[46,25]],[[11168,13048],[-17,37],[-55,26],[10,103],[43,-10],[8,-43],[58,19],[26,-15],[40,21],[38,-12],[35,-39],[-17,-94],[24,-28],[-15,-51],[60,-46]],[[11406,12916],[48,31]],[[11454,12947],[25,60],[-29,86],[19,66],[39,15],[13,-55],[35,-30],[46,-3],[24,-75],[5,-98],[54,2],[56,39],[61,-19],[28,-47],[34,-22],[-14,-44],[-71,-8],[-40,-69],[23,-69]],[[11762,12676],[49,-11],[28,-20],[-32,-150]],[[11807,12495],[63,-9],[195,-94]],[[12065,12392],[31,92],[36,20],[-31,24],[-22,43],[-101,16],[3,83],[41,17],[20,36],[59,-5],[-12,47],[52,28],[17,-95],[30,-29],[42,10],[-3,-39],[80,-19],[3,-51],[103,14],[13,-71],[-96,3],[-4,-87],[69,-31],[33,-124]],[[12428,12274],[-43,13],[-17,0],[-2,-3],[-3,-5],[13,-14]],[[12376,12265],[86,-30],[50,-35]],[[12512,12200],[49,4],[41,23],[35,-4],[28,29],[72,20],[50,13],[42,27],[7,26],[44,32],[89,16],[44,21],[24,4],[95,-16],[24,12],[68,-3],[21,1],[13,-21],[24,-1],[12,24],[32,-9],[8,-29],[19,-14],[85,-2],[39,7]],[[13477,12360],[52,-20],[41,19],[39,0]],[[13609,12359],[15,-19],[11,-14],[41,-26],[36,-1]],[[13712,12299],[41,-50],[62,-22]],[[13815,12227],[60,-30]],[[13875,12197],[115,-48],[74,-47],[70,-36]],[[14134,12066],[81,-42],[59,-60]],[[14274,11964],[76,-61],[110,-63],[106,-58],[7,-19],[-12,-76],[11,-31],[17,-44],[81,-56],[48,-47],[36,-36],[52,-16],[10,-27],[-15,-18],[0,-34]],[[14801,11378],[58,-32]],[[14859,11346],[71,-30],[44,-42]],[[14974,11274],[25,-49]],[[14999,11225],[64,-13],[59,3],[79,14],[51,24],[48,84],[28,17]],[[15328,11354],[21,-51],[80,-77]],[[15429,11226],[46,-96],[35,-16],[15,17],[3,32],[19,6],[20,-46],[26,-35],[80,-3],[63,-16],[14,-30],[-34,-40]],[[15716,10999],[-26,-52],[23,-57],[9,-58]],[[15722,10832],[4,-75],[95,-82],[-3,-71],[-61,-71],[-139,-23]],[[15618,10510],[-84,-111],[-18,-33],[-31,-137],[-17,-40],[-20,-31],[-68,-53],[-36,-33],[-10,-24],[-15,-61],[-10,-24],[-18,-19],[-41,-34],[-13,-24],[2,-40],[-9,-37],[-25,-76],[-35,-70],[-37,-68],[-7,-24],[-8,-47],[-8,-31],[-29,-64],[-10,-50],[0,-101],[36,-111],[34,-61],[34,-73],[21,-83],[8,-44],[13,-68],[2,-53],[-25,-69],[-87,-73],[-51,-36],[-30,-38],[16,-69]],[[15042,8500],[231,78]],[[15273,8578],[38,15],[61,-39],[14,-65],[126,60],[65,41],[54,-15],[20,-44],[58,-6]],[[15709,8525],[45,51],[85,-5],[74,28],[34,-49],[79,5],[15,-52],[140,-20],[29,-31],[133,8],[211,-154]],[[16554,8306],[82,31],[42,38],[83,-15],[9,-38],[-46,-40],[88,-55],[5,-89],[-84,-150],[29,-39],[0,-129],[172,-86],[52,-36],[56,-16],[165,19],[26,-77],[77,-22],[50,19],[167,-159],[9,-87],[156,0],[25,-80]],[[17717,7295],[34,-45]],[[17751,7250],[63,44],[69,2],[33,28],[62,-12],[87,62],[59,52],[163,24]],[[18287,7450],[0,90],[-38,50],[41,86],[20,162],[72,-6],[149,-42],[101,23],[-50,90],[19,76],[74,18],[2,81],[82,169],[81,0],[44,52],[78,-4],[116,-133],[11,-11],[-9,-92],[130,-47],[91,-67],[75,-22],[-28,-41],[19,-36],[-12,-69],[-35,-41],[-6,-84],[-41,-58],[37,-93],[-6,-86],[20,-46],[-16,-104],[-36,-37],[10,-74],[-36,-92],[-113,-89],[69,-111],[20,-69],[-12,-61],[-176,-122],[83,-89],[-14,-71],[-58,-20],[-20,-92],[-58,-38],[44,-73],[9,-112],[18,-36],[16,-69],[28,-4],[82,11],[99,29],[62,-42],[92,-80],[48,-42],[-30,-79],[19,-93],[-13,-65],[-37,-70],[15,-69],[-25,-94],[-46,-17],[-9,-32],[-44,-37],[-146,121],[-84,-37],[-124,55],[-61,6],[-8,-52],[-58,-26],[-57,56],[-48,-49],[-101,47],[14,46],[-57,67],[-54,44],[-63,-43],[-45,41],[-12,89],[58,130],[-53,61],[-35,79],[-26,-18],[-24,-23],[-22,-75],[-116,36],[-39,-7],[-238,-128],[-108,31]],[[17788,5777],[-8,-58],[24,-98],[-30,-60],[-61,-12],[23,-51],[-95,-121],[-86,-33]],[[17555,5344],[56,-72],[-7,-110],[-45,-38],[31,-85],[-27,-101]],[[17563,4938],[38,-67],[-47,-125],[9,-35]],[[17563,4711],[73,5],[11,-85],[87,4],[21,-45],[74,7],[19,42],[110,34],[49,-25],[38,-91],[45,18],[34,-72],[-24,-23],[18,-87],[-52,-56],[-43,29],[-75,-52],[26,-105],[-83,-60],[-18,-119],[39,-109],[102,-59],[14,-30],[59,-36],[43,-140],[43,-29],[10,-61],[-30,-65],[-57,-53],[-38,-62],[-40,-46],[-80,-9],[-138,27],[-62,-68],[-126,71],[75,124],[-23,118],[-114,58],[-147,32],[-31,79],[35,34],[-6,74],[-87,63],[20,78],[52,56],[-1,55],[-75,0],[-117,153]],[[17193,4285],[-77,-28],[16,-45],[-70,-8],[-60,100]],[[17002,4304],[-86,-45],[-46,-80],[-188,-15]],[[16682,4164],[-83,-96],[-116,-35]],[[16483,4033],[-60,-40],[-147,96],[-58,-65],[22,-50],[-38,-70],[46,-9],[-7,-66],[-44,-36],[-6,-73],[-118,-9],[-49,60],[-143,-103],[-93,-2],[-69,47],[-114,-6],[-97,71],[-38,-31],[-78,81],[-67,116],[-63,139],[-30,67],[-144,66],[-2,49],[33,35],[-68,193],[-1,259],[32,29],[-6,79],[-67,-3],[-6,65],[74,20],[-12,100],[-36,-14],[-69,-45],[-40,-54],[7,-84],[-66,-58],[-94,37],[-99,139],[23,55],[-47,33],[-42,-26],[-178,-13],[-81,-60],[-42,-7],[-28,-70],[21,-18],[-18,-89],[15,-28],[-14,-35],[-46,-38],[-72,-25],[13,-98],[127,-93],[24,-78],[-34,-56],[40,-68],[-28,-39],[-6,-66]],[[14295,4144],[19,-53],[69,-21],[13,-80],[-19,-47],[26,-57],[-19,-56],[-43,-23]],[[14341,3807],[3,-109],[-58,-100],[-41,-28],[-18,-70]],[[14227,3500],[-16,-125],[-15,-103],[-51,7],[-49,-28],[-7,-92],[-29,-29],[-62,-11],[-29,-182],[-43,-64],[-48,7]],[[13878,2880],[-26,0],[-32,-3]],[[13820,2877],[-8,-45],[-83,-52],[-65,-134],[-185,-83],[-26,-22]],[[13453,2541],[34,-79],[48,-84],[-9,-48],[-35,-48],[-6,-53],[-14,-35],[-105,-14],[-132,-69],[-15,-26],[-35,-108],[41,-53],[28,-32]],[[13253,1892],[-44,-33],[-34,-43],[-49,-5],[-38,-23],[-33,-6],[-17,9],[-12,23],[-25,2],[-12,-18],[-15,9],[-26,-7],[-7,-19],[-15,-40],[31,-18],[15,-14],[2,-29],[2,-31],[-5,-22],[-24,-38],[-6,-41],[3,-39],[20,-6],[-9,-23],[-23,-3],[-18,-11],[-10,-37],[-15,-36]],[[12889,1393],[-31,-49],[-33,-37],[-20,-17],[-20,-4],[-25,29],[-39,34],[-3,23],[27,76],[-5,34],[-16,72]],[[12724,1554],[-6,26],[0,12],[10,21],[3,17],[32,43],[10,37],[1,11]],[[12774,1721],[-4,17],[-14,10]],[[12756,1748],[-38,-18],[-21,-30]],[[12697,1700],[7,-45],[0,-30],[-13,-19],[-30,-15],[-1,-13],[17,-31],[-3,-16],[-38,-12],[-38,12],[2,26],[12,15],[-11,21],[-10,4],[-25,-15]],[[12566,1582],[-10,-19]],[[12556,1563],[-36,30],[-44,65],[-42,29],[-40,7],[-118,26],[-17,-24],[-24,8],[2,24],[21,93],[19,28],[36,61],[60,24],[10,7],[26,49],[29,60],[-32,19],[26,49],[48,-14],[34,60],[-1,86],[-42,32],[-53,22],[-112,109],[-19,-26],[-78,-20],[-120,65]],[[12089,2432],[50,39],[42,51],[24,36],[44,33],[51,44],[34,17],[37,14],[36,15],[39,17],[42,8],[31,31],[-5,25],[-11,63]],[[12503,2825],[-43,50],[-49,34],[-22,-26],[-72,-26]],[[12317,2857],[-38,-5],[17,-89],[-23,-28],[-34,-42],[-43,1],[-65,49],[-119,-36],[-74,-88]],[[11938,2619],[-31,-93],[-72,-117]],[[11835,2409],[-47,-4],[-23,52],[-46,-3],[-55,21],[-42,67],[-155,-26],[-11,84],[-73,62],[45,68],[-131,67],[-3,17],[-14,62]],[[11280,2876],[-33,33],[-93,95],[-26,87],[-12,45],[-98,-4],[-40,49],[-135,43],[-25,75]],[[10818,3299],[-94,23],[0,65],[58,32],[-82,113],[-54,121],[66,21],[4,98],[44,24],[16,29],[29,27],[3,73],[-12,69],[35,57],[-13,107],[-21,46],[35,57],[-29,64],[21,33],[-45,74],[-15,62],[33,62],[-4,48]],[[10793,4604],[-41,23],[-24,51],[-92,-11],[-145,-49]],[[10491,4618],[-48,-25],[-73,8],[-86,-112],[-84,-56],[-73,6]],[[10127,4439],[-64,-108]],[[10063,4331],[52,-29],[38,11],[31,-48],[-4,-64],[-11,-72],[-129,-93],[-54,19],[-30,-40],[15,-36],[4,-69],[-72,9],[-19,-43],[-99,-27],[7,-63],[-39,-36],[-4,-62],[-39,-36],[-189,-46],[-95,41]],[[9426,3647],[-74,-67],[-33,-70],[-41,-22],[-32,-54],[-41,-19],[4,-27],[-24,-13],[30,-24],[67,-21]],[[9282,3330],[34,-84],[31,-7],[27,-52],[57,-10],[38,-111],[18,-95],[50,-48],[20,-66],[-74,-94],[26,-91],[-41,-75],[-43,-20],[-38,10],[-49,-39],[-17,-80],[-65,-57],[-126,-22],[-80,-28],[-73,-8]],[[8977,2353],[-15,-100],[-28,-42],[2,-88],[43,-114],[-77,-74],[17,-46],[-29,-39],[2,-56],[-50,5],[-54,-107],[-62,16],[-66,-14],[-57,12],[-164,-9],[-64,-109],[-57,-38],[4,-135],[-34,-37],[-6,-59],[34,-64],[-20,-41],[-61,-33],[-25,27],[-96,12],[-65,27],[-67,-71],[-161,141],[-68,14],[-67,-98],[-63,-3],[-56,71],[5,86],[-51,41],[-65,5],[-60,109],[-42,13],[-73,-36],[-80,12],[-50,-18],[-121,19],[-33,107]],[[6997,1639],[-52,-23],[-63,0],[-24,-63],[18,-95],[-36,-34],[-62,14],[-30,23],[-41,-7],[-43,8],[-36,-38]],[[6628,1424],[-50,-15],[-18,-28],[12,-80],[-62,-3],[-31,-25],[-39,-5],[-44,-70],[-103,-76],[-43,14],[-31,-55],[-51,-33],[-69,48],[-42,4],[-25,46],[-44,16],[-74,-34],[-33,20],[-18,33],[-84,18],[-22,-18],[-41,-91],[-81,-89],[-34,-9],[-18,37],[-48,-23],[-40,14],[-37,-15],[-12,-33],[-63,-43],[1,-80],[-48,-27],[-71,30],[-62,41],[-4,42],[-26,6]],[[5173,941],[-68,-37],[-15,-38],[-76,-48],[-63,-8],[-37,51],[-23,50],[15,29],[-61,56],[-15,44],[-51,41],[-9,71],[-82,73],[-38,103],[7,103],[-75,30],[-37,67],[16,43],[44,29]],[[4605,1600],[-54,40],[-12,74],[-44,-7],[-59,43],[-16,84],[-55,72],[-31,1],[-27,75],[-33,59]],[[4274,2041],[-45,39],[13,40],[-17,16],[-29,-18],[-71,-87],[-57,-10],[-20,-43],[-75,37],[-18,40],[36,113],[51,29]],[[4042,2197],[-1,66],[-42,54],[53,92],[-10,47],[42,56],[-33,0],[-49,-22],[-36,24],[-111,8]],[[3855,2522],[-45,33],[-94,-6],[-74,47],[-32,89],[10,74],[88,121]],[[3708,2880],[-41,139]],[[3667,3019],[69,125],[0,61],[57,37],[25,58],[55,42],[20,30],[10,86],[25,48],[-14,62],[-58,-3],[-79,68],[2,39],[-33,58]],[[3746,3730],[-46,21],[-46,-2],[-9,70],[-55,6],[-27,93]],[[3563,3918],[-33,44],[6,76],[91,33],[53,47],[-9,85],[17,26]],[[3688,4229],[80,-44],[30,-7],[69,14],[23,-8],[19,-13],[12,19],[-10,35],[6,5]],[[3917,4230],[7,6],[34,-11],[38,7],[47,4],[27,-11],[25,12],[79,-6],[20,15],[7,29],[26,40]],[[4227,4315],[-32,81]],[[4195,4396],[-10,30],[-16,19],[-24,-5],[-14,15],[-1,27],[-31,32],[-32,-8],[-62,21],[-5,26],[-58,12],[-27,12],[-24,44],[-53,13],[-21,15],[-11,39],[-80,12],[-63,13]],[[3663,4713],[-53,15]],[[3610,4728],[-42,4],[-76,39],[-34,40]],[[3458,4811],[-34,18],[-30,0],[-25,-18],[-38,0],[-35,25],[-44,40],[-55,29],[-58,19]],[[3139,4924],[-38,4]],[[3101,4928],[-14,8],[-94,-4]],[[2993,4932],[-41,12],[-52,15],[-79,28],[-40,34],[-24,-1],[-31,-3],[-25,-25],[-63,-37],[-92,2]],[[2546,4957],[-60,45],[-52,11],[-27,-16],[-38,-62],[-39,-13],[-21,-53],[-13,-15],[-34,1],[-39,-35],[-2,-40],[-8,-7],[-21,6],[-28,-31],[-56,-19],[-64,-11],[-48,-36],[-9,-16],[-36,-9],[-34,12],[-28,23],[-28,2],[-115,-20]],[[1746,4674],[-20,0],[-31,-26],[-26,-40],[-60,-45],[-16,-32],[-30,-38],[-10,-16],[-43,-26],[-26,-16],[-6,-57],[-34,-52],[2,-51],[-22,-13]],[[1424,4262],[-16,-33],[-46,17],[-20,-1],[-46,-39],[-65,-95],[-28,-29],[-63,-83]],[[1140,3999],[-17,-38],[-5,-53]],[[1118,3908],[-30,-85],[-23,-57],[-36,-39],[-24,-38],[-25,-35],[-24,-15]],[[956,3639],[-13,-85],[14,-39],[-8,-39]],[[949,3476],[-15,-46],[-21,-11],[-16,-38],[-22,-28],[1,-32],[-10,-79],[-8,-42],[16,-34],[1,-33],[1,-27],[-23,-24],[-7,-7],[28,-15],[79,47]],[[953,3107],[95,167],[-6,43],[9,78],[22,40],[46,9],[30,39]],[[1149,3483],[53,87],[29,22],[33,57],[-3,34]],[[1261,3683],[42,-9],[17,-72],[-19,-30],[-30,-14],[-31,-39],[35,-37],[17,-62]],[[1292,3420],[59,-45],[-5,-28],[27,-7],[53,35],[45,64],[31,-4],[-1,-27],[-14,-31]],[[1487,3377],[58,15],[16,-22],[-13,-70],[-60,-126],[-85,-64],[-71,-18],[-48,-31],[-36,4],[-73,-28]],[[1175,3037],[-25,-44],[-48,-27],[-35,-47],[-59,-26]],[[1008,2893],[11,-75],[-59,-50],[-126,-69],[-68,-42],[-151,14],[-18,50],[-25,-3],[-53,-15],[-84,14],[-20,-52],[-60,-40],[-50,42],[-67,-7],[-60,20],[-51,-1]],[[127,2679],[-26,-57],[-85,-32],[-16,23],[48,26],[14,25],[-14,29],[52,104]],[[100,2797],[29,47],[2,29],[26,-15],[9,5],[5,36],[6,36],[-55,51],[-84,38],[34,45],[1,41],[35,53],[42,-1],[9,24],[62,-1],[55,72],[41,18],[41,27],[50,-44],[41,58],[37,25],[28,-28],[86,33],[49,-53],[54,20],[45,44],[-17,64]],[[731,3421],[-79,109],[-3,63],[50,53],[40,6],[-10,46],[7,58],[22,32]],[[758,3788],[31,38],[34,62],[1,31],[83,73],[7,52],[44,41],[-36,56],[-12,30],[-37,-13],[-135,125],[-39,4],[-58,68],[-111,36],[-22,20],[48,99]],[[556,4510],[40,47],[-52,91],[9,73],[103,98],[71,181],[192,221]],[[919,5221],[-22,24],[-172,177],[182,181],[84,46],[202,199]],[[1193,5848],[71,86],[140,128],[7,32],[167,91],[227,142],[25,53],[67,17],[37,35],[-12,29],[53,51],[75,7]],[[2050,6519],[74,56],[22,34],[28,23]],[[2174,6632],[41,105],[-85,91]],[[2130,6828],[-15,68],[29,31],[19,110],[78,104]],[[2241,7141],[14,154],[2,110],[-126,228],[85,67],[76,111]],[[2292,7811],[67,65],[46,42],[35,-54],[280,104],[90,52]],[[2810,8020],[51,28],[60,-7],[83,57],[72,144],[100,69],[93,8]],[[3269,8319],[88,82],[-77,38],[-40,64],[44,18],[15,27],[1,19],[-11,17],[-1,18],[13,12],[39,17],[87,9],[43,29],[2,40],[-24,25],[0,27],[25,6],[26,28],[45,37],[61,13],[65,29]],[[3670,8874],[21,19],[35,8],[11,26],[18,3],[64,66],[36,18],[7,20],[24,19],[21,3],[43,60]],[[3950,9116],[-56,7],[-23,40],[102,52],[19,26],[23,-1],[5,44],[28,51],[36,31],[170,153],[57,32]],[[4311,9551],[41,65],[-22,47],[22,106],[-49,109],[29,30],[62,15],[43,-7],[25,23],[72,5],[50,40]],[[4584,9984],[39,72],[-28,47],[18,29],[88,11],[51,7],[44,31],[23,62],[-87,35],[22,74],[-44,7],[-9,36],[-93,31]],[[4608,10426],[-49,-60],[-118,-16],[-164,-14],[-57,-18],[-60,24],[-113,-34],[20,123],[47,48],[43,11],[10,86],[26,15],[-2,50],[108,-3]],[[4299,10638],[8,173],[100,15]],[[4407,10826],[28,72],[108,16],[21,81]],[[4564,10995],[-1,30],[-40,-2],[-27,70],[8,46],[-15,59],[94,53],[69,9],[66,-44]],[[4718,11216],[15,2],[103,-19],[40,-43]],[[4876,11156],[46,35],[42,18],[68,-10]],[[5032,11199],[67,57],[52,-12],[56,-37],[25,-37],[85,7],[86,20],[11,-34],[-35,-25],[-68,-136]],[[5311,11002],[0,-51],[-35,-83]],[[5276,10868],[94,-26],[42,-14],[79,27],[61,-15],[40,-100]],[[5592,10740],[97,37],[54,48],[51,-15],[37,33],[109,11]],[[5940,10854],[42,-2],[38,-31],[145,-24]],[[6165,10797],[167,88]],[[6332,10885],[38,86],[66,15]],[[6436,10986],[42,56],[-103,56],[-44,5],[52,106],[125,-63],[32,-41],[70,9]],[[6610,11114],[40,51],[19,34],[38,44]],[[6707,11243],[-18,42],[-38,29],[-13,34],[27,20],[28,-41],[34,15],[36,-18],[6,38],[25,37],[-64,37]],[[6730,11436],[-28,-21],[-33,1],[-18,56],[30,30],[57,26],[46,43],[108,64]],[[6892,11635],[21,35],[-10,24],[39,27],[78,-13],[8,40],[10,50],[50,-12],[14,-21],[2,-43],[51,-4],[32,14],[49,54],[38,57],[83,-27],[61,57],[41,-35],[-69,-68],[34,-27],[42,-55],[-13,-52],[-28,15],[-15,-4],[-11,-23],[-33,9],[-57,-20]],[[7309,11613],[-33,0],[-56,6]],[[7220,11619],[54,-60]],[[7274,11559],[126,-117],[45,-6],[44,16]],[[7489,11452],[72,29]],[[7561,11481],[41,16],[124,19]],[[7726,11516],[23,25],[158,54],[59,87],[25,97],[52,8],[38,-30],[48,5],[49,29],[99,5],[57,-31]],[[8334,11765],[55,-86],[-9,-98]],[[8380,11581],[39,-50],[66,0],[29,-14],[62,79],[38,3]],[[8614,11599],[183,-16],[57,-27],[103,32],[57,53],[63,-9],[44,-26],[50,21],[31,96],[34,45],[56,0]],[[9292,11768],[43,11],[-2,44],[50,25],[48,-13]],[[9431,11835],[105,72],[36,73],[64,26],[50,-27]],[[9686,11979],[15,-57]],[[9701,11922],[65,42],[92,2],[25,-19]],[[9883,11947],[90,-2],[39,-26],[-10,-77],[10,-30],[79,-64],[36,-39],[52,-14],[103,-3],[78,-24],[25,7],[15,52],[35,15]],[[10435,11742],[60,-32],[55,-26]],[[10550,11684],[49,-5],[112,35],[37,14],[48,18],[42,24]],[[10838,11770],[-31,42],[-79,-24],[-34,28],[-16,88],[87,54],[23,30],[105,15],[33,93],[99,3],[14,-36],[67,1],[34,-53],[35,-17],[15,-37],[-34,-19],[-32,-46]],[[11124,11892],[77,-9],[59,50]],[[11260,11933],[33,35],[3,36],[-32,74],[-6,93],[24,25],[11,33],[22,0],[18,-25],[-1,-26],[-31,-26],[6,-17],[33,4],[32,23],[20,43],[-10,40]],[[11519,12458],[43,-16]],[[11562,12442],[86,67],[48,-20]],[[11696,12489],[68,-8]],[[11764,12481],[-84,151]],[[11680,12632],[-49,-41],[-61,45],[-35,-28],[54,-84],[-55,-51],[-15,-15]],[[11279,9770],[149,-75]],[[11428,9695],[36,-14],[18,13],[18,1],[34,-19],[15,-21],[22,-40],[72,-66],[57,-44]],[[11700,9505],[42,-27],[57,-89]],[[11799,9389],[30,-9],[50,29],[99,19],[21,-13],[47,-7],[19,16],[57,-8],[9,45],[32,14],[20,25],[14,-7],[-8,-29],[-35,-30],[-13,-31],[42,-10]],[[12183,9393],[45,-13],[9,-29],[61,-2],[36,-21]],[[12334,9328],[30,6],[17,21],[6,46],[35,11],[49,15],[25,-4],[34,17],[18,-5],[24,-19],[51,17],[46,9],[45,22],[42,24],[2,15]],[[12758,9503],[18,27],[2,13],[-118,4],[-9,-17],[-36,-6],[-53,-24],[-51,-19],[-23,0],[-12,14],[-40,5],[-27,22],[-39,-4],[-7,-15],[3,-17],[-21,-8],[-46,9],[-29,30],[-40,5],[-20,27],[25,16],[-11,43],[-46,6],[-20,7],[-16,-3]],[[12142,9618],[-14,-3],[-23,-21],[-55,0],[-63,-9],[-101,-1],[-93,38],[-22,35],[-82,37],[-22,28],[-27,9],[-49,22],[-160,59],[-60,44],[-23,31],[-48,71]],[[11300,9958],[-51,82],[-26,30],[-14,37],[-3,27],[-26,63],[-16,35],[-3,31],[-15,21]],[[11146,10284],[-26,40]],[[11120,10324],[-26,6]],[[11094,10330],[-15,50],[-8,18]],[[11071,10398],[-6,15]],[[11065,10413],[-10,-5],[-9,-4],[-7,-3],[-3,-19],[-2,-59],[0,-22],[29,-83]],[[11063,10218],[21,-24],[35,-86],[24,-88]],[[11143,10020],[47,-58],[37,-75],[16,-52],[18,-22]],[[11261,9813],[18,-43]],[[11541,10460],[-14,-10],[-4,-23],[2,-32],[17,-28]],[[11542,10367],[16,-22],[15,-7],[11,-28],[15,-14],[21,-4],[35,-51],[20,-45],[11,-19],[-1,-21],[8,-18],[28,-2],[-2,17],[9,14],[24,1],[7,18],[0,27],[-42,25],[-28,22],[-8,20],[2,39],[-6,19]],[[11677,10338],[-35,57],[-27,14],[-43,57],[-31,-6]],[[5118,8584],[-85,-53],[-10,-32],[-22,-27],[-83,-43]],[[4918,8429],[-20,1],[-36,-20],[-5,-11],[9,-13]],[[4866,8386],[17,-29],[23,-2],[17,2],[35,1],[47,30],[47,37]],[[5052,8425],[59,43],[27,55],[-2,12],[9,13],[28,-13],[3,-15],[-14,-21],[-27,-27],[-21,-32],[-50,-34],[-85,-57],[-2,-10],[19,-30],[14,-8],[44,2],[81,34],[30,21],[15,7],[27,-2],[32,16],[32,34],[16,18],[3,15],[1,21],[7,8],[17,-13],[21,11],[15,32],[42,78]],[[5393,8583],[14,16],[6,15],[-6,16]],[[5407,8630],[3,24],[26,33],[11,32],[20,20],[14,54]],[[5481,8793],[33,52],[32,41],[-2,13],[-11,8],[-41,-19],[-30,-27],[-20,-18],[-54,-56],[-51,-36],[-41,-53],[-94,-61],[-84,-53]],[[4733,7964],[22,18],[-39,73],[-45,49]],[[4671,8104],[-19,-7]],[[4652,8097],[-18,-20],[-11,14],[-19,0],[-13,-12],[-60,13],[-15,25],[-25,14],[-31,8],[-47,-33]],[[4413,8106],[-37,-32],[-2,-17],[-18,-17],[-28,0],[-7,-17],[-51,-18],[-24,-15],[-18,6],[-45,-26],[-7,-13],[-25,-17],[-55,-6],[-42,-19],[-47,-39],[5,-86],[-16,-32],[-1,-37],[-45,-28],[-59,-15],[-32,-38]],[[3859,7640],[1,-34],[-10,-10],[-26,6],[-109,-71],[-95,-119],[-19,-21],[-35,-19],[-22,-31],[-20,-42],[-14,-23],[-5,-26]],[[3505,7250],[-13,-37],[-34,-28],[-26,-9],[-37,-45],[-20,-3],[-43,-25]],[[3332,7103],[-59,-74],[-29,-10],[-17,-18],[-18,-6],[-18,-36],[-20,-11],[-10,-14],[-26,-6],[-44,-25],[-104,-86],[2,-35]],[[2989,6782],[3,-18],[25,-27],[21,-24],[49,5],[15,10],[28,2],[22,21],[183,94],[58,4],[22,-9],[20,7],[37,-28],[37,2],[37,38]],[[3546,6859],[110,115],[64,63]],[[3720,7037],[20,17],[24,4],[57,26],[63,69],[29,26],[22,7],[7,15],[19,12],[20,13],[18,29],[79,96]],[[4078,7351],[45,42],[0,19],[90,55]],[[4213,7467],[13,-1],[9,15],[3,16],[27,12],[65,51],[18,24],[31,20]],[[4379,7604],[73,65],[-2,19],[13,17]],[[4463,7705],[68,43],[120,75],[12,28],[31,29],[15,28]],[[4709,7908],[0,22]],[[4709,7930],[-12,11]],[[4697,7941],[20,6],[16,17]],[[7744,5886],[33,-9],[59,8],[78,26]],[[7914,5911],[44,30],[20,-2],[34,-28],[28,9],[20,22],[11,21],[-5,19],[-22,9],[-51,55],[-47,15],[-34,6],[-58,-21],[-62,0],[-29,-12],[-39,9],[-26,77],[-73,81],[-74,26],[-86,33],[-38,62],[-34,9],[-48,38],[-45,54],[-41,27],[-32,-24],[8,-14],[-18,-56],[-2,-58],[24,-16],[19,3],[9,-9],[12,-13],[2,-31],[66,-54],[16,-36],[29,-16],[45,-2],[35,-17],[21,-35],[31,-15],[17,-23],[-6,-44],[93,-44],[74,-23],[42,-37]],[[8314,6109],[32,2],[17,-8],[5,-13],[86,-4],[88,65],[19,33],[31,25],[65,29],[81,53],[18,21],[97,56]],[[8853,6368],[47,34],[58,19],[38,-7],[10,5],[-5,13],[7,14],[-6,37],[-28,26],[-35,-9],[-73,29],[-42,-20],[-38,0],[-73,-43],[-29,-27],[-5,-22],[-21,-19],[-26,-8],[-68,-66],[-27,-17],[-18,-27],[-58,-47]],[[8461,6233],[-43,-35],[-41,-15],[-20,-26],[-49,-33]],[[8308,6124],[-2,-10],[8,-5]],[[9740,9804],[3,22],[-4,13],[-29,94],[-22,102],[-10,21],[-24,31],[-16,11],[-11,-2],[3,-13],[-11,-7],[-7,-44],[12,-67]],[[9624,9965],[24,-111],[3,-15],[10,-50],[13,-14],[3,-28],[28,-74]],[[9705,9673],[20,-40]],[[9725,9633],[14,2],[11,12],[0,11],[-13,15],[11,31],[15,31],[-3,23],[-20,46]],[[9836,9446],[-12,9],[-8,-5],[0,-19],[5,-16],[-10,-5],[-1,-12],[35,-56],[11,-29],[12,-7],[1,-18],[29,-53],[15,-8],[6,-16],[13,-8],[7,1],[-1,13],[9,7],[5,22],[-6,27],[-12,28],[-14,22],[-23,101],[-15,21],[-24,-2],[-22,3]],[[10609,8500],[19,57],[19,34],[-4,13],[-15,2],[-61,-95],[-15,-19],[-13,-5],[-17,5],[-37,-33]],[[10485,8459],[-17,-29],[-29,-23],[-89,-95],[-25,-20],[-34,0],[-5,32]],[[10286,8324],[-44,47],[-50,53],[-31,-2],[-52,-2],[-10,-11],[21,-16],[19,-15],[45,-44],[20,-29],[20,-23],[4,-16],[-15,-37],[20,-70],[7,-44],[-51,-32],[-36,21],[-15,47],[-33,-9],[-17,-15],[32,-58]],[[10120,8069],[16,-57],[-15,-17],[-1,-43]],[[10120,7952],[32,-2],[39,15],[16,-7],[62,18],[32,58],[31,33],[5,23],[18,16],[65,-2]],[[10420,8104],[42,8],[121,-11],[22,-1]],[[10605,8100],[137,-13],[6,-14],[-15,-19],[-73,-7],[-93,-48],[1,-36]],[[10568,7963],[24,-12],[5,-17]],[[10597,7934],[73,-11]],[[10670,7923],[23,-12],[79,-1],[17,-7],[38,-36],[68,-16],[75,10],[53,35],[97,27],[47,23],[13,18],[46,27]],[[11226,7991],[46,25],[26,2],[21,-11],[3,-20],[-20,-50],[13,-53],[-3,-31],[-21,-43],[-17,-74],[-19,-78],[40,-49],[33,-25],[-4,-13]],[[11324,7571],[-13,-49]],[[11311,7522],[8,-89],[26,-39],[21,-2],[1,25],[30,36],[49,26],[-2,34],[-12,17],[7,29],[-7,24],[-38,39],[-10,33]],[[11384,7655],[40,105],[-2,34]],[[11422,7794],[-25,55],[-22,95],[7,43],[2,24],[-9,11],[-5,28],[-30,-1],[-36,14],[-12,11],[-3,17],[-19,9],[-49,-12],[-65,-51]],[[11156,8037],[-30,-16],[-57,-5],[-81,33],[-69,-10],[-37,-7],[-53,16]],[[10829,8048],[-20,3]],[[10809,8051],[-9,13],[10,18],[35,23],[-16,69],[-30,21],[-29,41],[-42,-2],[-22,14],[-35,26],[-34,11],[-66,-20],[-47,4],[-33,-20],[-28,19],[35,54],[61,45],[20,32],[16,21],[1,44],[13,14],[0,22]],[[10761,8840],[29,-23],[40,5],[20,-9],[2,-17],[-8,-13],[-21,-17],[-22,-6]],[[10801,8760],[-8,-22],[-12,-18],[-26,-17],[-3,-12],[28,-36],[37,-25],[37,-34]],[[10854,8596],[14,-6],[13,-17],[39,-32],[26,-15],[24,-41],[16,4],[27,36],[8,14],[-6,31],[-19,43],[0,47]],[[10996,8660],[-16,28],[-28,28],[-18,35],[-22,19],[-18,55],[-17,26],[-3,24],[13,17],[0,15],[8,11],[15,15],[8,21],[-4,68],[22,42],[-1,14],[20,73],[-10,19],[-19,2],[-21,18],[-14,5],[-16,16],[-35,2],[-19,-10],[-3,15],[-26,19],[-55,-17],[-36,-33],[-4,-21],[12,-19],[13,-14],[12,-33],[-5,-14],[14,-9],[-7,-31],[-17,-26],[2,-38],[32,-17],[21,14],[14,-7],[-5,-16],[-34,-42],[0,-57],[12,-17]],[[9309,9175],[-14,-10]],[[9295,9165],[14,-19],[-12,-24],[1,-21],[7,-19],[-6,-29],[8,-27],[24,-26]],[[9331,9000],[72,-81],[98,-68],[38,-27],[21,2]],[[9560,8826],[22,35]],[[9582,8861],[13,22],[-4,33],[-30,50],[-43,33],[-82,60],[-44,51],[-49,48],[-34,17]],[[12214,8646],[29,17]],[[12243,8663],[11,31],[-21,21],[-27,10],[-36,27],[-1,29],[-17,52],[3,57],[-32,78],[8,16],[-16,30],[8,17],[7,18],[0,15],[-15,-7],[-14,8],[-3,18],[-18,3],[-6,-24],[-17,-8],[-17,-5],[-16,8],[-12,-13],[-6,-30],[-15,-16],[6,-10],[16,4],[13,-33],[40,-63],[3,-41],[13,-13],[23,-21],[-17,-28],[7,-26],[20,-5],[9,-17],[20,-5],[27,-45],[29,-19],[13,-11],[1,-19]],[[10101,7883],[-16,-11],[-20,-3],[-22,-12],[-21,-28],[-29,-13],[-9,-25],[15,-5],[8,0],[8,14],[13,0],[4,-14],[7,4],[9,-4],[1,-11],[12,0],[30,23]],[[10091,7798],[81,48],[15,16],[31,23],[8,14],[-2,14],[-17,35],[-14,7],[7,-28],[-6,-15],[-16,-11],[-20,-2],[-26,-17],[-31,1]],[[9607,7160],[-5,-12],[5,-8]],[[9607,7140],[17,-12],[8,-11],[13,-2],[5,-5],[-2,-11],[6,-2],[11,9],[34,40],[4,27],[39,29],[23,31],[17,4],[36,37],[1,28],[9,19],[1,33],[-2,15],[-6,6],[-7,-3],[-13,-4],[-12,3],[-5,-20],[-20,-24],[-6,-26],[-41,-29],[-86,-45],[-11,-39],[-13,-28]],[[13596,8941],[27,-15],[55,-8],[44,-18],[94,-20]],[[13816,8880],[89,-15],[26,14],[21,-9],[7,-13],[116,13],[27,19],[92,-18],[30,3],[33,15]],[[14257,8889],[25,9]],[[14282,8898],[2,25]],[[14284,8923],[13,35],[-8,11],[-100,1],[-25,-6],[-82,9],[-155,-12],[-30,0],[-81,23]],[[13816,8984],[-120,-1],[-18,12],[-24,2],[-12,-10],[-12,4],[-9,15],[-48,-1],[-29,12],[-50,-1],[-14,-22],[-17,-8],[-21,4],[-8,-3],[1,-10]],[[13435,8977],[34,-28],[56,-8],[71,0]],[[11313,8898],[-23,-15],[-1,-10],[42,-7],[42,-17],[41,-25],[16,-7],[1,-39],[23,-29],[16,-5],[22,12],[12,31],[-1,37],[-25,32],[-13,38],[-19,25],[-44,19],[-18,-8],[-28,14],[-14,21],[-27,-5]],[[11315,8960],[-32,10],[-13,-5],[10,-15],[20,-12],[13,-40]],[[5005,6123],[-24,10],[0,14],[-19,19],[-9,31],[5,11],[38,13],[5,28],[17,17],[-14,7]],[[5004,6273],[-20,-12],[-7,-22],[-8,-8],[-14,3],[-7,-17],[-30,-12]],[[4918,6205],[0,-12],[14,4],[7,-9],[0,-16],[-14,-8],[-3,-31],[5,-12],[23,-4],[9,-17],[17,17],[9,-4],[-11,-12],[0,-20],[-13,-4],[-8,-15],[-16,-7],[-34,-42],[-2,-31],[-12,-20],[-18,-12],[11,-14],[21,3],[9,22],[22,-8],[4,-11],[-20,-40],[12,-38],[-10,-70],[5,-52],[-6,-36],[11,-5],[-6,-15],[15,-42],[4,-30],[15,6],[15,-15],[10,5],[-3,60],[-2,63],[-12,19],[-2,50],[-13,16],[-3,59],[7,18],[-2,17],[15,18],[-17,48],[22,31],[14,-3],[13,26],[-4,21],[24,-3],[17,11]],[[5037,6061],[13,16],[4,12],[-7,9]],[[5047,6098],[-13,-17],[-13,-5],[-13,9],[-3,38]],[[4812,7689],[-20,-34],[-42,-21],[-39,-45],[-30,-27],[5,-33],[27,-39]],[[4713,7490],[31,-24],[30,-6],[42,1],[84,48]],[[4900,7509],[23,30],[-5,23],[7,7],[16,-11]],[[4941,7558],[28,6],[41,36]],[[5010,7600],[44,47],[50,50],[1,24],[-44,63],[-40,8],[-79,-42],[-130,-61]],[[1443,5719],[155,138],[41,25],[8,17],[-2,28],[27,41],[-5,11],[-15,2],[-22,-29],[-149,-108],[-130,-109],[-40,-58],[-21,-15],[-1,-22],[12,-9],[26,25],[10,-8],[9,5]],[[1346,5653],[14,12],[9,13],[15,2],[6,15],[25,15],[28,9]],[[13141,1583],[88,-24],[13,-83],[-9,-42],[35,-33],[-20,-57],[45,-19],[56,6],[36,-33],[38,-1],[-2,-34],[75,-30],[4,-77],[43,20],[-6,-41],[-22,-64],[-50,-73],[-57,-12],[-12,-110]],[[13396,876],[-68,-100]],[[13328,776],[-2,-106],[-69,-34],[-107,22],[14,83],[-79,7],[-11,-32],[-68,17],[-21,47],[-41,5],[-57,-25],[-12,-46],[-40,6],[-50,-19],[8,81],[86,138],[30,-1]],[[12909,919],[26,21],[-11,13],[-40,7],[-33,136],[-34,24],[15,44],[-11,40]],[[12821,1204],[-16,36]],[[12805,1240],[31,16],[61,89],[37,36],[14,2],[42,-31],[40,-35],[13,-33],[7,-85],[16,-14],[12,11],[8,37]],[[13086,1233],[3,40],[-30,59],[-13,12],[-24,22],[-21,41],[4,47],[-10,21],[-14,5],[4,22],[22,-2],[9,52]],[[13016,1552],[39,-10]],[[13055,1542],[15,60],[-11,76]],[[13059,1678],[30,32],[70,30],[28,12],[16,23],[60,20]],[[13263,1795],[29,-51],[-34,-8],[-6,-30],[-35,-2],[-8,-41],[-56,-11],[-10,-40],[-12,-15],[10,-14]],[[11710,9137],[-112,-26],[-23,68],[-35,-1],[-35,-17],[-20,1],[-5,19],[-28,-3],[-32,17],[3,18],[16,21],[-31,50],[-2,18],[-14,9],[4,14],[-15,34]],[[11381,9359],[-33,36],[-18,-13],[-22,9],[-14,43],[-44,-10],[-11,14],[7,26],[-21,10]],[[11225,9474],[-19,-7],[-132,32]],[[11074,9499],[-189,-66],[-38,-9]],[[10847,9424],[-39,-14]],[[10808,9410],[-143,92]],[[10665,9502],[-104,-2],[-22,64],[1,18],[-9,13],[8,17],[-13,17],[0,14],[-12,10]],[[10514,9653],[-4,6],[-24,30],[-7,16],[11,16],[-1,18],[-13,9],[-6,15],[2,20],[5,20],[-2,13],[-15,14],[-13,18],[-19,50],[-12,23]],[[10416,9921],[109,23],[58,50],[32,89],[21,4],[42,69],[-7,42]],[[10671,10198],[-72,-45],[-85,13],[15,55],[-41,93],[-8,77],[13,17],[-33,24],[-4,27],[-15,121],[-143,26],[-1,25],[84,12],[19,152],[-25,4],[10,38]],[[10385,10837],[-21,70],[38,30],[-95,104],[38,27],[-8,66],[-43,-4],[-10,184]],[[10284,11314],[66,16],[39,105],[23,-8],[20,-4],[25,41],[-14,40],[74,39],[4,100],[29,41]],[[11124,11892],[-26,-13],[-47,-35]],[[11051,11844],[-33,-28],[-10,-77],[49,-9],[36,-134],[36,31]],[[11129,11627],[21,113],[65,103],[40,22],[5,68]],[[11298,12354],[32,44],[43,-2]],[[11373,12396],[4,85]],[[11377,12481],[29,4],[51,12],[62,-39]],[[11562,12442],[-5,-47],[41,-74],[47,-102],[121,-49],[62,3],[66,-20],[73,66],[138,105],[19,2],[9,-83],[46,-14],[46,-18],[-4,-62],[-86,-185],[-25,-27],[-43,35],[-162,72],[-41,-85],[38,-99],[58,4]],[[11960,11864],[151,-47],[54,-89]],[[12165,11728],[118,4],[52,-47],[-86,-66]],[[12249,11619],[49,-131],[113,-12]],[[12411,11476],[26,-6],[57,-6]],[[12494,11464],[47,-25],[-12,-137]],[[12529,11302],[12,-112],[-51,-21],[-6,-73],[46,-43]],[[12530,11053],[42,-126],[117,-42],[-2,-29],[-78,-4],[-18,-172],[0,-22],[147,-83],[10,-73]],[[12748,10502],[128,-185],[54,-170],[-41,-78]],[[12889,10069],[-76,-18],[-86,-114],[52,-37],[-51,-129],[-212,-54],[-63,-49],[-177,30]],[[12276,9698],[-81,-17]],[[12195,9681],[-53,-63]],[[12142,9618],[54,-114]],[[12196,9504],[-65,15],[-222,-74],[-98,-52],[-12,-4]],[[11799,9389],[-138,-125],[3,-61],[45,-45]],[[11709,9158],[1,-21]],[[5045,7442],[-16,73]],[[5029,7515],[91,19]],[[5120,7534],[9,-55],[-62,-44],[-22,7]],[[5465,3793],[-26,139],[-13,65],[-10,52],[-62,73]],[[5354,4122],[76,221]],[[5430,4343],[-68,163],[117,16],[43,75],[-29,170],[-7,39],[70,138],[39,78],[-13,49],[-40,151]],[[5542,5222],[104,59],[87,141],[77,-30]],[[5810,5392],[92,79],[-32,283]],[[5870,5754],[71,33],[2,85],[64,0],[32,-53],[106,58],[-4,120],[16,96],[-131,50],[-16,6],[16,84],[-211,66],[17,168],[-35,104]],[[5797,6571],[-22,41],[54,107],[-4,31],[75,136],[0,63]],[[5900,6949],[42,63],[-118,108],[62,67],[93,-83],[89,86]],[[6068,7190],[-19,129],[-6,35],[-48,-7],[-30,43],[-229,-32],[-103,56],[-73,-2],[-40,38],[-28,-9],[-26,-33]],[[5466,7408],[-95,11],[-32,9],[66,77],[8,58],[26,33]],[[5439,7596],[-31,73],[17,67]],[[5425,7736],[-24,77],[-35,0],[1,16],[121,69],[34,37],[-6,64],[-27,21]],[[5489,8020],[-30,67],[-67,-17],[-53,-28],[-37,-20]],[[5302,8022],[-32,-17]],[[5270,8005],[-47,-26]],[[5223,7979],[-27,-7]],[[5196,7972],[-30,-8]],[[5166,7964],[-37,-9]],[[5129,7955],[-188,-45],[-21,4],[-29,-10],[-139,23],[-43,3]],[[4697,7941],[13,4],[-58,152]],[[4671,8104],[10,41],[7,46],[-2,22]],[[4686,8213],[0,39],[17,29],[27,29],[43,27],[40,7],[25,10],[28,32]],[[4866,8386],[52,43]],[[4918,8429],[-45,114],[43,35]],[[4916,8578],[-12,43],[-184,131],[-73,22]],[[4647,8774],[71,79]],[[4718,8853],[-29,31]],[[4689,8884],[-55,-36],[-51,4],[-100,-49],[-53,-11],[-85,-13],[-54,-19]],[[4291,8760],[-90,-28],[-136,-83],[-82,-43],[-25,32],[11,23],[98,190],[-33,86],[-70,179]],[[3964,9116],[45,54],[49,-150],[136,81],[104,106],[21,32]],[[4319,9239],[29,13]],[[4348,9252],[17,-43],[120,-29],[45,82]],[[4530,9262],[89,36]],[[4619,9298],[40,19],[34,62],[6,13],[39,73],[13,35],[49,28],[-7,58],[4,8],[91,38]],[[4888,9632],[39,-69],[261,59],[-7,144]],[[5181,9766],[86,35],[6,54],[-29,62]],[[5244,9917],[47,7]],[[5291,9924],[132,8],[19,-42]],[[5442,9890],[10,1],[83,-5],[95,-18],[55,-1],[51,-5]],[[5736,9862],[115,22],[120,1]],[[5971,9885],[48,-45],[30,-63],[-65,-16],[-4,-72]],[[5980,9689],[32,-61]],[[6012,9628],[98,69],[101,-10],[0,161],[15,100]],[[6226,9948],[-203,-37]],[[6023,9911],[-28,20]],[[5995,9931],[29,65],[5,1],[135,69],[16,-4],[16,-5],[8,-15],[129,-39],[81,9],[7,2]],[[6421,10014],[135,-10],[70,-31]],[[6626,9973],[269,123],[-15,43],[-88,-37],[-40,17]],[[6752,10119],[132,127]],[[6884,10246],[82,-98]],[[6966,10148],[-33,-41],[-2,-31],[-101,-130],[-104,-34]],[[6726,9912],[-83,-27],[-51,-21],[-20,-41],[-51,-87],[-85,-11]],[[6436,9725],[-69,-36]],[[6367,9689],[-55,-33],[19,-59]],[[6331,9597],[-39,-15],[-301,-146]],[[5991,9436],[17,-64],[41,-100],[48,18],[64,-69],[40,-95],[-32,-45],[44,-7]],[[6213,9074],[34,15],[39,-3],[24,19],[6,26],[15,19],[31,7],[12,21],[-1,27],[7,21],[19,4],[8,-16],[11,-17],[16,1],[14,14],[5,19]],[[6453,9231],[-3,20],[9,9],[23,-5],[80,12],[16,-109],[69,-13],[-67,-103]],[[6580,9042],[-35,-19],[-71,26],[-63,-38],[5,-29],[-61,-30]],[[6355,8952],[-20,-33],[59,-45],[18,-32],[-53,-2]],[[6359,8840],[-93,-32],[-81,47],[-64,-20]],[[6121,8835],[46,-171],[127,-1],[13,5],[78,27],[5,-121],[35,-45]],[[6425,8529],[48,11],[50,16],[18,27],[12,41],[-26,36],[-26,83],[58,25],[21,9],[52,23],[54,36],[42,79],[63,99],[-33,49]],[[6758,9063],[5,14]],[[6763,9077],[67,15]],[[6830,9092],[85,31],[67,-23]],[[6982,9100],[48,-107]],[[7030,8993],[16,26],[63,7],[62,12],[11,-9],[96,-26],[34,16]],[[7312,9019],[0,69]],[[7312,9088],[83,38],[4,25],[-11,78],[15,40],[-51,64],[-63,4],[8,53],[-3,6]],[[7294,9396],[-36,69],[1,50],[-84,-5]],[[7175,9510],[-14,32],[-86,69]],[[7075,9611],[0,37],[-10,82]],[[7065,9730],[-43,53],[-19,27]],[[7003,9810],[114,25],[25,5],[154,9]],[[7296,9849],[7,3]],[[7303,9852],[41,25],[58,26],[43,19]],[[7445,9922],[226,-214],[79,-12]],[[7750,9696],[46,77],[74,-86]],[[7870,9687],[60,69],[17,8],[8,-10],[1,-16],[38,-20],[44,27]],[[8038,9745],[12,-76],[46,-120]],[[8096,9549],[-1,-74],[34,-33],[47,-124],[10,7],[91,-145],[-17,-67],[23,-116]],[[8283,8997],[17,-120]],[[8300,8877],[-52,-26]],[[8248,8851],[-27,-49],[34,-169],[-10,-58],[28,-12],[-46,-183]],[[8227,8380],[103,-125],[41,-152],[75,26],[92,-29],[51,8]],[[8589,8108],[-1,-162],[-28,-70]],[[8560,7876],[-130,-226],[-178,-68],[-24,-60],[67,-52],[-41,-107],[-62,-28]],[[8192,7335],[49,-240]],[[8241,7095],[123,-107],[102,-89],[122,-105],[11,-33]],[[8599,6761],[3,-16],[34,-28],[97,-78],[153,91],[111,-12]],[[8997,6718],[92,-3]],[[9089,6715],[88,0]],[[9177,6715],[57,-79],[83,-21],[106,-95]],[[9423,6520],[90,44],[95,53],[137,-58],[73,56]],[[9818,6615],[180,-90],[169,130],[202,83]],[[10369,6738],[84,-68]],[[10453,6670],[35,-74],[88,51],[125,-18],[8,-43]],[[10709,6586],[-38,-71],[66,-262]],[[10737,6253],[-6,-142],[-102,-17],[-119,43],[-1,-116],[64,-123]],[[10573,5898],[-98,-50],[-83,-87],[-25,-326],[-88,-117],[-132,-76],[-131,-84],[-105,-57]],[[9911,5101],[-86,-21],[-226,-36],[-44,58],[-199,30],[-47,64],[-188,52],[-52,-18],[-170,83],[-103,-46]],[[8796,5267],[-40,-58],[-69,-25],[-38,-39],[53,-101],[-31,-67],[-110,-40],[-51,-75]],[[8510,4862],[-218,-107],[-152,-3]],[[8140,4752],[-320,-245],[-95,-76],[-39,-27]],[[7686,4404],[-137,-47]],[[7549,4357],[-55,69],[-284,115],[-67,-58],[-47,-130],[-68,-10],[-101,10],[-112,-37],[-34,-82],[126,-49]],[[6907,4185],[-73,-74],[-133,-8],[-34,-40],[-54,6]],[[6613,4069],[-32,92],[-91,-54],[-84,59],[-167,-76],[-75,-56]],[[6164,4034],[-98,-78]],[[6066,3956],[-175,-62],[-40,25],[16,180],[-219,-108],[2,-125],[-40,-51],[-145,-22]],[[5463,7600],[57,78]],[[5520,7678],[-53,-48],[-4,-30]],[[7425,9092],[-22,-57],[68,-7],[44,57],[-38,25],[-52,-18]],[[9094,7293],[-20,-115]],[[9074,7178],[-88,-130],[-11,-17],[60,-111],[36,-68],[-8,-16],[-66,-118]],[[8096,9549],[236,52]],[[8332,9601],[117,-30]],[[8449,9571],[47,-12],[117,119],[-46,128]],[[8567,9806],[199,33],[31,-54],[38,-57],[9,-113]],[[8844,9615],[200,17],[-28,34],[0,21],[68,-2],[65,51]],[[9149,9736],[51,-23],[26,-65],[12,-28]],[[9238,9620],[64,-19],[24,13]],[[9326,9614],[54,25],[135,40],[20,-17],[3,-33]],[[9538,9629],[-101,-40],[45,-47],[29,-40],[12,-23],[118,27],[14,137],[50,30]],[[9705,9673],[35,131]],[[9740,9804],[59,-2],[68,94]],[[9867,9896],[166,-94]],[[10033,9802],[7,-105]],[[10040,9697],[31,-28],[19,-36],[18,-35]],[[10108,9598],[3,-56],[14,-47]],[[10125,9495],[31,-62],[7,-17],[11,-54],[41,-114]],[[10215,9248],[37,-127],[45,-46],[1,-23],[17,-46],[53,-18]],[[10368,8988],[130,-33]],[[10498,8955],[28,19]],[[10526,8974],[22,-58],[-7,-44],[21,-11],[123,55],[24,-81],[52,5]],[[10761,8840],[56,48],[57,-79],[-2,-86]],[[10872,8723],[-71,37]],[[10801,8760],[-23,29],[-84,-4],[-128,-55],[-56,-143],[-76,-57],[2,-16]],[[10436,8514],[49,-55]],[[10485,8459],[124,41]],[[10609,8500],[135,-95]],[[10744,8405],[57,-44]],[[10801,8361],[165,-134]],[[10966,8227],[-18,-109],[-119,-70]],[[10809,8051],[-34,13]],[[10775,8064],[3,82],[-175,47],[2,-93]],[[10605,8100],[-7,-40],[-173,-6]],[[10425,8054],[-5,50]],[[10420,8104],[-4,90],[-66,14],[-142,-198],[-66,66],[-22,-7]],[[10120,8069],[-228,-17]],[[9892,8052],[-68,-65],[-26,37],[-42,4],[-41,-74],[46,-49]],[[9761,7905],[-111,-41],[-65,30],[-107,-54],[-50,-36],[63,-116],[-32,-38]],[[9459,7650],[-95,-71],[-98,-189],[-36,16],[24,82],[-59,23],[-38,-37],[-67,-66],[4,-115]],[[10854,5093],[-226,123],[-85,244],[66,262]],[[10609,5722],[9,141],[-45,35]],[[10709,6586],[184,61],[-33,111],[-13,52],[18,213],[88,87],[-40,51],[-115,6]],[[10798,7167],[-17,137],[50,39],[-22,68],[-67,31],[24,48]],[[10766,7490],[59,57],[53,25],[68,-7],[157,69],[-2,72],[57,27],[-5,54],[-6,71],[80,105],[-1,28]],[[11226,7991],[-14,40]],[[11212,8031],[48,20],[63,-18],[26,-21],[5,-29],[-12,-46],[11,-41],[5,-105],[64,3]],[[11422,7794],[73,-15],[200,-42],[18,-26],[92,-143],[85,76],[176,91],[90,-65],[79,68],[69,-35],[4,-84],[92,-59],[-3,-136],[11,-33],[152,111],[207,109]],[[12767,7611],[52,-79],[27,-41],[1,-11],[13,-149],[-357,-217],[45,-81],[-14,-95]],[[12534,6938],[-130,-122],[-76,-14],[-7,-47],[31,-115],[-62,-25],[-24,-170],[-130,-59],[-61,112],[-87,-68],[-18,-128],[-143,-108],[-71,17]],[[11756,6211],[-83,-63],[6,-97]],[[11679,6051],[23,-79],[-102,-92],[-12,-92],[119,-122],[1,-227]],[[11708,5439],[-59,-23],[-100,-81],[-108,82],[-104,-34],[-77,71],[-161,29],[-63,-73],[-20,-155],[17,-88],[-149,-34],[-30,-40]],[[11212,8031],[-119,-70]],[[11093,7961],[-99,0],[-97,-23],[-133,49],[11,77]],[[10801,8361],[-45,33],[-12,11]],[[10872,8723],[124,-63]],[[10996,8660],[187,41],[27,-77]],[[11210,8624],[63,13],[85,43],[126,9],[50,64],[94,81],[62,133],[4,59],[54,34]],[[11748,9060],[-38,77]],[[12196,9504],[38,-39],[42,-23],[53,-10],[36,1],[393,70]],[[12758,9503],[64,-10],[39,7]],[[12861,9500],[16,3],[13,-9],[7,-23],[-69,-86],[20,-98],[36,-31]],[[12884,9256],[45,30],[102,-63]],[[13031,9223],[-143,-218],[-11,-17]],[[12877,8988],[9,-14],[13,-103],[0,-19]],[[12899,8852],[-4,-72],[-71,-79],[32,-96],[-51,-172]],[[12805,8433],[-98,-64],[-101,-38],[-22,-82],[66,-24],[71,-111],[101,-187],[95,-59],[-68,-134],[36,-67],[-118,-56]],[[10453,6670],[132,77],[-148,90],[-16,60],[-24,91],[-18,45],[1,22],[-5,23],[6,18],[-12,13],[-1,19],[-32,93],[29,37],[14,28],[41,-16],[-22,-114],[37,1],[26,31],[55,66],[54,0],[13,-109],[215,22]],[[9074,7178],[3,18],[17,97]],[[9761,7905],[108,45],[225,-24]],[[10094,7926],[7,-43]],[[10101,7883],[-10,-85]],[[10091,7798],[-79,-110],[95,-90],[121,34]],[[10228,7632],[1,-155],[0,-94]],[[10229,7383],[-39,-77],[8,-198],[24,-116],[-55,-51],[202,-203]],[[11093,7961],[80,47],[39,23]],[[13031,9223],[14,-7],[183,-189],[74,-72],[77,3],[56,19]],[[13435,8977],[10,1],[26,-11],[33,9],[87,-3],[51,-18],[178,-29],[-4,-46]],[[13816,8880],[15,-201],[9,-112],[-49,-36],[-178,-145]],[[13613,8386],[78,-56],[104,-24],[70,74],[96,-25],[63,-20],[74,-196],[-16,-169],[-44,-146],[77,-138],[-15,-69]],[[14100,7617],[-89,-58],[-60,-99]],[[13951,7460],[-71,-69],[-169,0],[-30,-38],[-42,-74],[-19,-27],[-96,-65],[-72,128],[-126,23],[-52,-21],[-33,-43],[-42,-191],[-106,-155],[-222,-37],[-119,-62],[-59,91],[-72,19],[-87,-1]],[[10526,8974],[15,21],[-2,29],[-12,34],[7,18],[0,5],[7,24],[-5,33],[-16,52],[-25,5],[-15,13],[-7,38]],[[10473,9246],[5,36],[20,34],[-27,93],[-1,41],[-16,27],[-6,35],[9,25],[42,54],[2,28],[14,19],[-1,15]],[[5520,7678],[21,-13],[-4,-39],[0,-15],[-66,-31],[-8,20]],[[3557,6300],[-52,8],[-42,63]],[[3463,6371],[105,123]],[[3568,6494],[56,-24]],[[3624,6470],[-8,-77]],[[3616,6393],[-59,-93]],[[3655,6394],[94,14],[58,95],[35,51],[39,63],[26,21],[45,-73],[20,-19],[20,-16],[41,-50]],[[4033,6480],[-67,-107]],[[3966,6373],[-12,-17],[9,-13],[-17,-23],[-43,13],[-55,39],[-46,19],[-46,-13],[-26,-35],[-22,-5]],[[3708,6338],[-56,-9],[-22,24],[25,41]],[[4100,7593],[138,176]],[[4238,7769],[141,-165]],[[4379,7604],[109,-59],[-15,-66]],[[4473,7479],[108,-120],[-67,-63]],[[4514,7296],[56,-38],[38,48],[69,-31],[29,-105],[-41,-42],[23,-37],[65,49]],[[4753,7140],[29,40],[5,9],[8,8],[29,32],[-21,70],[54,98]],[[4857,7397],[38,5]],[[4895,7402],[35,49],[-6,24],[-24,34]],[[4900,7509],[-105,152],[17,28]],[[4812,7689],[-17,67],[6,110],[-92,42]],[[5542,5222],[-69,-47],[-38,-65],[-70,-27],[-26,70],[-78,-55],[-115,-76],[-29,-97],[-118,-67]],[[4999,4858],[-27,-53]],[[4972,4805],[-126,0],[-51,0],[-100,-72],[-37,-67],[-36,-66],[-21,-40],[-146,-59],[-16,166]],[[4439,4667],[22,66]],[[4461,4733],[-71,90],[-10,22],[-17,24],[13,26],[-24,9],[-27,10],[-79,39],[-98,26],[-33,-44],[-34,10],[8,77],[-39,17],[-29,-63],[-102,-122],[-43,4],[-35,77],[-30,-5]],[[3811,4930],[-11,47],[-25,-2],[-50,88],[49,96],[36,-22]],[[3810,5137],[80,21],[20,-2],[3,-28],[14,-4],[-6,-26],[11,-8]],[[3932,5090],[10,-5],[12,30],[-5,13],[10,26],[6,7]],[[3965,5161],[82,97],[20,4],[10,6],[34,17]],[[4111,5285],[-19,59],[-49,-49],[-63,43],[-28,43],[-5,12],[-47,24],[-45,1]],[[3855,5418],[-7,-13],[-25,-29],[-20,6],[-20,6],[-20,42],[-28,12],[-8,-29],[4,-18],[-60,-26],[-19,8],[19,51],[8,59],[-11,45]],[[3668,5532],[22,50],[-24,194],[27,40]],[[3693,5816],[5,22],[58,2],[41,74],[70,4],[25,-26],[15,-9],[62,33],[17,80]],[[3986,5996],[-31,21],[54,65],[32,26],[39,56]],[[4080,6164],[-5,16],[23,36],[93,98],[18,-12],[50,57],[4,22],[22,68],[-45,56],[-38,-14],[-48,10],[17,60],[63,29]],[[4234,6590],[42,89]],[[4276,6679],[84,55]],[[4360,6734],[27,96],[-27,88],[30,57],[58,-34],[58,48],[-31,64],[-52,72],[38,97]],[[4461,7222],[32,39],[-8,10]],[[4485,7271],[-56,78],[-50,-19],[28,-103],[-41,-12]],[[4366,7215],[-87,149],[-53,20]],[[4226,7384],[-13,83]],[[4213,7467],[-113,126]],[[3602,7137],[368,356]],[[3970,7493],[108,-142]],[[4078,7351],[83,-43],[43,-59],[-17,-58],[55,-53]],[[4242,7138],[-46,-42],[-51,-79],[-10,-68]],[[4135,6949],[9,-87],[102,-28],[-24,-48],[-20,-14],[-19,-63],[-26,-41],[-23,25],[-122,-46],[-55,53],[-46,8]],[[3911,6708],[-43,-44],[-76,-34],[-34,26],[-13,10],[-69,26]],[[3676,6692],[-62,58],[-22,-22]],[[3592,6728],[-19,21],[45,56],[-31,13]],[[3587,6818],[-41,41]],[[3546,6859],[-107,121],[163,157]],[[6332,10885],[70,3],[75,-117],[-35,-85]],[[6442,10686],[-280,14],[3,97]],[[6707,11243],[38,-36]],[[6745,11207],[53,4]],[[6798,11211],[20,-78],[-31,-46],[6,-106]],[[6793,10981],[-150,-12],[-44,-13]],[[6599,10956],[-92,-36],[-33,-14],[-38,80]],[[6884,10246],[-64,31]],[[6820,10277],[12,64]],[[6832,10341],[-88,75],[-103,-9],[-29,-6],[-122,9],[-21,15]],[[6469,10425],[-74,30],[5,18]],[[6400,10473],[24,134],[14,-8],[16,-2],[-1,16],[19,2],[24,-16],[21,10],[12,-6],[22,-8],[19,7],[5,-72],[51,-28],[6,-2],[105,21]],[[6737,10521],[49,78],[-11,70]],[[6775,10669],[229,19]],[[7004,10688],[-52,46],[1,97],[78,-49],[54,-9],[21,33],[46,-4],[1,35],[42,156],[-104,52],[20,29],[5,79]],[[7116,11153],[-1,8],[142,-43],[63,31],[-23,45]],[[7297,11194],[65,14],[10,-66]],[[7372,11142],[7,-5]],[[7379,11137],[125,-31],[44,-70],[-48,-89],[-32,-17]],[[7468,10930],[-29,-34],[-9,-55],[11,-64],[-45,-86],[-45,-33],[-128,0]],[[7223,10658],[38,-187],[-2,-14],[13,-70]],[[7272,10387],[183,26]],[[7455,10413],[54,7],[120,-34],[96,-142],[153,-39]],[[7878,10205],[25,9],[52,145],[116,32]],[[8071,10391],[24,43]],[[8095,10434],[165,60],[-40,76],[43,39],[37,36],[90,-55]],[[8390,10590],[114,61],[16,39]],[[8520,10690],[68,30],[20,19],[-63,135],[42,77]],[[8587,10951],[74,24],[31,-80]],[[8692,10895],[24,-112]],[[8716,10783],[-19,-2],[-53,-41],[155,-86],[8,-37],[8,-46],[68,4],[4,-15],[15,-67],[-14,-74],[-10,-21],[-8,-19],[-17,-8]],[[8853,10371],[-30,-87]],[[8823,10284],[-46,-96]],[[8777,10188],[-38,-14]],[[8739,10174],[-118,-73],[-64,-25],[-3,97]],[[8554,10173],[-64,4]],[[8490,10177],[-61,13],[-10,8],[-39,18],[-31,-53],[-14,-39],[6,-22],[1,-13],[-24,-21],[0,-17],[-19,-17],[-27,-4],[-35,1],[-51,-31],[-37,-100]],[[8149,9900],[-9,-9],[-20,-32],[-2,-41],[-12,-19],[-31,-35],[-23,-13],[-14,-6]],[[7220,11619],[-62,-18],[11,-58],[9,-47]],[[7178,11496],[0,-13]],[[7178,11483],[-32,4],[-39,-65],[-45,-71]],[[7062,11351],[-21,7]],[[7041,11358],[-25,65],[14,71],[-37,4],[-95,11]],[[6898,11509],[21,47],[16,35],[-43,44]],[[7561,11481],[86,-54],[64,-38],[168,-42],[12,-94],[-11,-26],[5,-22]],[[7885,11205],[34,19],[37,-11],[104,112],[5,121],[79,9],[47,-73],[56,-5],[-4,-61],[78,-47]],[[8321,11269],[5,-22]],[[8326,11247],[40,-64],[1,-45],[172,4]],[[8539,11142],[-23,-148]],[[8516,10994],[45,14],[26,-57]],[[6400,10473],[-107,-2],[8,55],[-1,33],[-151,94],[-7,30]],[[6142,10683],[-54,4]],[[6088,10687],[-25,2]],[[6063,10689],[10,34],[-140,74],[7,57]],[[12376,12265],[-46,-25],[-7,67],[-58,59],[-133,43],[-28,-14],[-10,-6],[-29,3]],[[12428,12274],[0,-8],[-52,-1]],[[11807,12495],[-43,-14]],[[14448,9739],[-86,-24]],[[14362,9715],[-59,79]],[[14303,9794],[-48,-10],[-52,41],[-48,38],[-70,-46],[-98,12],[-72,41],[-47,26],[74,106],[-29,94],[-36,82],[99,72],[-38,66],[-77,-23],[-34,56],[-34,91]],[[13793,10440],[80,5],[43,65],[-10,73],[56,22],[0,63]],[[13962,10668],[259,0],[131,26]],[[14352,10694],[61,-4],[99,40],[34,14],[110,-41],[118,44]],[[14774,10747],[34,174]],[[14808,10921],[73,-19]],[[14881,10902],[66,45],[97,24],[71,54],[66,15],[8,53]],[[15189,11093],[2,24]],[[15191,11117],[22,27]],[[15213,11144],[51,11],[6,-34],[30,2],[38,-7]],[[15338,11116],[76,0]],[[15414,11116],[39,-21]],[[15453,11095],[0,-9],[174,-108]],[[15627,10978],[-15,-6],[-42,-14]],[[15570,10958],[-154,-25],[-55,30],[-31,-31],[-1,-14],[106,-72],[1,-65]],[[15436,10781],[-1,-5],[-64,-56],[-49,-26]],[[15322,10694],[-57,72],[37,13],[49,-10],[16,58],[-43,10],[-43,67]],[[15281,10904],[-85,-45],[-13,-58],[24,-26],[-74,-49]],[[15133,10726],[-6,-49]],[[15127,10677],[-5,-11],[-17,-245],[4,-45]],[[15109,10376],[-100,-4]],[[15009,10372],[-12,49],[-94,-15],[-79,45],[-22,66],[-80,-15],[-46,58]],[[14676,10560],[-64,-9],[-40,63],[-112,-27]],[[14460,10587],[37,-33],[8,-31],[-13,-18],[35,-73],[-57,-24],[-33,-65]],[[14437,10343],[-138,-143],[38,-83],[-11,-77],[-6,-39],[42,-52]],[[14362,9949],[86,-210]],[[15322,10694],[-195,-17]],[[15570,10958],[-13,-41],[-102,-36],[72,-69],[-91,-31]],[[15109,10376],[1,-64],[-9,-76],[-8,-69],[-6,-54],[-41,-69],[-2,-73]],[[15044,9971],[-55,-72],[-294,-233],[-78,-21],[-51,37],[-118,57]],[[12748,10502],[115,100],[20,123],[58,21],[-16,98],[49,38],[55,-9],[41,52]],[[13070,10925],[51,-37],[16,39],[60,14],[44,18]],[[13241,10959],[-82,46],[-71,16],[4,42],[-76,49]],[[13016,11112],[7,116],[124,43],[59,-52],[103,51]],[[13309,11270],[46,-78]],[[13355,11192],[159,15]],[[13514,11207],[114,25],[38,102],[51,-43]],[[13717,11291],[136,-46],[-2,-59],[119,8]],[[13970,11194],[27,1],[32,-40],[126,57],[73,-35],[93,88]],[[14321,11265],[-3,39],[-13,22],[-31,-12],[-12,19],[39,46],[-58,42],[-35,-38],[-64,22],[56,60]],[[14200,11465],[192,60],[19,-70],[46,-15],[-62,-70],[-6,-38],[114,8],[40,-12],[-29,-43],[-2,-48]],[[14512,11237],[29,0]],[[14541,11237],[69,-24],[8,-26]],[[14618,11187],[34,6]],[[14652,11193],[40,99],[32,30],[18,-10],[59,66]],[[14801,11378],[46,31],[246,250]],[[15093,11659],[219,-43],[16,-262]],[[15042,8500],[6,-17],[35,-54]],[[15083,8429],[29,-42],[83,-146],[155,-209],[-92,-28],[-20,-108],[-80,-15],[-11,-57],[-67,-222],[-53,-65]],[[15027,7537],[5,-58],[-31,-33]],[[15001,7446],[-54,-70],[-17,17],[-124,117],[-168,4],[-141,17],[-206,44],[-118,-8],[-73,50]],[[14860,11288],[64,-48],[50,34]],[[14974,11274],[30,28],[-112,83],[-33,-39]],[[14859,11346],[1,-58]],[[13820,2877],[-87,56]],[[13733,2933],[-90,134],[-131,74]],[[13512,3141],[-75,146],[13,123],[4,47],[-64,85]],[[13390,3542],[-37,107]],[[13353,3649],[42,66],[44,73],[-41,59],[-2,53],[25,72]],[[13421,3972],[83,60],[12,132],[-35,95]],[[13481,4259],[66,155],[-78,151],[37,148],[-73,110],[-105,-10],[-49,34],[-17,59]],[[13262,4906],[5,13]],[[13267,4919],[-76,99],[-14,117],[-16,25],[38,215],[72,114],[-44,104],[-122,67],[-139,-55],[-46,-1],[7,98],[-29,73]],[[12898,5775],[-65,-69],[-84,23],[-68,-40],[48,-145],[-58,-63],[-305,-134],[-199,22],[-149,50]],[[12018,5419],[-218,-23]],[[11800,5396],[-92,43]],[[12376,12265],[53,1],[27,-3],[31,-24],[38,-15],[54,20],[70,29],[58,7],[83,53],[79,61],[85,36],[102,50],[211,-47],[56,10],[46,-14],[108,-69]],[[13712,12299],[23,10],[67,-12],[223,27],[586,-229],[433,-426],[49,-10]],[[10491,4618],[0,262],[217,8],[146,205]],[[13253,1892],[10,-97]],[[12805,1240],[-40,18],[-15,27],[-23,18],[-25,38],[0,40],[17,35],[2,41],[-21,61],[-67,-16],[-42,25],[-16,30],[-19,6]],[[12089,2432],[-60,109],[-77,-77],[-43,-84],[-74,29]],[[13059,1678],[-44,5],[-35,-122],[75,-19]],[[4238,7769],[316,211],[143,-39]],[[2241,7141],[94,-31],[132,52],[60,23],[154,105]],[[2681,7290],[31,21],[71,33],[69,12],[78,14],[38,19]],[[2968,7389],[66,91],[72,72],[250,115]],[[3356,7667],[11,-33],[-30,-157],[96,-88],[-7,-50],[9,-3],[-4,-30],[-13,-50],[87,-6]],[[3505,7250],[97,-113]],[[3970,7493],[130,100]],[[5465,3793],[-83,-90]],[[5382,3703],[-28,-60],[59,-133],[-175,-138],[-88,-129]],[[5150,3243],[-86,-18]],[[5064,3225],[-47,-132],[-119,-93],[-56,-14]],[[4842,2986],[-19,11],[-164,-88],[-21,43],[-28,41],[-32,25],[-7,18],[-6,74],[-11,20]],[[4554,3130],[-18,14],[-7,20],[2,14],[-6,11],[-16,16],[-12,18],[-24,56],[1,24],[-9,22],[-35,30]],[[4430,3355],[-38,43]],[[4392,3398],[-19,19],[-9,27],[-9,56],[-9,28],[-43,44]],[[4303,3572],[-37,21],[-19,25],[-2,42],[-16,64],[1,59]],[[4230,3783],[-4,22],[-8,16],[-45,56],[-26,2],[-50,-7],[-22,13],[-26,52],[-24,24],[-11,23]],[[4014,3984],[22,59]],[[4036,4043],[1,41],[-10,28],[-61,58],[-49,60]],[[3917,4230],[-161,207]],[[3756,4437],[-594,177],[-698,21],[-404,-252],[-390,-71],[-357,-269],[-50,-106]],[[1263,3937],[-123,62]],[[1140,3999],[-138,76],[-25,-14],[-7,-37],[98,-45],[-9,-46],[59,-25]],[[1118,3908],[104,-54]],[[1222,3854],[-57,-116]],[[1165,3738],[-209,-99]],[[956,3639],[-131,60],[-67,89]],[[3688,4229],[68,208]],[[3950,9116],[14,0]],[[942,3958],[19,19],[51,-43],[-73,-20]],[[939,3914],[3,44]],[[1263,3937],[-41,-83]],[[1165,3738],[96,-55]],[[10513,9652],[-3,6],[-24,31],[-8,16],[12,16],[-1,18],[-13,9],[-6,15],[1,20],[5,20],[-1,13],[-15,14],[-13,18],[-19,51],[-12,22]],[[10416,9921],[109,23],[58,49],[32,90],[21,4],[42,69],[-7,42]],[[10671,10198],[22,11],[27,11],[-29,66],[51,11],[31,32],[52,-6]],[[10825,10323],[67,-97],[4,-107]],[[10896,10119],[30,-209],[-11,-9],[-11,-81],[133,-74],[191,-251],[-2,-21]],[[11226,9474],[-20,-6],[-131,31],[-189,-67],[-39,-8],[-39,-14],[-143,92],[-104,-2],[-22,64],[1,18],[-8,13],[7,17],[-13,17],[0,14],[-13,9]],[[11337,11489],[-64,76],[-144,62]],[[11129,11627],[21,113],[66,103],[39,22],[6,68]],[[11261,11933],[32,34],[3,38],[-32,73],[-6,93],[24,25],[11,34],[22,0],[18,-26],[-2,-26],[-30,-26],[6,-17],[33,4],[32,23],[20,42],[-10,41],[-72,79],[-12,31]],[[11298,12355],[32,43],[42,-2],[4,85],[30,4],[51,12],[61,-38]],[[11518,12459],[44,-18]],[[11562,12441],[-4,-46],[40,-74],[47,-101],[122,-50],[61,3],[65,-20],[74,66],[138,105],[19,1],[9,-81],[45,-15],[46,-18],[-3,-62],[-86,-186],[-25,-26],[-44,35],[-162,72],[-40,-86],[38,-99],[58,5]],[[11960,11864],[30,-163],[-35,3],[-43,43],[-35,-25],[-29,27],[-17,-27],[-88,59],[-28,-57],[-13,-30],[-8,-26],[-45,-66],[-31,-13],[-51,72],[-16,0],[-59,-24],[11,-77],[-41,-14],[-30,-106],[-58,63],[-37,-14]],[[10712,11714],[36,14],[48,18],[42,25],[-31,41],[-79,-24],[-33,28],[-17,88],[87,54],[23,30],[105,16],[34,93],[98,2],[15,-36],[66,1],[33,-53],[36,-16],[15,-38],[-35,-19],[-31,-46]],[[11124,11892],[-26,-13],[-47,-35],[-34,-28],[-9,-77],[50,-9],[35,-134],[36,31]],[[11337,11489],[-25,-77],[17,-11],[13,12],[18,-12],[56,-97],[118,-52],[10,-47],[-32,-119],[88,-67]],[[11600,11019],[24,-48],[-65,-34],[-19,-78],[2,-96]],[[11542,10763],[-126,59],[2,-136],[-41,-8],[-90,-9]],[[11287,10669],[-38,11],[-64,20],[0,55],[-43,-28],[-39,32],[4,63]],[[11107,10822],[-3,62],[-43,91],[39,75],[-13,14],[-51,119],[-71,61],[-15,-12],[-37,33],[-101,-22],[-24,59],[51,88],[-12,46],[38,94],[-119,102],[-37,-33],[-28,16],[46,54],[-15,45]],[[10385,10837],[-21,70],[39,29],[-96,105],[39,27],[-9,66],[-43,-4],[-10,184]],[[10284,11314],[66,16],[39,105],[23,-8],[20,-3],[25,40],[-14,40],[75,39],[3,100],[30,41]],[[10551,11684],[48,-5],[113,35]],[[11107,10822],[-116,11],[-110,11],[-67,-58],[-52,-45]],[[10762,10741],[-45,0],[-39,15],[-37,44],[-111,37],[-10,2],[-59,19],[-76,-21]],[[12195,9681],[-56,3],[-65,107],[-145,11],[-45,117]],[[11884,9919],[4,10],[-36,47],[48,11],[-53,73],[51,84],[69,43],[-8,46],[5,88]],[[11964,10321],[59,29],[72,-56],[33,-33],[117,3],[-9,30],[134,65],[13,68],[112,-80],[105,-14],[122,149],[26,20]],[[12748,10502],[128,-185],[53,-169]],[[12929,10148],[-40,-79],[-76,-18],[-86,-114],[53,-37],[-52,-129],[-212,-54],[-63,-48],[-177,29],[-81,-17]],[[11710,9137],[-112,-26],[-22,67],[-37,-1],[-34,-16],[-20,1],[-5,19],[-28,-3],[-31,16],[3,20],[16,20],[-31,50],[-3,18],[-13,8],[4,16],[-16,33],[-34,36],[-18,-13],[-21,9],[-14,44],[-44,-11],[-11,15],[8,25],[-21,10]],[[10896,10119],[77,35],[62,29],[28,35]],[[11063,10218],[21,-24],[35,-87],[24,-87],[47,-58],[38,-76],[15,-51],[18,-22],[18,-43],[149,-75],[36,-14],[18,14],[18,0],[34,-19],[15,-22],[23,-39],[71,-66],[57,-44],[42,-26],[57,-90]],[[11799,9389],[-138,-125],[3,-60],[44,-46],[2,-21]],[[11146,10284],[14,3],[16,3],[82,19],[148,33]],[[11406,10342],[7,-28],[86,-125],[38,-123],[6,-14],[27,-48],[92,-102],[31,-33],[191,50]],[[12195,9681],[-53,-63]],[[12142,9618],[-14,-3],[-23,-21],[-56,0],[-62,-9],[-101,-1],[-93,37],[-22,36],[-82,38],[-22,27],[-27,9],[-48,22],[-161,59],[-61,44],[-23,31],[-47,71],[-51,82],[-26,30],[-15,36],[-2,29],[-26,62],[-16,35],[-4,31],[-14,21]],[[11964,10321],[-9,91],[-116,125],[11,63],[-79,0],[-172,132],[-9,-5],[-48,36]],[[11600,11019],[111,59],[28,-17],[-10,-96],[25,-11],[50,66],[30,13],[5,-23],[13,-5],[10,5],[-2,25],[20,7],[23,-13],[18,5],[19,43],[11,-5],[4,-37],[15,-17],[49,-29],[21,-6],[33,5],[15,-14],[12,-8],[-7,-15],[-1,-15],[27,-18],[28,-25],[22,3],[15,19],[11,-7],[18,-21],[36,-14],[17,17],[21,10],[22,-5],[10,-23],[-3,-35],[64,-10],[45,-38],[-57,-36],[18,-33],[7,-15],[97,15],[100,-40]],[[12590,10680],[0,-22],[147,-83],[11,-73]],[[11406,10342],[-13,36],[-20,40],[-50,47],[-95,90],[59,114]],[[11727,10167],[25,1],[7,18],[1,27],[-44,24],[-27,24],[-8,19],[2,39],[-6,19],[-35,57],[-26,14],[-44,57],[-32,-6],[-13,-10],[-4,-23],[2,-32],[17,-28],[17,-22],[15,-7],[11,-28],[15,-14],[20,-4],[35,-51],[19,-45],[12,-19],[-2,-20],[8,-19],[28,-2],[-1,17],[8,14]],[[11960,11864],[151,-47],[54,-90],[119,5],[51,-47],[-87,-67],[50,-130],[113,-12],[26,-6],[57,-6]],[[12494,11464],[46,-25],[-12,-137],[13,-111],[-51,-22],[-6,-73],[46,-44],[42,-125],[117,-42],[-2,-29],[-77,-3],[-20,-173]],[[10671,10198],[-72,-45],[-85,13],[15,55],[-41,93],[-8,77],[13,17],[-34,24]],[[10459,10432],[-4,27],[-14,121],[-143,27],[-1,25],[85,12],[18,151],[-25,4],[10,38]],[[10762,10741],[-21,-34],[47,-31],[-30,-39],[-99,-141],[93,-38],[-23,-41],[79,-48],[17,-46]],[[11146,10284],[-26,40],[-25,6],[-16,50],[-8,18],[-6,15],[-10,-5],[-9,-4],[-7,-3],[-3,-19],[-3,-59],[0,-22],[30,-83]],[[4918,8429],[-45,114],[43,35],[-13,43],[-183,132],[-73,21],[71,78],[-29,32],[-55,-37],[-51,4],[-100,-48],[-54,-11],[-84,-13],[-54,-19],[-90,-29],[-136,-82],[-82,-43],[-25,33],[11,22],[98,190],[-34,86],[-69,180]],[[3964,9117],[45,53],[49,-150],[136,81],[104,107],[22,31],[28,13],[17,-42],[120,-30],[45,82],[89,35],[40,19],[34,63],[6,13],[38,73],[13,34],[50,28],[-7,59],[5,8],[90,38],[38,-69],[263,59],[-7,144],[84,35],[6,53],[-28,63]],[[5244,9917],[47,7],[132,9],[19,-43],[10,1],[83,-5],[94,-18],[56,-1],[51,-5],[116,22]],[[5852,9884],[119,1]],[[5980,9689],[21,-39],[11,-22]],[[6226,9948],[-76,-14],[-127,-23]],[[5995,9931],[29,64]],[[6024,9995],[5,2],[135,69],[16,-4],[16,-5],[8,-15],[129,-40],[81,11],[7,1],[135,-11],[70,-30],[270,122],[-15,44],[-89,-38],[-40,18],[133,128]],[[6885,10247],[81,-99]],[[6966,10148],[-33,-41],[-2,-31],[-101,-130],[-104,-34],[-84,-28],[-50,-20],[-20,-41],[-51,-87],[-85,-11],[-69,-36],[-55,-33],[19,-59]],[[6331,9597],[-39,-15],[-301,-145],[18,-65]],[[6009,9372],[-28,-22],[5,-58],[38,-51],[-60,-35],[-127,-20],[-46,-31],[-147,-37],[-139,-60],[8,-24],[-156,-105],[41,-22],[-87,-60],[-168,-100],[-21,-72],[-38,-54],[34,-38]],[[5118,8583],[-85,-52],[-9,-33],[-23,-26],[-83,-43]],[[5064,8407],[-12,18]],[[5052,8425],[58,43],[28,55],[-1,12],[8,13],[28,-13],[3,-14],[-13,-22],[-28,-27],[-22,-32],[-49,-33]],[[5393,8583],[14,16],[5,15],[-5,17],[2,23],[27,33],[11,32],[20,20],[14,54],[34,51],[31,42],[-2,13],[-11,8],[-40,-19],[-32,-26],[-20,-20],[-53,-55],[-51,-36],[-41,-53],[-94,-61],[-84,-54]],[[6009,9372],[41,-100],[47,18],[64,-69],[40,-94],[-33,-46]],[[6168,9081],[-23,2],[-150,-63],[-30,-58],[-13,-16],[49,-58],[-42,-87],[-46,-27],[-99,53],[-70,-76],[-9,-2],[-51,-14],[-63,-16],[-7,-51],[-67,-25],[-37,-4],[-10,-49],[0,-17],[-61,-34],[-46,44]],[[4709,7930],[-12,11],[20,7],[16,16],[22,18],[-39,73],[-44,48]],[[4672,8103],[9,41],[7,47],[-2,22],[0,39],[17,29],[26,29],[44,27],[40,7],[25,10],[28,32]],[[4866,8386],[17,-29],[23,-2],[17,2],[35,1],[47,30],[47,37]],[[5064,8407],[-85,-58],[-1,-10],[18,-30],[14,-8],[44,2],[81,34],[30,21],[15,6],[27,-1],[32,16],[32,34],[16,18],[2,15],[2,20],[6,9],[18,-13],[21,11],[15,32],[42,78]],[[6168,9081],[45,-7],[34,16],[39,-5],[24,20],[5,27],[15,18],[32,7],[12,21],[-1,28],[7,20],[19,4],[9,-16],[10,-18],[16,1],[14,15],[5,19],[-3,20],[9,9],[23,-5],[80,11]],[[6562,9266],[16,-108],[69,-13],[-67,-103],[-35,-19],[-72,25],[-62,-37],[5,-28],[-61,-31],[-21,-33],[60,-45],[18,-32],[-53,-2],[-93,-32],[-80,48],[-65,-22],[45,-170],[128,0],[12,4],[79,27],[6,-121],[34,-44]],[[6425,8530],[-4,-50],[56,-21],[13,-38],[-51,-63],[7,-9],[-38,-69],[-29,-20],[-93,1],[-7,-38],[-27,-35],[-43,-11],[-147,-14],[-71,1],[-119,-49],[1,-40],[-87,-23],[-18,-79],[-32,3],[-9,-78],[-56,-28],[-23,25],[10,23],[-25,6],[-110,11]],[[5523,7935],[-6,64],[-27,21],[-32,67],[-66,-17],[-53,-28],[-37,-20],[-32,-17],[-47,-25],[-27,-8],[-30,-8],[-37,-9],[-188,-45],[-21,4],[-29,-10],[-139,22],[-43,4]],[[7312,9019],[0,70],[84,37],[3,24],[-10,79],[14,40],[-51,64],[-63,5],[8,52],[-3,6],[-36,69],[1,50],[-84,-5]],[[7175,9510],[-15,31],[-84,70],[-1,37],[-9,82],[-45,53],[-18,27]],[[7003,9810],[114,25],[25,5],[154,9],[7,3],[41,25],[59,27],[42,19]],[[7445,9923],[226,-215],[79,-12],[46,77],[74,-86],[60,69],[17,8],[8,-11],[1,-15],[38,-20],[44,27]],[[8038,9745],[12,-75],[47,-121]],[[8097,9549],[-2,-74],[35,-33],[46,-124],[10,8],[91,-146],[-17,-67],[23,-115],[17,-121],[-52,-26],[-27,-49],[34,-168],[-11,-59],[29,-12],[-46,-183]],[[8227,8380],[-131,35],[-110,-17],[-63,53],[47,46],[-31,72],[44,92],[-6,13],[-96,8],[-88,-69],[-24,48],[-101,-49],[-6,-1],[27,86],[-38,21],[0,76],[-18,-17],[-34,-6],[-76,147],[-135,-58],[-89,62],[39,67],[-26,30]],[[7477,9110],[-52,-17],[-21,-58],[67,-7],[43,57],[-37,25]],[[6685,8836],[44,79],[62,99],[-33,49],[5,14]],[[6763,9077],[67,15],[85,31],[67,-23],[48,-107],[17,26],[62,7],[62,12],[11,-9],[97,-25],[33,15]],[[8227,8380],[103,-126],[41,-151],[76,26],[91,-29],[51,8]],[[8589,8108],[-2,-162],[-28,-70],[-128,-226],[-180,-68],[-24,-60],[68,-51],[-42,-108],[-61,-28],[49,-241],[123,-106],[103,-89],[121,-105],[11,-33]],[[8599,6761],[-368,-57]],[[8231,6704],[-125,139],[-54,-15],[-205,-28],[-88,106],[-9,45],[-99,11],[14,38],[-105,24]],[[7560,7024],[-1,51],[52,10],[-36,121],[-21,86],[95,69],[-10,70],[-75,66],[-58,133],[0,38],[1,9],[18,110],[-7,80],[-66,18],[-121,-73],[3,127],[-126,33],[-105,-59],[-47,47],[-70,46],[-53,-38],[-50,62],[-21,-89],[-71,-28],[28,164],[7,51],[10,74],[-40,34],[-31,64],[58,108],[-3,36],[54,114],[70,-52],[17,23],[-68,78],[-74,125],[-20,5],[-14,89],[-17,0],[-27,-44],[-56,54]],[[6140,5998],[17,96],[-131,49],[-16,6],[16,84],[-212,66],[18,168],[-35,105],[-22,40],[55,107],[-5,31],[75,135],[0,64],[42,63],[-117,108],[61,67],[92,-83],[90,86],[-19,129],[-6,36],[-49,-8],[-29,44],[-229,-33],[-103,56],[-73,-2],[-40,37],[-28,-8],[-26,-33]],[[5466,7408],[-94,11],[-33,9],[66,77],[8,57],[26,35],[-31,71],[17,68],[-24,78],[-35,-1],[1,17],[121,68],[35,37]],[[6425,8530],[48,10],[50,16],[18,26],[12,43],[-25,35],[-27,83],[58,25],[21,9],[52,22],[53,37]],[[7560,7024],[-159,-50],[-62,-25],[-65,-109],[-85,-7],[-8,0],[-58,6],[-61,-44],[-41,-24],[-36,18],[-15,20],[-12,31],[-10,0],[-19,-13],[-31,7],[23,-104],[-12,2],[-124,56],[-3,21],[-115,-1],[-100,-49],[68,-101],[-139,-115],[69,-175],[-44,-44],[-48,-62],[30,-66]],[[6503,6196],[-46,-10],[-18,-35],[-63,7],[-103,-74],[-5,-103],[-128,17]],[[5520,7678],[-54,-48],[-4,-30],[9,-20],[66,31],[0,15],[4,39],[-21,13]],[[5120,7534],[9,-55],[-62,-44],[-22,7],[-16,73],[91,19]],[[8231,6704],[-55,-162],[-138,-5],[-46,-64],[-19,-125],[-241,-235],[32,-80]],[[7764,6033],[-41,10],[-26,77],[-72,81],[-74,26],[-86,33],[-38,63],[-34,8],[-48,38],[-45,53],[-41,28],[-32,-24],[8,-15],[-18,-55],[-2,-59]],[[7215,6297],[-36,-56],[52,-47],[5,-19],[-10,-26],[0,-24],[12,-29],[-75,-79],[-182,70],[-92,20],[-62,11],[-23,45],[-119,36],[-54,-13],[-128,10]],[[6927,4354],[-112,-38],[-34,-82],[126,-49]],[[6907,4185],[-73,-74],[-133,-9],[-35,-39],[-53,6],[-32,92],[-92,-54]],[[6489,4107],[-83,59],[-167,-76],[-75,-56],[-98,-78]],[[6066,3956],[-175,-62],[-40,25],[17,179],[-219,-107],[1,-125],[-41,-51],[-144,-22]],[[5465,3793],[-27,139],[-12,66],[-10,51],[-62,73]],[[5354,4122],[76,221],[-68,163],[117,16],[43,75],[-29,170],[-6,39],[69,138],[39,78],[-13,50],[-40,149]],[[5542,5221],[103,61],[88,140],[77,-30],[92,79],[-32,283]],[[5870,5754],[71,33],[2,85],[65,1],[31,-54],[105,59]],[[6144,5878],[1,-72],[105,50],[143,-344],[-11,-8],[123,-184],[-95,-97],[33,-107],[152,-19],[167,-134],[-37,-61],[-92,-38],[13,-328],[281,-182]],[[6144,5878],[-4,120]],[[7215,6297],[25,-16],[18,4],[9,-10],[12,-12],[2,-31],[66,-55],[16,-35],[29,-16],[45,-2],[35,-17],[21,-36],[31,-14],[17,-23],[-6,-44],[93,-45],[73,-22],[44,-37]],[[7745,5886],[72,-123],[-19,-36],[125,-61],[104,-162],[32,-61],[-6,-177],[-53,-102],[70,-199],[-73,-97],[143,-116]],[[8140,4752],[-320,-245],[-96,-76],[-38,-27],[-137,-47]],[[7549,4357],[-56,69],[-283,115],[-67,-58],[-47,-129],[-69,-11],[-100,11]],[[8510,4862],[-217,-107],[-153,-3]],[[7745,5886],[32,-9],[59,8],[78,26],[44,29],[20,-2],[34,-27],[27,9],[21,22],[11,21],[-5,20],[-23,8],[-50,55],[-46,14],[-35,6],[-59,-20],[-61,0],[-28,-13]],[[8599,6761],[2,-17],[35,-27],[97,-78],[153,91],[112,-12]],[[8998,6718],[91,-3],[88,0],[57,-79],[84,-22],[105,-94],[90,44],[95,53],[137,-58],[73,55],[181,-90],[167,130],[203,83]],[[10369,6737],[84,-66]],[[10453,6671],[35,-74],[88,50],[125,-18],[9,-43]],[[10710,6586],[-39,-71],[66,-262],[-6,-141],[-102,-18],[-120,43],[0,-116],[64,-123]],[[10573,5898],[-98,-50],[-83,-87],[-25,-326],[-88,-117],[-133,-76],[-129,-84],[-106,-57],[-86,-21],[-226,-36],[-44,58],[-199,30],[-47,64],[-189,52],[-51,-19],[-170,84],[-102,-46],[-42,-58],[-68,-25],[-38,-40],[53,-100],[-31,-67],[-111,-39],[-50,-76]],[[8537,6307],[-18,-27],[-58,-46],[-43,-35],[-41,-16],[-20,-27],[-49,-32],[-2,-9],[8,-6],[32,3],[16,-9],[5,-13],[87,-4],[88,65],[19,32],[31,27],[65,28],[80,53],[18,21],[98,56],[47,34],[59,19],[37,-7],[10,5],[-5,14],[7,13],[-6,37],[-28,26],[-36,-9],[-72,29],[-42,-20],[-38,0],[-73,-43],[-29,-27],[-5,-23],[-21,-19],[-26,-7],[-69,-65],[-26,-18]],[[10420,8104],[41,8],[123,-11],[21,-1]],[[10605,8100],[-7,-40],[-173,-6],[-5,50]],[[10022,8515],[22,-40],[15,9],[56,33],[59,-5],[54,-5],[44,-40],[28,-26],[-22,-52],[8,-65]],[[10286,8324],[-44,47],[-50,53],[-31,-1],[-53,-3],[-9,-10],[21,-17],[19,-15],[46,-44],[19,-28]],[[10204,8306],[-81,-2],[-22,-1],[-8,-45],[-22,-13],[-25,91],[-37,18],[-17,7],[-25,13],[-166,-55],[-5,55],[42,42],[-177,110]],[[9661,8526],[86,78]],[[9747,8604],[150,-117],[34,40],[14,8],[13,-3],[27,-26],[25,-2],[12,11]],[[9761,7904],[-111,-40],[-66,30],[-105,-53]],[[9479,7841],[-74,56],[-5,187],[-64,67],[87,170],[-34,8],[-38,17]],[[9351,8346],[11,38],[160,10],[6,59],[88,57],[45,16]],[[10204,8306],[20,-24],[4,-16],[-15,-37],[20,-71],[7,-43],[-51,-32],[-36,21],[-16,46],[-32,-9],[-17,-15],[32,-57]],[[10120,8069],[-228,-16],[-67,-66],[-28,36],[-41,5],[-41,-73],[46,-51]],[[10485,8459],[-17,-29],[-29,-22],[-88,-96],[-26,-20],[-34,1],[-5,31]],[[10022,8515],[101,79],[49,61],[44,82],[-7,45],[53,17],[28,7],[46,25],[80,-2],[25,14],[17,25],[15,59],[25,28]],[[10498,8955],[29,20]],[[10527,8975],[21,-59],[-7,-43],[21,-12],[122,55],[25,-81],[53,5]],[[10762,8840],[28,-23],[40,4],[19,-8],[2,-17],[-7,-13],[-21,-17],[-22,-6]],[[10801,8760],[-23,29],[-83,-4],[-129,-55],[-57,-144],[-75,-56],[2,-16],[49,-55]],[[10609,8499],[135,-94],[13,-11]],[[10757,8394],[44,-33],[164,-134]],[[10965,8227],[-17,-109],[-119,-70]],[[10829,8048],[-20,3],[-9,14],[9,18],[35,22],[-15,70],[-30,20],[-29,41],[-42,-2],[-22,14],[-35,25],[-34,12],[-66,-21],[-46,5],[-35,-21],[-27,19],[35,55],[62,45],[19,32],[16,21],[1,44],[13,14],[0,21]],[[9725,9633],[14,2],[11,11],[0,12],[-13,15],[11,31],[14,31],[-2,23],[-20,46]],[[9740,9804],[59,-2],[68,94]],[[9867,9896],[166,-94],[7,-105],[31,-28],[19,-36],[18,-35],[3,-57],[14,-46],[30,-62],[8,-18],[12,-53],[40,-114],[37,-127],[45,-47],[0,-22],[18,-46],[53,-18],[130,-33]],[[9747,8604],[-15,39],[43,18],[18,199],[-31,56],[49,4],[32,67],[-6,84],[-64,22],[-9,143],[-35,84],[-1,100],[-21,64],[-5,74],[23,75]],[[9897,9424],[-15,21],[-23,-1],[-23,2],[-11,9],[-10,-5],[0,-19],[7,-16],[-11,-5],[-2,-12],[36,-55],[11,-30],[12,-8],[1,-17],[29,-53],[15,-7],[6,-16],[12,-9],[8,2],[-2,12],[10,7],[5,22],[-6,27],[-12,27],[-14,24],[-23,100]],[[8844,9615],[200,17],[-28,34],[1,22],[67,-3],[65,51]],[[9149,9736],[51,-23],[26,-66],[12,-27],[65,-19],[23,13],[54,25],[135,40],[20,-17],[3,-33],[-101,-40],[45,-48],[29,-39],[12,-23],[117,27],[15,136],[51,31]],[[9706,9673],[19,-40]],[[9351,8346],[-25,9],[-20,0],[-21,6],[-16,27],[-8,6],[-18,-5],[-12,10],[-7,27],[-14,-8],[-13,0],[-9,-9],[-13,-4],[-19,6],[-30,151]],[[9126,8562],[7,53],[-19,66],[-100,54],[-71,13],[-8,62],[-83,74],[64,98],[120,89],[-25,104],[-81,8],[4,90],[49,6],[28,136],[-24,7],[-76,87],[-74,44],[7,62]],[[9295,9165],[15,-19],[-13,-23],[1,-22],[7,-19],[-5,-29],[7,-27],[24,-26],[72,-81],[98,-69],[38,-27],[21,3],[22,35],[13,22],[-4,33],[-30,49],[-42,35],[-83,59],[-44,52],[-49,47],[-34,17],[-14,-10]],[[8097,9549],[236,52],[116,-30],[48,-12],[117,119],[-47,128],[199,33],[31,-54],[38,-57],[9,-113]],[[9126,8562],[-61,26],[-17,-131],[-133,-20],[-58,-103],[74,-39],[-77,-67],[-197,25],[-71,-70],[3,-75]],[[9479,7841],[-51,-37],[63,-116],[-32,-38],[-95,-71],[-98,-189],[-37,16],[25,82],[-59,24],[-37,-38],[-68,-66],[3,-115],[-16,-97],[-3,-18],[-87,-130],[-11,-16],[59,-112],[36,-68],[-8,-16],[-65,-118]],[[10854,5093],[-226,123],[-84,244],[65,261],[9,142],[-45,35]],[[10710,6586],[183,60],[-33,112],[-13,52],[18,213],[88,86],[-40,52],[-115,6]],[[10798,7167],[-17,137],[50,39],[-22,68],[-67,30],[25,49],[57,57],[55,25],[67,-7],[157,69],[-2,73],[57,26],[-5,54],[-7,71],[81,105],[0,27]],[[11227,7990],[45,26],[26,2],[20,-11],[4,-20],[-20,-50],[13,-53],[-3,-31],[-21,-43],[-16,-74],[-20,-78],[40,-49],[32,-25],[-3,-13],[-13,-49],[8,-89],[26,-39],[21,-1],[1,24],[31,36],[48,27],[-1,33],[-13,17],[8,29],[-8,24],[-38,39],[-11,33],[41,105],[-2,33]],[[11422,7793],[72,-15],[201,-41],[18,-26],[92,-144],[84,77],[177,91],[90,-66],[79,69],[69,-35],[5,-84],[91,-60],[-4,-135],[12,-32],[151,110],[208,109]],[[12767,7611],[53,-79],[26,-40],[1,-12],[13,-149],[-357,-218],[45,-80],[-15,-95]],[[12533,6938],[-130,-122],[-75,-14],[-7,-47],[31,-116],[-62,-24],[-23,-170],[-131,-59],[-62,112],[-86,-67],[-17,-130],[-144,-107],[-70,17],[-85,-63],[7,-97],[22,-79],[-101,-92],[-11,-92],[117,-122],[2,-227]],[[11708,5439],[-59,-23],[-100,-82],[-108,84],[-104,-34],[-77,70],[-160,29],[-64,-73],[-20,-155],[16,-88],[-147,-34],[-31,-40]],[[12138,9208],[123,-157],[69,-45],[-29,-42],[46,-23],[1,-89],[120,-101],[71,-190]],[[12539,8561],[-505,52],[-22,-67],[-70,-37],[-32,111],[-130,60],[2,243],[-92,43]],[[11690,8966],[4,60],[54,34]],[[11748,9060],[78,6],[44,91],[28,3],[36,-10],[42,18],[32,67],[44,-29],[86,2]],[[12214,8646],[29,17],[11,31],[-21,21],[-28,10],[-35,27],[-1,29],[-17,51],[3,58],[-31,78],[7,17],[-16,29],[9,17],[6,18],[0,15],[-14,-8],[-15,9],[-3,17],[-17,4],[-7,-24],[-17,-8],[-17,-5],[-17,8],[-12,-13],[-5,-30],[-15,-16],[6,-10],[16,5],[12,-34],[41,-63],[2,-40],[14,-15],[24,-20],[-17,-28],[7,-26],[19,-5],[10,-16],[19,-6],[27,-45],[29,-18],[12,-12],[2,-19]],[[10965,8227],[26,40],[124,-33],[49,-77],[-48,-71],[40,-49]],[[11156,8037],[-30,-16],[-57,-5],[-81,33],[-69,-11],[-37,-7],[-53,17]],[[11748,9060],[-38,77]],[[11799,9389],[30,-9],[50,28],[99,19],[21,-12],[47,-8],[19,17],[57,-8],[9,45],[32,14],[20,25],[14,-7],[-9,-29],[-34,-29],[-13,-32],[42,-10]],[[12183,9393],[-45,-185]],[[10801,8760],[-8,-23],[-12,-17],[-26,-17],[-2,-12],[27,-36],[37,-25],[37,-34]],[[10854,8596],[-9,-148],[-88,-54]],[[10609,8499],[19,58],[19,34],[-5,12],[-14,2],[-60,-93],[-15,-20],[-14,-5],[-16,5],[-38,-33]],[[12583,8249],[-97,36],[63,154],[-10,122]],[[12183,9393],[44,-14],[9,-28],[62,-2],[36,-21],[30,7],[16,20],[6,46],[35,11],[50,14],[25,-4],[34,18],[18,-5],[24,-19],[52,18],[45,8],[45,22],[42,24],[1,14]],[[12757,9502],[65,-9],[39,7],[16,3],[13,-9],[6,-22],[-68,-87],[20,-98],[36,-31],[45,29],[102,-62]],[[13031,9223],[-143,-218],[-11,-17],[8,-13],[14,-104],[0,-19],[-4,-72],[-70,-80],[31,-95],[-50,-172],[-99,-65],[-100,-37],[-24,-82]],[[11422,7793],[-25,56],[-22,95],[7,43],[2,24],[-10,11],[-5,29],[-29,-2],[-36,14],[-12,12],[-2,16],[-20,9],[-48,-12],[-66,-51]],[[10854,8596],[15,-6],[12,-18],[39,-31],[26,-14],[24,-42],[16,4],[27,37],[8,13],[-6,31],[-19,43],[0,47]],[[10996,8660],[187,40],[28,-76],[62,14],[85,42],[126,8],[50,65],[94,81],[62,132]],[[12583,8249],[67,-24],[70,-111],[102,-187],[94,-59],[-67,-134],[36,-67],[-118,-56]],[[9761,7904],[108,46],[225,-25],[7,-42]],[[10101,7883],[-16,-11],[-19,-2],[-23,-13],[-21,-28],[-29,-12],[-10,-26],[16,-6],[9,0],[7,14],[13,0],[4,-14],[7,4],[9,-4],[1,-11],[12,0],[30,24]],[[10091,7798],[-79,-111],[95,-88],[121,33],[1,-155],[0,-94],[-39,-77],[8,-199],[25,-115],[-56,-51],[202,-204]],[[9624,7129],[8,-13],[13,-1],[5,-5],[-2,-11],[7,-2],[11,8],[33,41],[4,27],[39,29],[23,30],[17,6],[35,36],[2,28],[10,18],[0,35],[-1,14],[-6,7],[-9,-4],[-12,-4],[-12,4],[-5,-20],[-20,-25],[-6,-26],[-40,-29],[-88,-46],[-10,-38],[-13,-28],[-5,-12],[5,-8],[17,-11]],[[10453,6671],[132,76],[-148,90],[-16,60],[-24,90],[-18,47],[2,21],[-6,23],[6,17],[-12,14],[-1,19],[-33,92],[31,39],[14,27],[40,-15],[-22,-114],[37,0],[26,31],[56,66],[53,0],[13,-109],[215,22]],[[10091,7798],[82,49],[15,15],[30,23],[9,14],[-2,14],[-18,35],[-13,7],[6,-28],[-5,-16],[-16,-10],[-21,-2],[-26,-17],[-31,1]],[[10120,8069],[16,-57],[-15,-18],[-1,-42],[32,-2],[40,16],[15,-8],[62,18],[31,57],[31,34],[6,23],[18,16],[65,-2]],[[10605,8100],[138,-12],[5,-15],[-14,-18],[-75,-8],[-91,-49],[0,-35],[24,-12],[5,-17],[72,-12],[25,-12],[78,0],[17,-8],[38,-35],[68,-16],[74,11],[53,34],[98,27],[46,23],[14,18],[47,26]],[[13031,9223],[14,-7],[183,-189],[75,-72],[76,2],[55,21]],[[13434,8978],[35,-29],[56,-8],[71,0],[27,-15],[55,-8],[44,-18],[94,-20]],[[13816,8880],[15,-201],[9,-112],[-50,-36],[-177,-145],[78,-56],[103,-24],[71,74],[96,-25],[63,-20],[74,-197],[-16,-168],[-44,-145],[77,-139],[-15,-69]],[[14100,7617],[-89,-58],[-60,-99]],[[13951,7460],[-71,-68],[-169,-1],[-30,-37],[-42,-75],[-19,-27],[-96,-65],[-73,128],[-125,22],[-52,-20],[-33,-43],[-42,-192],[-106,-154],[-222,-37],[-120,-62],[-58,92],[-71,18],[-89,-1]],[[10996,8660],[-17,28],[-27,28],[-18,35],[-21,19],[-19,55],[-17,25],[-2,25],[12,17],[0,15],[9,11],[15,15],[7,21],[-3,68],[21,42],[-1,14],[20,73],[-10,19],[-18,2],[-21,18],[-15,5],[-16,16],[-36,3],[-18,-10],[-4,15],[-25,18],[-54,-16],[-37,-34],[-3,-21],[12,-19],[12,-14],[13,-33],[-5,-15],[13,-8],[-7,-31],[-17,-26],[2,-37],[33,-19],[20,16],[14,-8],[-5,-16],[-34,-42],[0,-57],[13,-17]],[[10527,8975],[14,20],[-2,29],[-11,34],[6,18],[1,5],[6,25],[-4,32],[-16,52],[-26,5],[-15,14],[-7,37],[4,36],[20,33],[-26,94],[-1,41],[-16,27],[-6,35],[9,25],[41,54],[3,28],[15,18],[-3,15]],[[11300,8938],[13,-40],[-23,-14],[-1,-10],[41,-7],[43,-18],[41,-25],[16,-7],[1,-39],[23,-28],[16,-6],[22,13],[12,30],[-1,37],[-25,32],[-13,39],[-19,24],[-43,19],[-20,-8],[-27,14],[-15,20],[-26,-4],[-32,10],[-13,-5],[10,-15],[20,-12]],[[3655,6394],[94,14],[58,94],[35,52],[39,63],[25,20],[46,-71],[20,-20],[20,-16],[41,-50],[-67,-107],[-12,-17],[10,-13],[-17,-23],[-44,13],[-56,39],[-45,19],[-46,-14],[-26,-33],[-22,-6]],[[3708,6338],[-56,-8],[-22,24],[25,40]],[[3616,6393],[-60,-94],[-51,9],[-42,63]],[[3463,6371],[105,123]],[[3568,6494],[56,-24],[-8,-77]],[[3676,6692],[-61,57],[-23,-22],[-18,21],[44,57],[-31,13],[-41,41]],[[3546,6859],[110,114],[64,64],[20,17],[25,4],[56,26],[62,69],[31,26],[22,7],[6,15],[19,12],[20,13],[18,29],[78,96]],[[4077,7351],[84,-43],[42,-59],[-16,-58],[55,-52],[-46,-43],[-51,-79],[-10,-68],[9,-87],[102,-28],[-24,-48],[-20,-14],[-19,-63],[-26,-40],[-23,24],[-122,-46],[-55,53],[-46,8],[-43,-44],[-76,-34],[-33,25],[-13,12],[-70,25]],[[4213,7468],[13,-2],[9,15],[2,17],[29,12],[64,50],[18,24],[31,20]],[[4379,7604],[109,-59],[-14,-66],[107,-120],[-67,-63],[56,-38],[39,48],[68,-31],[29,-105],[-41,-42],[23,-37],[65,49]],[[4753,7140],[21,-28]],[[4774,7112],[-6,-69],[-30,-65],[-100,-71],[13,-22],[-47,-8],[-26,-75],[11,-35],[-78,-37],[-14,-32],[-45,-53]],[[4452,6645],[-49,70],[-43,19]],[[4360,6734],[27,96],[-27,89],[30,56],[59,-34],[57,48],[-31,64],[-52,72],[38,97],[32,39],[-8,10],[-56,78],[-50,-20],[28,-102],[-42,-12],[-86,150],[-53,19],[-13,84]],[[3668,5532],[22,50],[-24,194],[26,40],[6,21],[58,2],[42,75],[68,3],[25,-25],[16,-9],[62,33],[17,80],[-31,21],[54,65],[32,26],[38,55],[-5,17],[25,36],[92,98],[18,-12],[50,57],[4,22],[22,68],[-45,55],[-38,-13],[-48,10],[17,61],[62,29],[43,89],[84,54]],[[4452,6645],[-23,-75],[20,-39],[-5,-24],[8,-23],[41,-88],[70,-27],[0,-30],[0,-9],[15,-45],[-23,-44],[24,-56],[22,6],[10,-10],[38,-70],[57,-49]],[[4706,6062],[-79,-45],[-40,-86],[-37,-26],[-18,-13],[-20,-5],[-43,-14],[-74,37],[-27,10],[-63,-59],[-5,-93],[21,-30],[3,-84],[-41,-17]],[[4283,5637],[-94,9],[-54,-20],[-43,52],[-38,13],[-17,6],[-15,-14],[-35,-82],[-80,-64],[-20,3],[-10,-22],[-22,-100]],[[3855,5418],[-7,-12],[-25,-30],[-19,6],[-21,6],[-19,42],[-29,12],[-8,-29],[3,-18],[-59,-26],[-19,8],[19,51],[8,59],[-11,45]],[[4706,6062],[8,5],[15,14],[7,21],[73,-3],[10,39],[49,59],[27,21],[23,-13]],[[4918,6205],[0,-11],[13,4],[8,-10],[0,-16],[-14,-8],[-4,-31],[5,-12],[24,-4],[9,-16],[18,16],[8,-4],[-10,-12],[-1,-19],[-12,-5],[-9,-15],[-16,-7],[-34,-42],[-3,-30],[-11,-21],[-18,-12],[11,-14],[21,3],[9,21],[22,-8],[4,-10],[-20,-40],[11,-38],[-9,-70],[5,-52],[-6,-36],[11,-5],[-6,-15],[15,-42],[3,-29],[16,6],[15,-17],[11,5],[-4,61],[-2,64],[-11,19],[-3,49],[-13,16],[-3,59],[8,18],[-4,17],[17,18],[-18,49],[22,30],[15,-3],[12,26],[-4,21],[24,-4],[17,12],[13,16],[4,12],[-7,9],[-13,-16],[-13,-6],[-12,10],[-4,37],[-23,10],[-1,14],[-18,19],[-11,32],[6,10],[38,13],[5,28],[18,16],[-15,8]],[[5004,6273],[16,15],[62,-32],[117,-8],[121,-89],[36,3]],[[5356,6162],[103,-32],[25,59],[62,33],[59,-130],[-23,-89],[36,-27],[23,-37],[80,-30],[67,52],[97,-120],[-58,-60],[43,-27]],[[5542,5221],[-69,-46],[-38,-65],[-70,-27],[-26,70],[-79,-55],[-113,-77],[-30,-95],[-118,-68],[-27,-53],[-126,0],[-51,0],[-100,-72],[-37,-68],[-35,-65],[-22,-41],[-145,-58],[-17,165],[22,67]],[[4461,4733],[32,110],[10,59],[53,24],[-27,75],[3,108],[43,74],[-124,60],[67,97],[-92,74],[-55,144],[-46,-20],[-12,36],[-30,63]],[[5004,6273],[-20,-12],[-6,-22],[-9,-7],[-13,2],[-9,-16],[-29,-13]],[[4774,7112],[67,-46],[12,-4],[52,41],[47,-33],[26,13],[35,26],[78,-83],[69,72]],[[5160,7098],[-4,-67],[15,-25],[31,-19],[57,-33],[11,-36],[40,-68],[1,-24],[1,-15],[-26,-58],[86,-16],[17,-84],[-65,-89],[22,-53],[17,-15],[10,-19],[99,-81],[-15,-129],[-45,-44],[-20,-18],[-21,-21],[-15,-22]],[[4900,7509],[23,30],[-5,23],[6,7],[17,-11],[28,6],[41,37],[44,46],[50,49],[1,26],[-44,62],[-40,8],[-79,-42],[-130,-62]],[[4812,7688],[-16,68],[5,110],[-92,41]],[[4709,7907],[0,23]],[[5466,7408],[-64,-78],[-8,-22],[-32,12],[-22,-8],[-9,-47],[-33,-28],[-9,-30],[-26,-20],[-10,-42],[-34,-27],[-59,-20]],[[4753,7140],[30,40],[5,9],[8,8],[28,32],[-21,70],[54,98],[38,5],[34,49],[-5,25],[-24,33]],[[4461,4733],[-71,90],[-10,22],[-17,24],[13,26],[-24,8],[-27,11],[-80,39],[-96,26],[-33,-43],[-36,9],[10,77],[-40,18],[-30,-64],[-101,-121],[-43,3],[-35,78],[-30,-6],[-11,47],[-24,-2]],[[3776,4975],[-51,89],[49,95],[36,-22],[80,22],[20,-2],[4,-29],[13,-4],[-6,-26],[11,-8],[10,-5],[12,30],[-5,13],[10,26],[6,7],[82,96],[19,5],[10,6],[35,17],[-18,59],[-50,-49],[-62,43],[-29,43],[-5,12],[-47,24],[-45,1]],[[7445,9923],[190,95],[65,75],[124,59],[54,53]],[[7878,10205],[24,9]],[[7902,10214],[50,1],[53,-98],[7,-13],[90,-175],[-76,-54],[-35,-39],[60,-85]],[[8051,9751],[-13,-6]],[[6966,10148],[25,21],[254,134],[27,84]],[[7272,10387],[183,26],[54,7],[120,-34],[96,-143],[153,-38]],[[7003,9810],[-47,-20],[-41,-7],[-122,-15],[-49,-61],[-11,-16],[-56,-25],[-211,-13],[-135,-56]],[[6562,9266],[25,9],[14,8],[2,13],[-8,23],[6,21],[17,15],[17,1],[20,-15],[28,-38],[27,-4]],[[6710,9299],[18,-106],[-18,-26],[53,-90]],[[6793,10981],[-150,-12],[-44,-13],[-92,-36],[-33,-14],[-38,80]],[[6436,10986],[41,55],[-101,57],[-45,5],[52,106],[124,-63],[34,-41],[69,9],[40,51],[18,34],[40,44]],[[6708,11243],[37,-35],[53,3],[20,-79],[-31,-44],[6,-107]],[[7092,11044],[19,30],[5,79],[-1,8],[142,-43],[63,30],[-23,46],[65,15]],[[7362,11209],[10,-67],[6,-6],[126,-30],[43,-71],[-48,-87],[-31,-18],[-29,-35],[-8,-53],[11,-65],[-46,-87]],[[7396,10690],[-45,-32],[-128,0]],[[7223,10658],[-138,36],[67,107]],[[7152,10801],[0,36],[43,156],[-103,51]],[[8071,10391],[24,43]],[[8095,10434],[166,60],[-42,76],[45,39],[37,36],[89,-56],[114,62],[16,38],[67,31],[22,19],[-65,135],[42,77]],[[8586,10951],[75,25],[31,-81],[24,-112]],[[8716,10783],[-20,-2],[-52,-41],[155,-86],[9,-36],[7,-48],[68,5],[3,-16]],[[8886,10559],[-20,-10],[-7,-38],[-16,-16],[-26,18],[-18,1],[-13,-7],[-11,-35],[-27,-86],[-46,-6],[-51,14],[-26,-2],[-11,-21],[15,-41],[-11,-17],[-17,-5],[-52,30],[-27,-1],[-49,-6],[-23,24],[-6,33],[-15,14],[-23,-19],[-19,-31],[-8,-30],[-126,15],[-57,8],[-61,-3],[-14,-3],[-50,52]],[[6710,9299],[12,4]],[[6722,9303],[44,3],[89,33],[32,62]],[[6887,9401],[6,22],[15,12],[26,0],[32,14],[24,33],[44,19],[29,12],[52,-10],[24,-23],[36,30]],[[6887,9401],[-39,52],[-77,-6],[-44,-7],[7,-35],[-12,-102]],[[7902,10214],[53,144],[116,33]],[[8886,10559],[16,-65],[-14,-75],[-10,-21],[-9,-19],[-16,-8],[-30,-87]],[[8823,10284],[-45,-96],[-39,-14],[-118,-73],[-64,-25],[-3,97],[-64,4],[-62,13],[-10,8],[-38,17],[-31,-52],[-14,-39],[6,-22],[1,-13],[-24,-21],[0,-17],[-19,-17],[-26,-3],[-36,0],[-51,-32],[-37,-99],[-8,-9],[-21,-33],[-2,-40],[-12,-19],[-31,-35],[-24,-13]],[[6400,10472],[24,135],[14,-8],[16,-1],[-1,15],[19,2],[24,-15],[21,9],[12,-6],[23,-8],[18,7],[5,-72],[51,-28],[6,-2],[105,21],[49,79],[-11,69],[229,18],[-52,47],[1,98],[78,-50],[54,-9],[22,32],[45,-4]],[[7223,10658],[39,-187],[-3,-14],[13,-70]],[[6885,10247],[-65,31],[11,63],[-87,75],[-103,-8],[-29,-7],[-122,9],[-21,15],[-74,30],[5,17]],[[6164,10797],[167,88]],[[6331,10885],[71,2],[75,-116],[-35,-86],[-280,14],[2,98]],[[7221,11618],[-63,-17],[11,-58],[9,-47],[0,-13],[-32,3],[-39,-63],[-45,-73],[-21,8],[-26,66],[15,69],[-37,5],[-95,11],[21,47],[16,35],[-42,45]],[[6893,11636],[20,35],[-10,23],[39,26],[78,-13],[8,41],[10,50],[50,-12],[14,-21],[2,-43],[50,-4],[33,14],[50,54],[37,57],[83,-27],[62,58],[40,-36],[-68,-67],[34,-29],[41,-54],[-13,-52],[-28,15],[-15,-3],[-11,-24],[-33,9],[-57,-20],[-33,0],[-55,5]],[[6708,11243],[-20,43],[-37,29],[-13,33],[26,20],[29,-41],[34,15],[36,-18],[6,38],[25,36],[-64,38],[-27,-21],[-35,1],[-17,56],[30,30],[58,26],[45,43],[109,65]],[[7221,11618],[53,-58],[127,-118]],[[7401,11442],[-39,-233]],[[7092,11044],[5,-50],[24,-21],[-6,-16],[-39,-37],[-2,-19],[14,-21],[-3,-13],[-14,-8],[-21,34],[-33,17],[-26,-32],[-97,99],[-21,21],[-80,-17]],[[6331,10885],[39,87],[66,14]],[[6400,10472],[-108,-2],[9,57],[-2,32],[-150,94],[-7,30],[-54,4],[-25,1],[10,35],[-140,74],[6,57]],[[5939,10854],[43,-2],[38,-32],[144,-23]],[[7401,11442],[44,-6],[44,16],[72,29]],[[7561,11481],[86,-53],[63,-40],[168,-41],[13,-95],[-11,-25],[5,-22]],[[7885,11205],[7,-75],[-27,-11],[-37,-43],[8,-120],[0,-41],[-6,-38]],[[7830,10877],[-76,-17],[-6,-2],[-38,-30],[-31,-70],[-49,-14],[-29,19],[-104,-88],[-101,15]],[[8095,10434],[-24,127],[-33,54],[6,113],[1,19],[-163,14],[-8,16],[-44,100]],[[7885,11205],[35,19],[36,-11],[103,112],[5,121],[81,9],[46,-73],[56,-6],[-4,-60],[78,-47],[5,-22],[40,-64],[0,-46],[173,5]],[[8539,11142],[-23,-148],[45,14],[25,-57]],[[11034,12661],[83,-69],[-8,-110],[-69,-13],[11,-146]],[[11051,12323],[-22,-68],[-60,16]],[[10969,12271],[-16,32],[-9,30],[-123,-3],[-123,85],[69,75],[41,19],[-41,180]],[[10767,12689],[103,94],[78,-37],[-107,-48],[74,-139],[48,-2],[32,-3],[39,107]],[[11807,12496],[-42,-15]],[[11765,12481],[-85,151]],[[11680,12632],[-10,47],[41,-2],[-110,100],[-147,-80],[-29,80],[-34,27],[15,112]],[[11406,12916],[48,31],[25,59],[-29,87],[19,66],[39,15],[13,-55],[34,-30],[47,-3],[24,-75],[5,-98],[53,3],[58,38],[61,-18],[27,-49],[34,-21],[-15,-44],[-70,-8],[-39,-69],[22,-69],[49,-11],[28,-20],[-32,-149]],[[11124,11892],[76,-9],[61,50]],[[11298,12355],[-34,4],[-19,-39],[-65,-33],[-42,21],[-17,32],[-70,-17]],[[11034,12661],[40,74],[-45,47],[22,48],[84,37],[-13,157]],[[11122,13024],[46,24],[-18,37],[-54,26],[10,103],[43,-10],[8,-42],[59,18],[26,-15],[39,22],[38,-12],[35,-40],[-18,-94],[25,-28],[-16,-51],[61,-46]],[[11680,12632],[-49,-40],[-61,44],[-36,-28],[56,-84],[-56,-51],[-16,-14]],[[10767,12689],[-98,19]],[[10669,12708],[-19,16],[-17,41],[28,31],[1,40],[51,27],[3,56],[73,76],[44,-8],[55,22],[46,-17],[27,34],[105,38],[56,-40]],[[12376,12265],[-46,-24],[-7,66],[-58,59],[-133,42],[-27,-13],[-11,-6],[-29,3]],[[12065,12392],[32,92],[35,20],[-30,24],[-22,44],[-101,15],[2,83],[41,17],[19,36],[60,-5],[-11,47],[51,28],[17,-95],[30,-29],[41,11],[-2,-40],[80,-19],[3,-50],[102,13],[14,-71],[-95,2],[-5,-86],[69,-31],[34,-124],[-44,13],[-17,0],[-2,-3],[-3,-5],[13,-14]],[[10969,12271],[21,-72],[-7,-30],[-145,23],[-6,-36],[-59,5],[-25,-39],[-47,40],[-3,50],[-57,24],[-19,-11],[-74,59],[-61,24],[-26,62],[60,49],[-79,87],[54,81],[38,6],[79,76],[48,-3],[8,42]],[[14448,9738],[-85,-23],[-60,79],[-48,-10],[-52,41],[-48,38],[-70,-45],[-99,11],[-71,40],[-47,26],[74,107],[-30,94],[-35,82],[98,73],[-37,65],[-77,-23],[-33,56],[-35,91]],[[13793,10440],[80,5],[43,65],[-10,72],[56,23],[0,63]],[[13962,10668],[260,0],[130,25],[61,-4]],[[14413,10689],[18,-26],[29,-77]],[[14460,10586],[37,-32],[8,-31],[-13,-18],[35,-73],[-58,-24],[-32,-66],[-138,-142],[38,-84],[-11,-75],[-7,-40],[44,-52],[85,-211]],[[15109,10377],[-100,-4],[-13,48],[-93,-15],[-80,45],[-21,66],[-80,-15],[-46,58],[-64,-9],[-40,64],[-112,-29]],[[14413,10689],[99,41],[34,14],[110,-41],[118,44],[34,174],[73,-19]],[[14881,10902],[47,-86],[39,4],[22,-34],[144,-60]],[[15133,10726],[-6,-50]],[[15127,10676],[-5,-10],[-17,-245],[4,-44]],[[14881,10902],[66,45],[97,24],[71,54],[66,14],[8,54],[2,24]],[[15191,11117],[23,26],[50,11],[6,-33],[30,1],[38,-6],[76,0]],[[15414,11116],[39,-21],[0,-8],[175,-109],[-16,-6],[-42,-14]],[[15570,10958],[-153,-25],[-56,30],[-31,-32],[-1,-14],[106,-71],[1,-65]],[[15436,10781],[0,-5],[-65,-55],[-49,-27]],[[15322,10694],[-57,72],[37,13],[49,-10],[16,58],[-43,10],[-43,67],[-85,-44],[-14,-59],[25,-26],[-74,-49]],[[15109,10377],[1,-65],[-9,-77],[-8,-68],[-6,-54],[-40,-69],[-3,-73]],[[15044,9971],[-55,-72],[-293,-232]],[[14696,9667],[-79,-23],[-50,38],[-119,56]],[[15322,10694],[-195,-18]],[[15570,10958],[-13,-41],[-102,-36],[72,-69],[-91,-31]],[[13962,10668],[-75,88],[-12,152],[45,67],[63,-32],[25,73],[-39,178]],[[13969,11194],[28,1],[33,-41],[124,58],[74,-35],[93,88],[-4,39],[-12,22],[-31,-12],[-12,19],[39,46],[-58,42],[-35,-39],[-64,23],[57,60]],[[14201,11465],[191,60],[20,-70],[44,-15],[-61,-70],[-5,-38],[113,8],[40,-12],[-29,-44],[-1,-47],[28,0]],[[14541,11237],[-9,-45],[86,-5]],[[14618,11187],[34,6]],[[14652,11193],[50,-11],[-35,-152],[115,-7],[3,-65],[218,78],[159,71],[29,10]],[[14652,11193],[40,99],[32,30],[18,-10],[59,66]],[[14801,11378],[58,-32]],[[14859,11346],[2,-58],[63,-48],[50,33]],[[14974,11273],[25,-47],[64,-14],[59,3],[78,14],[53,24],[47,84],[28,17],[20,-51],[81,-77]],[[15429,11226],[-39,-56],[24,-54]],[[14541,11237],[69,-24],[8,-26]],[[15429,11226],[45,-97],[36,-15],[14,17],[4,31],[18,7],[21,-46],[27,-35],[79,-2],[63,-17],[14,-31],[-34,-39],[-26,-52],[22,-57],[9,-58],[4,-75],[96,-82],[-3,-70],[-61,-72],[-139,-23],[-84,-111],[-18,-32],[-31,-139],[-17,-39],[-20,-31],[-69,-53],[-36,-33],[-9,-24],[-15,-61],[-10,-24],[-18,-19],[-41,-34],[-12,-25]],[[15238,9885],[-194,86]],[[15057,8606],[-216,-3],[-63,72],[-53,5],[-73,101],[100,84],[-67,128],[-133,24],[-64,60],[-136,45]],[[14352,9122],[86,172],[209,120],[39,75],[-40,99],[58,53],[-8,26]],[[15238,9885],[1,-39],[-9,-36],[-25,-77],[-35,-70],[-37,-68],[-7,-24],[-8,-47],[-8,-31],[-29,-65],[-10,-49],[1,-102],[35,-110],[34,-61],[34,-73],[20,-84],[9,-43],[14,-68],[1,-53],[-26,-69],[-86,-73],[-50,-37]],[[15027,7537],[4,-58],[-30,-34]],[[15001,7445],[-54,-68],[-17,16],[-124,117],[-168,4],[-141,17],[-206,44],[-117,-8],[-74,50]],[[13816,8880],[89,-15],[26,14],[21,-8],[7,-13],[116,12],[27,19],[93,-18],[29,3],[33,15],[25,9],[2,25],[13,35],[-9,11],[-99,1],[-24,-7],[-83,11],[-155,-13],[-30,0],[-82,24]],[[13815,8985],[8,53],[123,24]],[[13946,9062],[76,28],[207,47],[123,-15]],[[15057,8606],[-31,-37],[17,-69]],[[15043,8500],[6,-17],[35,-54],[28,-42],[83,-147],[155,-208],[-91,-28],[-20,-108],[-81,-15],[-11,-57],[-67,-222],[-53,-65]],[[13815,8985],[-119,-1],[-17,11],[-25,2],[-12,-10],[-12,4],[-9,15],[-48,-1],[-29,12],[-50,-1],[-14,-22],[-17,-7],[-21,3],[-8,-3],[0,-9]],[[12757,9502],[20,27],[1,14],[-118,4],[-9,-18],[-35,-5],[-54,-24],[-51,-19],[-23,0],[-11,14],[-41,5],[-28,22],[-38,-4],[-7,-15],[3,-17],[-21,-7],[-46,8],[-29,30],[-41,4],[-20,29],[25,16],[-11,42],[-45,6],[-20,7],[-16,-3]],[[12929,10148],[152,-132],[117,-74],[-22,-122],[48,-43],[89,-64],[50,-34],[72,-54],[16,-154],[39,-74],[38,-83],[30,-39],[155,48],[133,-21],[56,-34],[69,34],[44,-57],[-66,-62],[-3,-121]],[[12748,10502],[115,100],[20,124],[58,21],[-16,97],[50,38],[54,-9],[41,52],[52,-38],[16,39],[59,16]],[[13197,10942],[44,-44],[27,-36],[33,-10],[-9,-28],[37,-22],[-29,-22],[9,-36],[91,14],[13,-52],[78,2],[96,-24],[37,-52],[51,-57],[83,1],[35,-136]],[[13197,10942],[44,17],[-82,45],[-71,17],[4,43],[-76,48],[7,116],[125,43],[58,-52],[103,51]],[[13309,11270],[46,-78],[159,15],[114,25],[39,102],[50,-43],[137,-46],[-3,-58],[118,7]],[[15703,4451],[-2,198],[-56,137],[-104,10],[-56,120],[-164,54],[47,59],[-57,87],[-64,-8],[-47,63],[17,162],[37,28],[-22,64],[-22,71],[-10,34],[6,132],[30,61],[-26,74],[-47,148],[98,79],[-15,87],[12,79],[-47,18],[-7,11],[-24,19],[-18,120],[88,49],[-23,106],[28,97]],[[15255,6610],[87,10],[23,89],[147,-114],[84,140],[31,-73],[-16,-107],[71,-28],[285,160],[20,17],[22,-25],[-120,-162],[7,-38],[22,4]],[[15918,6483],[121,-137],[26,-120],[57,-79],[41,34],[-33,81],[7,15],[20,22],[35,8],[84,-150],[61,-19],[60,-15],[170,86],[49,-53],[125,119],[88,-53]],[[16829,6222],[-64,-193],[104,-186],[-99,-56],[-1,-81],[-130,-58],[1,-141],[-343,-101],[-102,-53],[-40,-50],[-94,-1],[38,-198],[109,-19],[15,-364],[-27,-60],[-78,-6],[-130,-109],[-143,-128],[-134,12],[-8,21]],[[17193,4285],[80,18],[54,121],[146,106],[18,109],[67,-7],[5,79]],[[17563,4711],[72,6],[12,-86],[87,4],[21,-44],[75,6],[18,42],[110,34],[49,-26],[38,-90],[44,19],[35,-73],[-25,-23],[19,-87],[-52,-56],[-43,29],[-76,-52],[27,-105],[-83,-59],[-18,-120],[39,-109],[102,-59],[14,-31],[59,-35],[43,-139],[44,-31],[9,-60],[-31,-65],[-56,-53],[-38,-63],[-40,-45],[-80,-9],[-138,27],[-62,-68],[-126,71],[76,124],[-23,117],[-115,59],[-147,32],[-31,79],[35,34],[-6,74],[-87,63],[20,78],[52,56],[-1,55],[-74,0],[-118,153]],[[17788,5777],[-594,410],[-16,64],[-32,40]],[[17146,6291],[13,139],[-64,65],[-46,149],[120,36],[13,53],[127,214],[116,7],[20,92],[131,18],[28,147],[113,84]],[[17717,7295],[34,-44],[64,43],[68,2],[33,28],[62,-12],[87,63],[59,50],[163,24],[-1,91],[-37,51],[41,85],[20,162],[72,-6],[149,-42],[101,22],[-50,90],[19,77],[74,18],[1,81],[83,169],[81,0],[44,53],[78,-5],[116,-132],[11,-12],[-9,-91],[130,-48],[91,-67],[74,-22],[-27,-41],[19,-36],[-13,-69],[-34,-41],[-6,-84],[-41,-58],[37,-93],[-6,-86],[19,-46],[-16,-104],[-35,-38],[10,-73],[-36,-92],[-113,-89],[69,-111],[21,-68],[-13,-62],[-175,-122],[82,-89],[-14,-71],[-58,-20],[-20,-92],[-58,-39],[44,-71],[8,-113],[19,-36],[16,-69],[28,-4],[81,11],[100,28],[62,-41],[92,-80],[48,-42],[-30,-79],[19,-93],[-12,-64],[-37,-71],[14,-69],[-24,-94],[-47,-17],[-10,-32],[-43,-37],[-146,121],[-84,-37],[-124,55],[-60,6],[-9,-52],[-59,-26],[-56,56],[-47,-48],[-102,46],[14,45],[-56,68],[-54,43],[-64,-42],[-45,41],[-12,89],[58,129],[-53,62],[-35,79],[-25,-19],[-25,-22],[-22,-76],[-116,37],[-39,-7],[-238,-128],[-108,31]],[[14682,6654],[-51,104],[-72,11],[-41,120],[-52,29],[-18,-4],[-15,29],[-11,3],[-10,-22],[-14,3],[-18,16],[-15,-10],[-62,50],[-78,30],[-100,130],[-174,317]],[[15001,7445],[153,-198],[-39,-57],[17,-140],[66,-36],[-37,-104]],[[15161,6910],[-82,-18],[-73,86],[-183,-109],[-33,-5],[31,-57],[29,-99],[-39,-8],[-129,-46]],[[15737,7389],[-40,-33],[-13,-2],[-51,20],[-57,-12],[-65,-70],[-46,88],[-137,92],[12,24],[1,34],[-107,41],[-69,-56],[-138,22]],[[15043,8500],[230,78],[38,14],[61,-38],[14,-65],[126,61],[65,40],[54,-15],[20,-44],[58,-6]],[[15709,8525],[14,-109],[-81,-60],[47,-22],[-101,-67],[-46,-179],[77,-65],[-51,-139],[47,-97],[-43,-88],[97,-17],[74,19],[89,-193],[-95,-119]],[[15052,4493],[219,115],[52,-34],[51,-241],[122,-74],[51,135],[156,57]],[[16829,6222],[62,-15],[144,95],[111,-11]],[[17788,5777],[-9,-58],[25,-97],[-31,-61],[-60,-12],[23,-52],[-94,-120],[-87,-33],[56,-72],[-7,-109],[-45,-39],[31,-84],[-28,-101],[39,-68],[-47,-125],[9,-35]],[[17193,4285],[-78,-27],[17,-47],[-70,-7],[-60,100],[-86,-45],[-46,-81],[-188,-14],[-82,-96],[-117,-35],[-61,-40],[-146,96],[-58,-65],[22,-50],[-38,-70],[46,-8],[-7,-67],[-44,-36],[-6,-73],[-119,-9],[-48,60],[-143,-102],[-93,-2],[-70,46],[-113,-6],[-97,71],[-38,-32],[-77,82],[-68,116],[-62,139],[-30,67],[-145,66],[-2,49],[33,34],[-67,194]],[[13821,2877],[-88,55],[-90,136],[-131,73],[-75,146],[12,123],[5,47],[-64,86],[-37,106]],[[13353,3649],[41,66],[45,74],[-41,58],[-2,54],[24,71],[84,61],[12,131],[-34,95]],[[13482,4259],[65,155],[-77,151],[36,148],[-73,111]],[[13433,4824],[328,181],[205,10],[285,114],[49,-183]],[[14300,4946],[-27,-71],[21,-18],[-18,-89],[15,-28],[-14,-35],[-45,-38],[-73,-25],[14,-98],[126,-94],[23,-77],[-34,-57],[40,-66],[-27,-40],[-6,-66],[18,-53],[70,-21],[13,-80],[-19,-47],[26,-56],[-18,-57],[-44,-23],[3,-109],[-59,-100],[-40,-28],[-17,-71],[-16,-124],[-15,-103],[-52,6],[-49,-27],[-8,-92],[-28,-29],[-61,-11],[-30,-183],[-43,-63],[-48,7],[-26,0],[-31,-3]],[[15255,6610],[-9,19],[-81,112],[30,56],[-34,113]],[[15737,7389],[77,-50],[101,3],[7,9],[114,-28],[91,-63],[193,100],[114,-67],[29,-23],[-38,-88],[53,-29],[-7,-82],[-322,-291],[35,-57],[-50,-63],[-78,-110],[-74,0],[-64,-67]],[[15709,8525],[46,51],[84,-5],[74,28],[34,-49],[79,5],[15,-53],[140,-19],[29,-31],[133,8],[211,-154],[82,31],[42,38],[83,-15],[8,-38],[-45,-40],[88,-55],[5,-89],[-84,-150],[29,-39],[0,-128],[171,-87],[53,-35],[56,-18],[165,20],[26,-77],[77,-22],[50,19],[167,-160],[9,-85],[156,0],[25,-81]],[[12167,5368],[-149,51],[-218,-23],[-92,43]],[[14682,6654],[-14,-124],[-18,-34],[-65,-119],[3,-83],[-117,-155],[61,-105],[-26,-139],[34,-23],[-23,-15],[-131,-41],[4,-88],[27,-40],[4,-72],[-26,-80],[-272,-81],[-43,-2],[-128,-137],[-165,-64],[-39,-74],[-128,-52],[-90,-104],[-225,3],[-39,-105]],[[13266,4920],[-74,98],[-15,117],[-16,26],[38,213],[72,114],[-44,104],[-123,68],[-138,-56],[-47,-1],[7,98],[-28,75],[-65,-71],[-84,24],[-68,-40],[47,-145],[-57,-63],[-306,-135],[-198,22]],[[15052,4493],[-1,259],[32,29],[-7,79],[-67,-3],[-6,66],[75,20],[-13,99],[-36,-14],[-69,-45],[-40,-54],[8,-84],[-66,-58],[-95,37],[-99,139],[23,55],[-48,34],[-42,-27],[-177,-14],[-81,-59],[-43,-6]],[[13433,4824],[-105,-10],[-49,33],[-17,59],[4,14]],[[8952,10160],[14,93],[-143,31]],[[8716,10783],[117,16],[63,32],[-2,100],[-5,65],[191,26],[77,-57]],[[9157,10965],[-117,-107],[10,-52],[5,-17],[129,-37],[24,-69]],[[9208,10683],[40,-48],[13,-28],[-2,-53],[-41,-22],[35,-64],[39,-38],[-10,-72],[67,-26],[28,-139]],[[9377,10193],[-133,-7],[-22,29],[-86,-49],[-1,-55],[-14,-78],[-164,54],[4,38],[-9,35]],[[9754,10625],[-73,65],[72,81]],[[9753,10771],[16,-10],[61,43],[-12,8],[0,24],[2,25],[16,16],[14,23],[2,22],[-11,23],[-49,40],[-56,-2],[-13,11],[21,18],[5,21],[-1,30],[-11,26],[-22,19],[6,14],[21,-5],[13,14],[21,30],[-13,36],[-2,78],[1,18],[-6,66],[-27,96],[-12,25],[9,28]],[[9726,11508],[6,22],[135,20],[6,-20],[12,-48],[0,-75],[71,-56],[24,-34],[17,-9],[187,-7],[29,26],[71,-13]],[[10459,10432],[-14,-5],[-33,56],[-96,-5],[-9,30],[-53,-49],[-21,21],[-80,-9],[-32,-10],[-42,2],[-18,15],[7,36],[-1,49],[-8,11],[-16,1],[-16,10],[-1,17],[-28,16],[-18,24],[-3,25],[-13,12],[-69,-19],[-16,-37],[-56,30],[-69,-28]],[[9856,9955],[-93,64],[-25,38],[22,92],[-14,37],[-80,78],[50,20],[53,104],[-38,78],[16,16],[-19,88],[24,24],[2,31]],[[10416,9921],[-43,44],[-14,26],[3,30],[8,29],[2,25],[-20,28],[0,30],[-18,20],[-26,16],[-57,-47],[-54,-5],[-74,86],[2,21],[-6,31],[-41,-3],[-29,20],[-117,-80],[56,-67],[3,-90],[-40,-38],[9,-40],[-104,-2]],[[9157,10965],[33,8],[75,14],[-45,96],[14,32],[61,36],[24,92],[-15,60],[-34,25],[-34,22],[41,44],[130,13],[24,22],[38,27],[37,-10],[16,40],[-43,113],[34,50]],[[9513,11649],[114,-38],[10,-75],[89,-28]],[[9753,10771],[-21,11],[-89,-25],[-83,19],[-14,2],[-21,43],[-30,50],[-32,6],[-1,-31],[-14,-36],[6,-57],[-8,-37],[-25,-12],[-147,-27],[-66,6]],[[9149,9736],[-5,8],[17,37],[-8,90],[-98,26],[-20,33],[-130,27],[20,64],[-38,13],[11,117],[54,9]],[[9377,10193],[14,-14],[76,-16],[58,-85],[-8,-5],[64,-83],[17,-28],[26,3]],[[9624,9965],[24,-111],[3,-15],[11,-50],[12,-15],[4,-27],[28,-74]],[[8539,11142],[14,37],[121,113],[22,87],[-59,28],[-55,1],[-19,32],[46,113],[5,46]],[[8614,11599],[183,-16],[57,-27],[103,32],[57,53],[63,-10],[43,-25],[51,20],[31,97],[34,45],[56,0],[44,12],[-3,42],[50,26],[47,-13]],[[9430,11835],[1,-60],[68,-80],[14,-46]],[[9856,9955],[11,-59]],[[9740,9804],[3,22],[-4,13],[-29,94],[-22,103],[-10,20],[-24,31],[-17,11],[-11,-2],[4,-14],[-11,-6],[-7,-44],[12,-67]],[[7561,11481],[41,16],[124,19],[23,25],[157,54],[60,87],[25,98],[52,7],[38,-30],[48,5],[49,29],[100,5],[56,-31],[55,-86],[-9,-98],[39,-49],[66,0],[29,-15],[62,79],[38,3]],[[9430,11835],[106,72],[36,73],[64,26],[50,-27],[15,-57],[65,42],[92,1],[25,-18],[90,-2],[40,-26],[-10,-78],[9,-29],[79,-64],[36,-39],[52,-14],[103,-3],[79,-24],[24,7],[15,52],[35,15],[59,-32],[57,-26]],[[14201,11465],[-180,51],[-15,111],[54,27],[16,96],[-6,13]],[[14070,11763],[46,61],[93,-2],[5,94],[60,48]],[[14274,11964],[77,-61],[108,-63],[107,-58],[7,-19],[-12,-76],[12,-30],[16,-45],[81,-56],[48,-48],[36,-35],[52,-16],[10,-27],[-15,-18],[0,-34]],[[14859,11346],[71,-30],[44,-43]],[[11562,12441],[86,68],[48,-20],[69,-8]],[[11807,12496],[63,-10],[195,-94]],[[12376,12265],[86,-30],[50,-35],[48,3],[43,24],[35,-4],[27,29],[72,20],[50,13],[42,26],[7,28],[44,31],[90,16],[43,21],[24,4],[96,-16]],[[13133,12395],[-28,-42],[16,-75],[-36,8],[-2,-9],[23,-114],[-67,-104]],[[13039,12059],[35,-93],[-68,-75],[32,-80],[-33,-129],[-32,-1],[-12,-98],[56,-20],[-1,-43]],[[13016,11520],[-129,-32],[-55,-38],[31,-72],[-152,-9],[-32,-31],[-80,30],[-3,109],[-20,66],[-58,-29],[-24,-50]],[[13133,12395],[24,12],[67,-3],[21,1],[13,-21],[23,-1],[12,24],[33,-9],[9,-29],[18,-14],[85,-1],[40,6],[52,-19],[40,18],[38,0],[15,-19],[11,-14],[42,-26],[36,-1],[41,-49],[62,-22],[60,-31],[115,-48],[74,-47],[70,-37],[81,-41],[59,-60]],[[14070,11763],[-14,32],[-63,-29],[-55,118],[-74,20],[-52,11],[-83,70],[-43,-105],[-121,-24],[-141,-8],[-44,97],[-3,43],[-91,27],[-123,-15],[18,80],[-142,-21]],[[13016,11520],[18,-142],[82,66],[135,-15],[73,-14],[50,-52],[13,-23],[-78,-70]],[[12828,2698],[51,1],[-30,73],[-56,12],[-8,28],[22,5],[5,28],[41,236],[8,60],[19,81],[-49,38],[-63,33],[30,96]],[[12798,3389],[30,1],[83,107],[174,42],[-19,76],[39,18],[8,-95],[7,-14],[14,-9],[23,5],[17,-7],[-7,77],[138,84],[48,-25]],[[13821,2877],[-9,-46],[-83,-51],[-65,-134],[-184,-83]],[[13480,2563],[-50,84],[4,7],[-58,86],[-97,-19],[120,-89],[-38,-65],[-115,17],[-85,34],[-40,-28],[-42,-73],[-57,61],[-3,40],[-147,23],[-38,34],[-6,23]],[[13482,4259],[-315,68],[-70,-45],[-2,-117],[-74,25],[-16,59],[-131,-18]],[[12874,4231],[-16,14],[-57,107],[-20,29],[-31,37],[-21,16],[-74,109],[-90,107],[-41,90],[-1,71],[-7,61],[-9,82],[-106,61],[-57,21],[-63,15],[-44,29],[-71,-35],[-71,42],[72,281]],[[12683,3728],[-64,-17],[-55,96],[-106,39],[64,129],[-85,101],[-52,21],[-9,74],[-181,94],[-196,73]],[[11999,4338],[-19,136],[-119,61],[-26,86],[32,55],[-92,108],[-190,34],[-91,60],[-119,51],[-170,-57],[-6,-82],[-90,-61],[-51,30],[-265,-155]],[[10793,4604],[-41,23],[-24,51],[-92,-12],[-145,-48]],[[10491,4618],[0,262],[217,7],[146,206]],[[12874,4231],[90,-81],[-50,-110],[-231,-312]],[[10818,3299],[54,54],[397,96],[131,-38],[105,-35],[72,-124],[41,-27],[40,16],[57,-15],[35,-36],[73,-20],[16,-60],[26,-44],[16,-2],[91,0],[39,2],[9,-7],[-2,-16],[22,-26],[20,-2],[8,-18],[13,-14],[105,35],[41,-3],[3,37],[5,38],[-8,13],[31,105],[-4,76],[-31,42],[-49,5],[-29,80],[14,56],[-186,192],[-144,83],[-82,79],[45,84],[9,64],[80,42],[-8,30],[100,107],[-21,95],[47,95]],[[12683,3728],[55,-52],[-26,-136],[38,-127],[48,-24]],[[12828,2698],[-64,3],[-67,8],[-16,-38],[-94,-232],[-23,-4],[2,-125],[-29,-32],[-11,-34],[-13,5]],[[12513,2249],[-42,33],[-53,22],[-112,109],[-18,-26],[-80,-20],[-119,65],[50,39],[42,52],[23,35],[45,32],[51,45],[34,17],[37,14],[36,15],[40,17],[41,7],[31,32],[-5,25],[-11,63],[-42,50],[-51,34],[-21,-26],[-72,-26],[-38,-4],[17,-90],[-22,-28],[-35,-42],[-43,1],[-64,50],[-120,-37],[-74,-87],[-31,-94],[-72,-117],[-47,-3],[-22,51],[-48,-3],[-54,21],[-42,67],[-155,-26],[-11,83],[-73,63],[46,69],[-132,66],[-3,17],[-14,62],[-32,33],[-95,95],[-25,87],[-12,45],[-98,-4],[-40,48],[-136,44],[-24,75]],[[13480,2563],[-27,-22],[34,-79],[48,-84],[-8,-48],[-36,-47],[-6,-55],[-14,-33],[-105,-15],[-132,-69],[-15,-26],[-35,-109],[41,-51],[28,-33],[-44,-33],[-34,-43],[-48,-4],[-39,-25],[-33,-6],[-17,9],[-12,24],[-25,2],[-12,-17],[-15,8],[-26,-7],[-8,-20],[-14,-39],[32,-18],[14,-14],[2,-29],[3,-32],[-5,-21],[-25,-38],[-6,-42],[3,-38],[20,-6],[-9,-23],[-24,-2],[-18,-11],[-9,-38],[-15,-36],[-31,-48],[-33,-38],[-20,-17],[-20,-4],[-25,29],[-40,34],[-2,23],[27,77],[-5,33],[-16,72],[-6,26],[0,13],[10,20],[3,17],[31,43],[10,38],[2,10],[-5,17],[-13,10],[-38,-18],[-21,-30],[7,-45],[0,-30],[-13,-19],[-30,-14],[-1,-14],[18,-32],[-4,-15],[-38,-12],[-38,11],[2,26],[13,16],[-12,22],[-11,3],[-24,-14],[-11,-20],[-35,31],[-43,64],[-42,30],[-41,6],[-118,26],[-17,-23],[-25,7],[2,24],[23,93],[19,28],[35,60],[60,25],[10,8],[25,48],[31,61],[-34,18],[27,49],[48,-14],[34,60],[-1,85]],[[12821,1204],[-16,37],[31,15],[61,90],[36,35],[14,2]],[[12947,1383],[2,-145],[-128,-34]],[[13247,1344],[-18,-20],[-9,-40],[-65,-76],[-69,25]],[[13086,1233],[3,40],[-30,60],[-13,11],[-24,22],[-21,40],[5,48],[-11,21],[-14,5],[4,22],[23,-2],[8,52],[39,-10],[15,60],[-11,76],[30,33],[70,29],[28,12],[16,22],[59,21],[29,-51],[-33,-8],[-6,-29],[-35,-3],[-8,-41],[-56,-12],[-9,-39],[-13,-15],[10,-14],[87,-25],[14,-81],[-9,-43],[35,-33],[-21,-57]],[[12947,1383],[44,-31],[39,-35],[13,-33],[6,-86],[16,-13],[13,11],[8,37]],[[13247,1344],[45,-20],[57,8],[36,-35],[38,0],[-2,-33],[76,-31],[4,-77],[42,20],[-6,-40],[-22,-66],[-50,-71],[-57,-12],[-12,-111],[-68,-100],[-2,-106],[-69,-34],[-106,23],[14,81],[-81,7],[-11,-31],[-67,16],[-21,48],[-41,5],[-58,-25],[-11,-47],[-40,7],[-49,-19],[7,82],[86,137],[30,-1],[26,21],[-11,13],[-40,7],[-33,136],[-33,25],[14,43],[-11,40]],[[10818,3299],[-94,23],[1,64],[57,34],[-82,112],[-55,121],[68,22],[3,97],[44,24],[16,29],[29,27],[3,73],[-12,70],[35,56],[-13,107],[-21,46],[35,57],[-29,64],[21,33],[-45,74],[-15,62],[33,62],[-4,48]],[[3918,4230],[7,6],[33,-11],[38,8],[47,3],[27,-11],[26,12],[78,-6],[20,16],[7,28],[26,39]],[[4227,4314],[395,219],[8,-19],[-43,-47],[13,-69],[99,33],[14,-10],[120,-12],[23,-124],[81,78],[92,-35],[85,-194],[240,-12]],[[5465,3793],[-83,-90]],[[5382,3703],[-28,-60],[59,-133],[-175,-138],[-88,-129],[-86,-18]],[[5064,3225],[-47,-132],[-119,-93],[-56,-14]],[[4842,2986],[-18,11],[-165,-88],[-21,42],[-28,42],[-32,25],[-7,18],[-6,74],[-11,20],[-18,14],[-7,20],[2,14],[-6,11],[-16,16],[-11,18],[-25,55],[2,25],[-9,22],[-36,30]],[[4430,3355],[-39,43],[-18,20],[-9,26],[-10,56],[-8,27],[-43,45],[-36,21],[-20,25],[-2,42],[-16,63],[1,60],[-4,22],[-8,16],[-45,56],[-26,2],[-50,-7],[-23,14],[-25,51],[-25,24],[-10,23],[22,59],[1,41],[-10,29],[-60,57],[-49,60]],[[3668,5532],[-17,-4],[-61,107],[-56,23],[-78,-184],[-22,-7],[-34,-26],[-54,-4],[-57,63]],[[3289,5500],[6,29],[15,-1],[48,91],[12,-1],[43,68],[11,99],[90,80],[-12,28],[12,41],[-24,39],[-29,44],[27,17],[39,-21],[50,79],[14,27],[54,-36],[57,65],[-19,36],[-61,-7],[-9,42],[95,119]],[[3655,6394],[-39,-1]],[[3568,6494],[15,37],[25,62],[28,25],[40,74]],[[4077,7351],[46,42],[0,19],[90,56]],[[4379,7604],[74,65],[-3,18],[13,18],[68,43],[121,75],[11,28],[31,29],[15,27]],[[4812,7688],[-20,-33],[-42,-21],[-39,-44],[-30,-28],[5,-33],[26,-39],[32,-24],[30,-7],[43,1],[83,49]],[[2515,5304],[-13,89],[6,83],[9,64],[-28,-3],[-11,138],[-33,71],[2,23],[24,20],[8,27],[99,-23],[60,51],[60,93]],[[2698,5937],[39,-1],[29,112],[-24,41],[32,32],[64,-17],[77,36],[24,-27],[26,64],[-59,37],[21,48],[53,41],[6,117],[19,29],[62,-72],[52,-73],[-7,-48],[40,-4],[116,101],[28,-83],[86,10],[6,33],[2,30],[58,54],[15,-26]],[[3289,5500],[-15,-81]],[[3274,5419],[-171,125],[-37,-10],[7,-21],[-27,-11],[21,-117],[-79,-36],[-45,59],[-53,17],[-11,56],[-83,38],[-40,-25],[-18,-59]],[[2738,5435],[-27,3],[-8,-57],[-17,3],[-59,-29],[-10,-45],[-29,1],[-73,-7]],[[1270,5208],[-50,-88],[-24,-42],[-49,1],[-72,49],[-88,16],[-68,77]],[[919,5221],[-22,24],[-172,177],[182,181],[85,46],[201,199],[71,86],[140,128],[7,33],[167,89],[227,143],[26,53],[66,16],[37,37],[-12,29],[53,50],[76,7],[73,56],[21,34],[29,23],[41,105],[-85,91],[-15,68],[28,31],[20,110],[78,105]],[[2241,7142],[94,-32],[132,52],[61,23],[152,105],[33,21],[70,32],[69,14],[78,13],[38,19],[66,91],[72,72],[250,115],[11,-33],[-30,-157],[96,-88],[-7,-50],[9,-3],[-3,-31],[-14,-49],[87,-6]],[[3505,7250],[-13,-37],[-34,-28],[-25,-9],[-37,-44],[-21,-4],[-43,-26],[-58,-73],[-30,-9],[-17,-19],[-18,-6],[-19,-36],[-19,-11],[-10,-14],[-26,-6],[-44,-25],[-104,-86],[2,-35],[3,-18],[24,-27],[22,-24],[50,5],[14,10],[28,1],[22,22],[183,94],[58,4],[22,-9],[21,7],[36,-28],[37,2],[37,38]],[[2698,5937],[-43,18],[-7,3],[-38,-1],[1,111],[-2,43],[-107,-9],[-127,-111],[-28,16],[-15,8],[-44,-33],[-37,13],[-20,5],[-52,-46],[-34,-21],[-27,-23],[-158,99],[-30,-6],[-99,-36],[-73,24],[-7,-204],[-1,-15],[-82,-65],[10,-58],[-133,-120],[-14,-64],[-25,-28],[-123,-130],[-113,-99]],[[1328,5656],[9,-8],[9,5],[15,12],[8,13],[15,2],[6,15],[25,15],[28,8],[155,140],[40,24],[9,17],[-3,28],[29,41],[-5,12],[-15,2],[-23,-30],[-149,-109],[-129,-107],[-40,-59],[-22,-15],[-1,-22],[12,-9],[27,25]],[[3274,5419],[62,-6],[-13,-50],[-86,-190],[-24,6],[-23,-29],[-69,-35],[-64,-91],[-13,-18],[-12,-18],[-44,-16],[5,-39]],[[2993,4933],[-41,11],[-52,15],[-79,28],[-40,33],[-24,-1]],[[2757,5019],[-14,19],[-8,32],[35,13],[54,-20],[23,35],[22,34],[0,42],[0,51],[-31,2],[-36,-48],[-33,17],[-9,41],[-24,9],[46,120],[-50,18],[6,51]],[[3776,4975],[-111,-201],[-2,-61]],[[3663,4713],[-53,15],[-42,4],[-76,39],[-34,40],[-34,19],[-30,0],[-25,-19],[-39,0],[-34,25],[-44,39],[-55,30],[-58,20],[-38,4],[-14,7],[-94,-3]],[[1861,4695],[0,12],[-65,71],[-44,-22],[-18,28],[-55,85],[-19,47],[-60,2],[-47,-64],[-111,-27],[-13,29],[50,44],[-50,69],[40,35],[-40,47],[27,46],[-186,111]],[[2515,5304],[-4,-11],[27,-52],[68,-68],[-21,-75],[-19,-100],[-20,-41]],[[2546,4957],[-60,45],[-52,11],[-27,-16],[-38,-61],[-40,-13],[-20,-54],[-13,-15],[-34,1],[-39,-35],[-2,-40],[-7,-7],[-22,6],[-29,-31],[-55,-19],[-63,-11],[-50,-37],[-9,-16],[-35,-9],[-34,12],[-28,25],[-28,2]],[[758,3789],[31,37],[34,63],[1,30],[83,73],[7,52],[44,40],[-36,57],[-12,30],[-37,-13],[-135,125],[-39,4],[-58,69],[-111,35],[-22,20],[48,99],[40,46],[-52,91],[9,74],[104,99],[70,180],[192,221]],[[1861,4695],[-115,-21],[-20,0],[-31,-27],[-26,-39],[-60,-46],[-16,-31],[-30,-38],[-10,-16],[-43,-26],[-26,-16],[-5,-57],[-36,-53],[2,-50],[-21,-13],[-16,-32],[-46,17],[-20,-1],[-46,-41],[-65,-94],[-28,-29],[-63,-82]],[[1140,4000],[-137,74],[-26,-13],[-6,-36],[97,-47],[-9,-45],[59,-24]],[[1118,3909],[-30,-86],[-24,-57],[-35,-39],[-23,-37],[-26,-36],[-23,-15]],[[957,3639],[-131,60],[-68,90]],[[1012,3934],[-51,43],[-19,-19],[-3,-44],[73,20]],[[2757,5019],[-30,-3],[-26,-24],[-64,-37],[-91,2]],[[4227,4314],[-32,82],[-10,30],[-16,19],[-24,-5],[-14,14],[-1,29],[-30,31],[-33,-8],[-62,20],[-5,27],[-58,11],[-26,13],[-26,44],[-52,13],[-21,14],[-11,40],[-81,13],[-62,12]],[[8977,2353],[-75,129],[-22,55],[-34,142],[4,111],[-54,65],[-8,48],[-52,279],[10,125],[-124,76],[-37,138],[-65,-2],[-16,101],[-63,-9],[-6,34],[-27,3]],[[8408,3648],[-108,9],[-46,6]],[[8254,3663],[8,31],[50,29],[-8,47]],[[8304,3770],[-1,78],[44,31],[-27,54],[60,29],[-1,72],[59,51],[-13,115],[-2,135],[-64,46]],[[8359,4381],[199,174],[93,147]],[[8651,4702],[125,-20]],[[8776,4682],[331,-212],[-60,-128],[-181,-132],[-65,-223],[20,-120],[54,-49],[3,15],[5,11],[18,22],[15,7],[12,14],[1,14],[7,12],[237,-117],[41,19],[49,-93],[114,-17],[48,-58]],[[9425,3647],[-73,-67],[-32,-70],[-42,-22],[-32,-54],[-41,-19],[4,-27],[-23,-13],[29,-24],[67,-21],[34,-84],[31,-7],[27,-51],[56,-12],[39,-110],[18,-94],[50,-50],[20,-65],[-74,-94],[26,-91],[-42,-75],[-43,-20],[-37,10],[-49,-39],[-17,-81],[-65,-56],[-126,-22],[-80,-29],[-73,-7]],[[6102,2847],[-19,-113],[-25,-18],[-40,-163],[73,-301],[-58,-81],[8,-68]],[[6041,2103],[-311,229]],[[5730,2332],[-22,118],[63,83],[5,173],[-134,65],[-37,87],[-11,28],[-33,-13],[-37,-10],[-15,-18],[-14,1],[-15,6],[-15,115],[-182,31],[-219,227]],[[5382,3703],[436,-7],[105,-79],[17,-121],[-87,-202],[6,-102],[4,-142],[22,4],[39,-6],[27,5],[15,10],[23,-46],[-30,-16],[-23,-61],[77,5],[89,-98]],[[4605,1600],[137,67],[-68,98],[15,102],[43,29],[60,17],[90,148],[88,39],[-12,165],[-22,28],[178,86],[50,65],[197,-1],[119,59],[89,-27],[100,-148],[61,5]],[[6041,2103],[18,-101],[44,-44],[8,-136],[74,-37],[70,-93],[120,-30],[7,-43],[95,44],[52,-39],[99,-200]],[[6628,1424],[-50,-15],[-18,-28],[12,-80],[-62,-3],[-32,-25],[-38,-5],[-44,-70],[-103,-76],[-43,14],[-31,-55],[-51,-33],[-69,48],[-42,3],[-25,47],[-44,16],[-74,-34],[-33,21],[-17,32],[-85,18],[-22,-18],[-41,-92],[-81,-88],[-35,-8],[-17,36],[-48,-23],[-39,14],[-38,-15],[-13,-34],[-62,-42],[1,-80],[-47,-27],[-73,30],[-61,41],[-4,42],[-26,6],[-68,-36],[-15,-39],[-76,-48],[-63,-8],[-37,51],[-23,50],[14,29],[-60,56],[-15,44],[-51,41],[-9,71],[-82,73],[-37,102],[6,103],[-75,32],[-37,65],[16,44],[44,29]],[[9710,3653],[-105,174],[-45,77],[9,105],[-86,62],[-73,88],[-108,-57],[-31,27],[-2,44],[-34,98],[-85,71],[22,44],[42,58],[-78,109],[-231,201],[-58,-2],[-71,-70]],[[8651,4702],[-141,160]],[[10491,4618],[-48,-25],[-73,8],[-86,-112],[-84,-56],[-74,6],[-63,-109],[52,-28],[38,11],[32,-48],[-4,-64],[-11,-72],[-129,-93],[-56,19],[-29,-40],[15,-36],[3,-68],[-71,8],[-19,-44],[-99,-26],[7,-63],[-39,-36],[-4,-62],[-39,-35]],[[7154,1937],[-42,-206],[-115,-92]],[[6997,1639],[-52,-23],[-63,0],[-24,-64],[18,-94],[-37,-34],[-61,14],[-30,24],[-40,-8],[-45,9],[-35,-39]],[[6102,2847],[55,160],[-8,85],[128,38],[71,76]],[[6348,3206],[130,29],[38,-65],[95,-30],[60,-97],[124,-29],[22,-60],[-39,-39],[-34,-143],[13,-135],[241,-372],[83,-195],[60,-5],[13,-128]],[[6489,4107],[-154,-119],[102,-195],[-121,-373],[-29,-57],[23,-32]],[[6310,3331],[-57,-13],[-51,91],[27,60],[-39,163],[35,29],[-57,149],[-104,67],[2,79]],[[7549,4357],[-53,-181],[44,-32],[41,-134],[73,46],[118,-41],[-54,-258],[4,-96],[-2,-28],[6,-92],[28,-50],[-73,-39],[49,-111],[20,-61],[-46,-80],[74,-87]],[[7778,3113],[-15,-112],[-17,-10],[-60,-36],[-1,-342],[39,-117],[-149,-59]],[[7575,2437],[-155,132],[-3,202],[-65,100],[15,246],[-36,119],[-45,32],[-2,22],[-85,28],[-149,160],[-33,-10],[-62,143],[-13,30],[-20,38],[-38,98],[95,40],[15,71],[-11,63],[-61,20],[10,76],[47,18],[34,90],[-61,-3],[-45,33]],[[4605,1600],[-54,40],[-12,74],[-43,-7],[-59,43],[-18,84],[-54,71],[-31,2],[-27,75],[-33,59]],[[4274,2041],[183,214],[50,-12],[35,97],[108,74],[86,184],[62,-77],[12,-33],[86,238],[-35,78],[-19,182]],[[3855,2523],[-45,32],[-94,-6],[-74,47],[-32,89],[10,74],[88,121],[-41,139],[68,125],[0,61],[58,37],[25,59],[55,41],[19,30],[11,86],[25,48],[-14,62],[-58,-3],[-79,68],[3,39],[-34,58],[-46,21],[-46,-2],[-9,70],[-55,6],[-27,93],[-33,44],[6,76],[91,32],[53,48],[-9,85],[17,26],[80,-44],[30,-8],[69,15],[22,-8],[20,-13],[12,19],[-9,34],[6,6]],[[4430,3355],[-57,-187],[19,-44],[-71,-90],[-46,-8],[-3,-38],[19,-167],[-10,-5],[-153,-106],[-115,-93],[-116,9],[-42,-103]],[[8359,4381],[-168,-106],[-19,-63],[25,-240]],[[8197,3972],[39,19]],[[8236,3991],[67,-143],[1,-78]],[[8304,3770],[-161,-99]],[[8143,3671],[-8,-50],[-29,-126]],[[8106,3495],[61,-53],[-157,-167],[-84,-12],[9,-49],[-60,-109],[-97,8]],[[9710,3653],[-189,-47],[-96,41]],[[4274,2041],[-45,39],[13,40],[-17,15],[-30,-17],[-70,-87],[-57,-10],[-20,-43],[-75,37],[-18,41],[36,112],[51,29],[-2,67],[-41,52],[52,94],[-9,46],[42,56],[-34,1],[-48,-23],[-35,24],[-112,9]],[[7575,2437],[28,-74],[-98,-206],[-14,-29],[-82,-168],[-165,-72],[-90,49]],[[6348,3206],[-12,45],[-26,80]],[[8106,3495],[37,176]],[[8304,3770],[8,-47],[-50,-29],[-8,-31]],[[8254,3663],[46,-6],[0,0],[108,-9]],[[8977,2353],[-14,-101],[-30,-41],[2,-88],[44,-114],[-77,-73],[17,-47],[-29,-39],[2,-55],[-50,4],[-54,-106],[-63,15],[-65,-14],[-56,13],[-164,-9],[-66,-109],[-56,-40],[4,-134],[-33,-36],[-6,-61],[33,-63],[-20,-41],[-61,-33],[-25,27],[-96,12],[-66,28],[-66,-72],[-161,141],[-68,14],[-67,-97],[-63,-3],[-55,70],[5,86],[-52,41],[-65,5],[-59,109],[-43,13],[-73,-36],[-80,12],[-50,-18],[-121,19],[-33,107]],[[8197,3972],[-25,240],[19,63],[168,106],[64,-46],[2,-135],[13,-115],[-59,-51],[1,-72],[-60,-29],[27,-54],[-44,-31],[-67,143]],[[2241,7142],[14,153],[2,110],[-127,228],[86,67],[76,111],[67,65],[46,42],[35,-54],[280,104],[90,51],[51,29],[60,-7],[82,58],[73,143],[99,69],[94,8],[88,83],[-77,37],[-40,63],[44,19],[15,28],[1,18],[-11,17],[-1,17],[13,13],[39,18],[87,8],[43,29],[2,39],[-23,25],[0,28],[24,6],[26,28],[44,36],[62,13],[64,30],[22,19],[34,8],[12,26],[18,3],[64,66],[36,18],[7,20],[23,19],[21,2],[44,61]],[[3950,9116],[14,1]],[[4918,8429],[-20,1],[-36,-20],[-5,-11],[9,-13]],[[4672,8103],[-20,-6],[-17,-20],[-11,14],[-20,0],[-13,-12],[-60,13],[-15,25],[-25,14],[-30,8],[-48,-33],[-37,-31],[-2,-18],[-18,-17],[-28,-1],[-7,-16],[-51,-18],[-24,-15],[-19,5],[-44,-25],[-7,-12],[-25,-18],[-55,-5],[-42,-20],[-47,-39],[5,-86],[-16,-32],[-1,-37],[-45,-28],[-59,-16],[-32,-37],[1,-34],[-11,-10],[-25,7],[-109,-72],[-95,-119],[-19,-21],[-34,-19],[-24,-32],[-19,-41],[-14,-23],[-5,-26]],[[957,3639],[-14,-85],[15,-40],[-10,-38],[-14,-45],[-21,-11],[-17,-39],[-21,-28],[0,-31],[-9,-80],[-8,-41],[16,-35],[1,-33],[1,-26],[-23,-25],[-6,-6],[27,-16],[78,47],[96,166],[-6,45],[9,77],[22,40],[46,9],[30,39],[53,87],[29,22],[33,57],[-3,34],[42,-9],[17,-73],[-20,-29],[-29,-13],[-31,-40],[35,-37],[17,-62],[59,-45],[-5,-28],[27,-7],[53,35],[44,64],[32,-4],[-1,-27],[-14,-31],[58,14],[16,-21],[-13,-69],[-59,-127],[-86,-64],[-71,-18],[-48,-32],[-37,4],[-71,-27],[-26,-44],[-49,-26],[-34,-48],[-59,-26],[11,-75],[-58,-50],[-127,-70],[-69,-41],[-150,14],[-18,50],[-25,-3],[-53,-16],[-83,14],[-21,-51],[-60,-40],[-49,42],[-69,-7],[-59,20],[-51,-1],[-26,-57],[-85,-33],[-16,24],[48,27],[14,24],[-14,28],[52,105],[29,48],[3,28],[26,-15],[8,5],[5,36],[6,36],[-55,52],[-84,37],[33,46],[2,40],[35,53],[42,-2],[9,26],[61,-2],[57,72],[40,18],[41,27],[49,-44],[42,58],[37,25],[28,-28],[85,33],[51,-54],[53,21],[45,44],[-17,64],[-79,110],[-2,62],[49,54],[40,6],[-11,45],[8,58],[22,33]],[[1140,4000],[-17,-39],[-5,-52]],[[5226,10112],[135,156],[89,157],[67,62],[-9,145],[44,32],[-7,31],[47,45]],[[5592,10740],[97,36],[54,49],[51,-16],[38,34],[107,11]],[[6024,9995],[-45,2],[-127,-113]],[[5244,9917],[-38,-41],[-125,36],[-4,34],[54,24],[95,142]],[[3950,9116],[-56,7],[-23,40],[102,52],[19,26],[23,-1],[5,44],[28,52],[36,30],[169,153],[58,33],[41,64],[-22,47],[22,105],[-49,110],[29,30],[62,15],[44,-7],[24,23],[72,5],[50,40],[39,72],[-29,47],[20,30],[87,11]],[[4701,10144],[44,-57],[88,13],[60,-53],[73,0],[94,82],[53,24],[14,36],[48,-27],[25,-22],[26,-28]],[[4701,10144],[51,6],[44,31],[23,61],[-87,36],[22,73],[-44,8],[-9,36],[-93,31],[-50,-59],[-117,-18],[-163,-13],[-58,-18],[-60,24],[-114,-34],[20,123],[48,49],[44,10],[9,85],[26,15],[-2,51],[108,-3],[9,173],[99,15],[28,71],[107,16],[22,82],[-2,30],[-39,-2],[-27,70],[8,46],[-15,59],[94,52],[69,10],[66,-44],[14,2],[104,-19],[40,-43],[45,35],[43,18],[69,-10],[65,57],[53,-12],[56,-36],[25,-38],[86,7],[84,21],[11,-36],[-34,-25],[-68,-135],[0,-51],[-35,-83],[94,-26],[42,-14],[79,28],[62,-15],[39,-101]],[[10789,9918],[67,25],[58,-42]],[[10914,9901],[-10,-81]],[[10904,9820],[-4,-76]],[[10900,9744],[-24,2]],[[10876,9746],[-105,11]],[[10771,9757],[18,161]],[[10526,9944],[57,49]],[[10583,9993],[95,-76],[109,29]],[[10787,9946],[2,-28]],[[10771,9757],[-115,17]],[[10656,9774],[-41,86],[-36,-13]],[[10579,9847],[-53,97]],[[10671,10197],[23,11]],[[10694,10208],[122,-67]],[[10816,10141],[34,-73],[-41,-16],[4,-80]],[[10813,9972],[-178,115]],[[10635,10087],[43,69],[-7,41]],[[10904,9820],[133,-75]],[[11037,9745],[190,-250],[-2,-21]],[[11225,9474],[-19,-7]],[[11206,9467],[-132,32]],[[11074,9499],[-21,70],[-68,28]],[[10985,9597],[-25,85],[-60,62]],[[10614,10083],[21,4]],[[10813,9972],[-26,-26]],[[10583,9993],[31,90]],[[10827,9604],[119,-63],[39,56]],[[11074,9499],[-188,-67]],[[10886,9432],[-39,-8]],[[10847,9424],[-17,48]],[[10830,9472],[26,54],[-42,54],[13,24]],[[10665,9502],[-38,127]],[[10627,9629],[46,14],[157,-171]],[[10847,9424],[-39,-14]],[[10808,9410],[-143,92]],[[10615,9654],[12,-25]],[[10665,9502],[-104,-2],[-21,64]],[[10540,9564],[1,18],[-9,13],[7,17],[-12,17]],[[10527,9629],[88,25]],[[10876,9746],[-23,-70],[-76,21],[-4,-38],[54,-55]],[[10615,9654],[-12,77],[53,43]],[[10471,9783],[109,31],[-1,33]],[[10527,9629],[-1,14],[-13,9]],[[10513,9652],[-4,7],[-23,30],[-8,16],[11,16],[-1,18],[-12,8],[-6,16],[1,20]],[[10416,9921],[110,23]],[[10471,9783],[5,20],[-1,13],[-15,13],[-13,20],[-18,50]],[[10429,9899],[-13,22]],[[10773,10329],[53,-5]],[[10826,10324],[66,-98],[4,-108]],[[10896,10118],[29,-208]],[[10925,9910],[-11,-9]],[[10816,10141],[-22,83],[-52,72]],[[10742,10296],[31,33]],[[10694,10208],[26,13],[-29,65],[51,10]],[[11416,12281],[153,38]],[[11569,12319],[7,-75],[-63,-87]],[[11513,12157],[-78,19]],[[11435,12176],[-9,20]],[[11426,12196],[-10,85]],[[11337,11697],[18,-10]],[[11355,11687],[-19,-118],[-63,-5]],[[11273,11564],[-143,63]],[[11130,11627],[20,112]],[[11150,11739],[187,-42]],[[11355,11687],[57,-3]],[[11412,11684],[80,-47]],[[11492,11637],[10,-77],[-41,-14],[-29,-106]],[[11432,11440],[-58,63],[-37,-15]],[[11337,11488],[-64,76]],[[11310,12323],[54,31],[52,-73]],[[11426,12196],[-33,8]],[[11393,12204],[-11,40],[-72,79]],[[11486,11814],[49,-5],[16,-148]],[[11551,11661],[-59,-24]],[[11412,11684],[74,130]],[[11407,12485],[50,12],[62,-38]],[[11519,12459],[44,-18]],[[11563,12441],[-5,-46]],[[11558,12395],[-34,1]],[[11524,12396],[-117,89]],[[11256,11865],[97,-4]],[[11353,11861],[97,-10]],[[11450,11851],[5,-29]],[[11455,11822],[-55,-7],[-63,-118]],[[11150,11739],[65,103],[41,23]],[[11377,12481],[30,4]],[[11524,12396],[-31,-21],[-120,21]],[[11373,12396],[4,85]],[[11702,11695],[-7,-28]],[[11695,11667],[-46,-64]],[[11649,11603],[-32,-14],[-49,71]],[[11568,11660],[36,57],[98,-22]],[[11556,12089],[92,-13]],[[11648,12076],[2,-72],[64,-25],[-27,-90]],[[11687,11889],[-67,-3],[-45,58],[-40,-5],[-34,-83],[-23,-16],[-28,11]],[[11353,11861],[47,47],[57,26],[92,42],[7,113]],[[11558,12395],[40,-75]],[[11598,12320],[-29,-1]],[[11310,12323],[-12,32]],[[11298,12355],[32,43],[43,-2]],[[11513,12157],[43,-68]],[[11256,11865],[5,68]],[[11261,11933],[32,34]],[[11293,11967],[16,-47],[52,21],[-18,62],[60,55],[-29,37],[71,35],[-10,46]],[[11648,12076],[62,-12],[-12,51],[50,7]],[[11748,12122],[48,-76],[87,37]],[[11883,12083],[21,-40]],[[11904,12043],[-40,-85],[38,-99]],[[11902,11859],[-36,-28],[-21,21],[-3,27],[-39,-9]],[[11803,11870],[-25,-1],[-4,13],[31,23],[-5,18],[-26,15],[-27,-30],[-44,-30],[-16,11]],[[11293,11967],[3,38],[-32,73],[-6,93],[24,25],[11,33],[22,0],[18,-25],[-2,-26],[-30,-27],[6,-16],[33,3],[31,24],[22,42]],[[11902,11859],[58,4]],[[11960,11863],[30,-162]],[[11990,11701],[-35,3],[-44,43],[-34,-25]],[[11877,11722],[-29,27]],[[11848,11749],[-66,78],[21,43]],[[11598,12320],[46,-100],[122,-49]],[[11766,12171],[-18,-49]],[[11829,12173],[64,-20]],[[11893,12153],[-10,-70]],[[11766,12171],[63,2]],[[11455,11822],[31,-8]],[[10963,11254],[143,101],[29,-17]],[[11135,11338],[0,-60],[-72,-28],[-27,-67]],[[11036,11183],[-70,61]],[[10966,11244],[-3,10]],[[11307,10880],[37,114],[57,7]],[[11401,11001],[139,-143]],[[11540,10858],[2,-96]],[[11542,10762],[-126,60]],[[11416,10822],[-109,58]],[[10979,11645],[88,-76]],[[11067,11569],[58,-150],[58,-39]],[[11183,11380],[-19,-57]],[[11164,11323],[-29,15]],[[10963,11254],[-28,90]],[[10935,11344],[26,15],[16,30],[-9,9],[-19,47],[-12,90]],[[10937,11535],[19,13],[30,20],[-7,77]],[[11279,10858],[28,22]],[[11416,10822],[2,-135]],[[11418,10687],[-41,-9]],[[11377,10678],[-98,180]],[[11017,11816],[-9,-77],[49,-9],[37,-134]],[[11094,11596],[-3,-14]],[[11091,11582],[-24,-13]],[[10979,11645],[-30,-16],[-17,74],[-137,43]],[[10795,11746],[43,24]],[[10838,11770],[92,7],[-6,73]],[[10924,11850],[93,-34]],[[11220,11438],[23,9],[15,-8],[7,-12],[1,-14],[19,3],[9,-15],[11,2],[7,8]],[[11312,11411],[17,-10],[13,11],[18,-11]],[[11360,11401],[56,-97]],[[11416,11304],[-7,-43],[-114,-44]],[[11295,11217],[-116,-7]],[[11179,11210],[-15,113]],[[11183,11380],[37,58]],[[11337,11488],[-25,-77]],[[11220,11438],[-17,17],[1,24],[-11,6],[-16,-4],[-15,13],[-4,15],[-16,7],[-3,17],[-8,5],[0,14],[-5,10],[-16,1],[-19,19]],[[11094,11596],[36,31]],[[10712,11714],[36,14],[47,18]],[[10937,11535],[-57,-35],[-15,30]],[[10865,11530],[-119,102],[-37,-34],[-27,17]],[[10682,11615],[45,54],[-15,45]],[[10935,11344],[-96,46]],[[10839,11390],[-12,46]],[[10827,11436],[38,94]],[[10966,11244],[-16,-12]],[[10950,11232],[-38,33],[-100,-21]],[[10812,11244],[-25,57],[52,89]],[[10795,11921],[39,5],[90,-76]],[[10838,11770],[-30,42]],[[10808,11812],[-33,77],[20,32]],[[11335,11147],[28,-56],[35,11]],[[11398,11102],[6,-52],[-3,-49]],[[11279,10858],[-16,0]],[[11263,10858],[-159,26]],[[11104,10884],[-43,91],[39,75]],[[11100,11050],[103,86]],[[11203,11136],[79,-82],[53,93]],[[11295,11217],[40,-70]],[[11203,11136],[-24,74]],[[11398,11102],[40,31],[74,-47]],[[11512,11086],[87,-67]],[[11599,11019],[25,-48],[-65,-34],[-19,-79]],[[11416,11304],[118,-52]],[[11534,11252],[10,-47]],[[11544,11205],[-32,-119]],[[11263,10858],[-14,-75],[-64,-29]],[[11185,10754],[-43,-27],[-39,31],[4,64]],[[11107,10822],[-3,62]],[[10926,12097],[99,2],[15,-36],[67,1],[33,-53],[35,-16],[15,-38],[-35,-19],[-30,-46]],[[11125,11892],[-27,-12],[-47,-36]],[[11051,11844],[-75,77],[-50,176]],[[11377,10678],[-90,-10]],[[11287,10668],[-38,13],[-64,19],[0,54]],[[10765,11958],[30,-37]],[[10808,11812],[-80,-24],[-33,28],[-17,88],[87,54]],[[10765,11958],[22,31],[106,15],[33,93]],[[11051,11844],[-34,-28]],[[11100,11050],[-13,14]],[[11087,11064],[-51,119]],[[10518,11543],[96,-47]],[[10614,11496],[91,-143]],[[10705,11353],[-29,-28]],[[10676,11325],[-133,42]],[[10543,11367],[-16,28]],[[10527,11395],[-11,31],[-60,38]],[[10456,11464],[-13,39]],[[10443,11503],[75,40]],[[10421,11136],[53,5]],[[10474,11141],[9,-19],[37,-2],[17,-57]],[[10537,11063],[-1,-55],[-7,-22]],[[10529,10986],[-124,81],[16,69]],[[10537,11063],[26,-5]],[[10563,11058],[143,-35]],[[10706,11023],[12,-23]],[[10718,11000],[-95,-75]],[[10623,10925],[-89,10]],[[10534,10935],[-10,5]],[[10524,10940],[5,46]],[[10623,10925],[47,-67],[-29,-58]],[[10641,10800],[-110,37]],[[10531,10837],[-11,2]],[[10520,10839],[14,96]],[[10403,10936],[121,4]],[[10520,10839],[-59,19]],[[10461,10858],[-58,78]],[[10646,11156],[120,34]],[[10766,11190],[-60,-167]],[[10563,11058],[63,54],[20,44]],[[10461,10858],[-76,-21]],[[10385,10837],[-22,70],[40,29]],[[10812,11244],[-46,-25]],[[10766,11219],[-49,3],[-41,103]],[[10705,11353],[122,83]],[[10950,11232],[-77,-83]],[[10873,11149],[-107,52]],[[10766,11201],[0,18]],[[10766,11190],[0,11]],[[10873,11149],[35,-103],[59,28],[7,-45]],[[10974,11029],[-100,-116]],[[10874,10913],[-64,82],[-92,5]],[[10390,11435],[23,-7]],[[10413,11428],[-56,-293]],[[10357,11135],[-21,-2]],[[10336,11133],[-42,-4]],[[10294,11129],[-10,185]],[[10284,11314],[66,16],[40,105]],[[11087,11064],[-113,-35]],[[10432,11424],[24,40]],[[10527,11395],[-49,1],[28,-233]],[[10506,11163],[-3,-20]],[[10503,11143],[-29,-2]],[[10474,11141],[-42,283]],[[10357,11135],[64,1]],[[10403,10936],[-96,104]],[[10307,11040],[39,29],[-10,64]],[[10503,11143],[143,13]],[[10874,10913],[7,-69]],[[10881,10844],[-66,-58],[-53,-46]],[[10762,10740],[-45,1]],[[10717,10741],[-39,15]],[[10678,10756],[-37,44]],[[11107,10822],[-115,11],[-111,11]],[[10413,11428],[19,-4]],[[10543,11367],[44,-115],[-37,-64],[-44,-25]],[[10614,11496],[68,119]],[[10551,11684],[48,-5],[113,35]],[[10518,11543],[4,100]],[[10522,11643],[29,41]],[[12384,10427],[110,-80],[106,-14]],[[12600,10333],[26,-143],[-104,-71]],[[12522,10119],[-189,63]],[[12333,10182],[-87,82]],[[12246,10264],[-9,30]],[[12237,10294],[132,65],[15,68]],[[12203,9961],[57,-79]],[[12260,9882],[47,-108]],[[12307,9774],[-31,-76]],[[12276,9698],[-81,-17]],[[12195,9681],[-56,4],[-66,106]],[[12073,9791],[50,54]],[[12123,9845],[80,116]],[[12260,9882],[55,65],[70,-53],[79,39],[71,-50]],[[12535,9883],[-4,-48]],[[12531,9835],[-224,-61]],[[12748,10502],[128,-185],[53,-169]],[[12929,10148],[-40,-79]],[[12889,10069],[-57,40],[-219,-24]],[[12613,10085],[-91,34]],[[12600,10333],[122,148],[26,21]],[[11968,10187],[26,0]],[[11994,10187],[195,-201]],[[12189,9986],[14,-25]],[[12123,9845],[-13,3],[-4,15],[4,16],[-12,9],[-103,75],[-107,-34]],[[11888,9929],[-36,47]],[[11852,9976],[48,11],[-53,73],[51,85]],[[11898,10145],[70,42]],[[11884,9918],[4,11]],[[12073,9791],[-144,11]],[[11929,9802],[-45,116]],[[12613,10085],[-92,-66],[14,-136]],[[12189,9986],[20,28],[-40,59],[57,52],[88,-41],[19,98]],[[12531,9835],[66,-7],[4,-28],[-82,-54],[-4,-29]],[[12515,9717],[-62,-48]],[[12453,9669],[-177,29]],[[11964,10322],[59,28],[72,-56]],[[12095,10294],[-26,-65],[-75,-42]],[[11968,10187],[-9,46],[5,89]],[[12889,10069],[-75,-17],[-87,-114],[52,-38],[-51,-129],[-213,-54]],[[12095,10294],[33,-33],[118,3]],[[10896,10118],[77,36],[62,29]],[[11035,10183],[18,-127]],[[11053,10056],[-39,-61]],[[11014,9995],[-89,-85]],[[11035,10183],[28,35]],[[11063,10218],[21,-24],[36,-87]],[[11120,10107],[-67,-51]],[[11014,9995],[17,-4],[33,-40]],[[11064,9951],[11,-14],[7,-23],[-7,-30],[9,-12],[21,-18],[-3,-33]],[[11102,9821],[-65,-76]],[[11117,9821],[110,65]],[[11227,9886],[17,-51],[17,-22]],[[11261,9813],[-58,-50],[-72,43],[-14,15]],[[11700,9505],[42,-26],[57,-90]],[[11799,9389],[-139,-125]],[[11660,9264],[-81,23],[35,87],[86,131]],[[11120,10107],[23,-87]],[[11143,10020],[-79,-69]],[[11143,10020],[46,-58],[38,-76]],[[11117,9821],[-15,0]],[[11249,10040],[165,49],[27,-40]],[[11441,10049],[-82,-12],[-59,-79]],[[11300,9958],[-51,82]],[[11537,10066],[6,-14]],[[11543,10052],[28,-48]],[[11571,10004],[-89,-92],[-135,-25]],[[11347,9887],[-47,71]],[[11441,10049],[96,17]],[[12195,9681],[-53,-63]],[[12142,9618],[-13,-3],[-24,-20],[-56,-1]],[[12049,9594],[-189,167]],[[11860,9761],[69,41]],[[11179,10197],[137,21]],[[11316,10218],[112,-82],[71,53]],[[11499,10189],[38,-123]],[[11249,10040],[-26,30],[-15,36],[-2,29],[-27,62]],[[11718,9830],[72,-46]],[[11790,9784],[-19,-127]],[[11771,9657],[-82,38],[-22,26],[-28,9]],[[11639,9730],[79,100]],[[11571,10004],[91,-102]],[[11662,9902],[-70,-149]],[[11592,9753],[-161,59],[-61,45],[-23,30]],[[11693,9869],[191,49]],[[11860,9761],[-70,23]],[[11718,9830],[-25,39]],[[12049,9594],[-62,-8],[-101,-2],[-93,37],[-22,36]],[[11662,9902],[31,-33]],[[11639,9730],[-47,23]],[[11316,10218],[97,96]],[[11413,10314],[86,-125]],[[11407,10342],[6,-28]],[[11179,10197],[-15,35],[-4,31],[-14,21]],[[11146,10284],[14,3],[16,3],[82,19],[149,33]],[[11850,10600],[1,52],[87,19]],[[11938,10671],[103,-132]],[[12041,10539],[-86,-126]],[[11955,10413],[-115,124]],[[11840,10537],[10,63]],[[12302,10568],[82,-141]],[[12237,10294],[-81,194],[146,80]],[[11599,11019],[112,60]],[[11711,11079],[28,-18],[-10,-95],[25,-12]],[[11754,10954],[-21,-68],[-95,-16],[-40,-138]],[[11598,10732],[-8,-5]],[[11590,10727],[-48,35]],[[12213,10648],[101,-27]],[[12314,10621],[-12,-53]],[[11964,10322],[-9,91]],[[12041,10539],[139,15],[33,94]],[[11944,10720],[87,-13],[124,96]],[[12155,10803],[58,-155]],[[11938,10671],[6,49]],[[12019,10989],[20,-6],[34,5],[14,-14],[14,-7],[-7,-16],[-2,-15],[27,-18],[28,-25],[22,3]],[[12169,10896],[-28,-52],[14,-41]],[[11944,10720],[-33,169],[111,48],[-3,52]],[[12316,10837],[64,-10],[45,-38],[-57,-36],[18,-33],[8,-14],[96,14],[100,-40]],[[12590,10680],[0,-22]],[[12590,10658],[-82,-8],[-11,-46],[-111,-6],[-13,25],[-12,15]],[[12361,10638],[-100,149],[55,50]],[[12169,10896],[15,19],[11,-7],[18,-21],[37,-13],[17,16],[20,10]],[[12287,10900],[22,-5],[10,-23],[-3,-35]],[[12361,10638],[-47,-17]],[[11418,10687],[103,-81]],[[11521,10606],[-7,-15]],[[11514,10591],[-36,-76]],[[11478,10515],[-28,-3],[-66,-11],[-12,-83]],[[11372,10418],[-49,47],[-95,90],[59,113]],[[11543,10052],[183,65]],[[11726,10117],[11,-17],[-4,-53],[119,-71]],[[11478,10515],[63,-56]],[[11541,10459],[-14,-10],[-4,-21],[3,-33],[16,-28]],[[11542,10367],[-149,11]],[[11393,10378],[-21,40]],[[11586,10504],[45,-35]],[[11631,10469],[59,-54],[-13,-77]],[[11677,10338],[-35,57],[-27,15],[-43,56]],[[11572,10466],[14,38]],[[11542,10367],[17,-22],[15,-7],[11,-28],[14,-14],[21,-4],[34,-51],[21,-45],[11,-19],[-1,-20],[8,-19],[27,-1]],[[11720,10137],[6,-20]],[[11407,10342],[-14,36]],[[11720,10137],[-1,16],[8,14]],[[11727,10167],[26,-15],[17,-20],[103,45],[25,-32]],[[11514,10591],[72,-87]],[[11572,10466],[-31,-7]],[[11631,10469],[52,57],[114,-40],[43,51]],[[11727,10167],[25,1],[7,17],[1,27],[-44,25],[-27,24],[-8,19],[3,39],[-7,19]],[[11598,10732],[173,-131],[79,-1]],[[11521,10606],[69,121]],[[11960,11863],[152,-46]],[[12112,11817],[53,-89]],[[12165,11728],[-34,-44]],[[12131,11684],[-82,13]],[[12049,11697],[-59,4]],[[11544,11205],[51,-49],[39,30],[77,-107]],[[11877,11722],[27,-143]],[[11904,11579],[-74,-4]],[[11830,11575],[-135,92]],[[11702,11695],[13,29],[28,56],[88,-57],[17,26]],[[11432,11440],[24,-40]],[[11456,11400],[-9,-12],[-39,3],[-48,10]],[[12049,11697],[13,-124],[-40,-16]],[[12022,11557],[-88,20]],[[11934,11577],[-30,2]],[[12165,11728],[119,4]],[[12284,11732],[51,-48]],[[12335,11684],[-86,-65]],[[12249,11619],[-23,-3],[-49,0]],[[12177,11616],[-46,68]],[[12111,11369],[135,28],[0,-47]],[[12246,11350],[15,-53],[-52,-89]],[[12209,11208],[-47,-24]],[[12162,11184],[-10,47],[-61,-3],[-12,14],[-41,50],[84,48],[-11,29]],[[12437,11470],[57,-6]],[[12494,11464],[47,-25],[-12,-137]],[[12529,11302],[-73,-10],[-8,55],[-114,6]],[[12334,11353],[-5,89],[94,6],[14,22]],[[11830,11575],[-122,-95]],[[11708,11480],[-24,2]],[[11684,11482],[-35,121]],[[11551,11661],[17,-1]],[[11684,11482],[-73,-99],[-5,-4],[-16,-2],[-17,-10],[-29,4]],[[11544,11371],[-36,10],[-29,20],[-23,-1]],[[11544,11371],[-1,-17],[-9,-102]],[[12177,11616],[-114,-124]],[[12063,11492],[-41,65]],[[12209,11208],[181,-175]],[[12390,11033],[-56,-29]],[[12334,11004],[-221,72]],[[12113,11076],[58,49],[-4,29],[-5,30]],[[11934,11577],[-73,-131],[-17,-29],[-7,-14],[-28,1],[-61,3],[-38,1],[-2,72]],[[12390,11033],[-3,-66],[93,-22],[1,65],[49,43]],[[12530,11053],[42,-127],[117,-40],[-1,-31]],[[12688,10855],[-78,-3],[-20,-172]],[[12287,10900],[47,104]],[[12063,11492],[-20,-18],[-69,-64],[20,-16],[13,-11],[15,-12],[89,-2]],[[12113,11076],[-42,-14],[-101,-44]],[[11970,11018],[-14,17],[-4,37],[-13,5],[-19,-43],[-17,-5],[-23,12],[-20,-6],[2,-25],[-10,-5],[-12,5],[-6,22],[-29,-12],[-51,-66]],[[12019,10989],[-49,29]],[[10530,10221],[107,60],[57,-73]],[[10671,10197],[-72,-43]],[[10599,10154],[-86,12]],[[10513,10166],[17,55]],[[10492,10408],[116,17]],[[10608,10425],[165,-96]],[[10530,10221],[-43,93]],[[10487,10314],[-8,77]],[[10479,10391],[13,17]],[[10401,10795],[62,-39]],[[10463,10756],[33,-69]],[[10496,10687],[-3,-24]],[[10493,10663],[-1,-24],[15,-16],[63,-1],[21,4]],[[10591,10626],[-24,-29]],[[10567,10597],[-80,-7],[1,-118],[-33,-13]],[[10455,10459],[-14,120],[-143,28]],[[10298,10607],[-1,25]],[[10297,10632],[85,11],[19,152]],[[10463,10756],[59,51]],[[10522,10807],[30,-43],[-56,-77]],[[10762,10740],[-21,-33],[46,-31],[-29,-39]],[[10758,10637],[-54,15],[-31,26]],[[10673,10678],[44,63]],[[10531,10837],[-9,-30]],[[10401,10795],[-25,4]],[[10376,10799],[9,38]],[[10591,10626],[56,52],[26,0]],[[10758,10637],[-98,-141]],[[10660,10496],[-93,101]],[[10608,10425],[52,71]],[[10660,10496],[92,-38],[-23,-41],[79,-48],[18,-45]],[[10493,10663],[76,4],[109,89]],[[10492,10408],[-33,24]],[[10459,10432],[-4,27]],[[11146,10284],[-26,40],[-25,6],[-16,50],[-8,19],[-6,14],[-10,-4],[-9,-5],[-7,-3],[-3,-19],[-3,-59],[0,-22],[30,-83]],[[12220,12149],[-85,-186]],[[12135,11963],[-25,-26],[-44,35],[-162,71]],[[11893,12153],[74,66],[139,104]],[[12106,12323],[18,2]],[[12124,12325],[9,-82],[45,-14],[46,-18],[-4,-62]],[[11660,9264],[5,-60],[44,-46]],[[11709,9158],[1,-21]],[[11710,9137],[-112,-25]],[[11598,9112],[-22,66],[-36,-1],[-36,-16],[-19,1],[-5,19],[-28,-3],[-31,16],[3,20],[16,20],[-31,50],[-2,18],[-14,9],[4,15],[-16,33]],[[11381,9359],[52,87],[-46,63],[65,123],[-24,63]],[[11428,9695],[36,-14],[18,14],[18,0],[34,-18],[15,-23],[23,-39],[71,-66],[57,-44]],[[12246,11350],[88,3]],[[12529,11302],[12,-111],[-51,-22],[-6,-73],[46,-43]],[[11261,9813],[18,-43],[149,-75]],[[11381,9359],[-34,36],[-18,-12]],[[11329,9383],[-21,8],[-14,44],[-43,-11],[-11,15],[7,25],[-22,10]],[[12590,10658],[147,-84],[11,-72]],[[12249,11619],[49,-131],[113,-12]],[[12411,11476],[26,-6]],[[5776,8447],[74,-41]],[[5850,8406],[-24,-80],[-97,-64],[3,-32]],[[5732,8230],[-61,-2]],[[5671,8228],[14,93],[-26,29],[-20,15]],[[5639,8365],[137,82]],[[5608,8383],[31,-18]],[[5671,8228],[-36,-21],[-12,-25]],[[5623,8182],[-32,-1],[-86,103],[-59,-41]],[[5446,8243],[9,61]],[[5455,8304],[153,79]],[[6033,8632],[70,-6]],[[6103,8626],[3,-51],[64,15],[20,-61]],[[6190,8529],[-65,-124]],[[6125,8405],[-138,-53]],[[5987,8352],[-53,98]],[[5934,8450],[99,182]],[[5659,7918],[-27,6]],[[5632,7924],[-109,11]],[[5523,7935],[-6,65],[-28,20]],[[5489,8020],[-31,67],[-66,-18],[-53,-27]],[[5339,8042],[-37,-20]],[[5302,8022],[-32,44],[44,45]],[[5314,8111],[72,56]],[[5386,8167],[60,76]],[[5623,8182],[18,-38],[-3,-25],[-16,-13],[-54,-59],[27,-30],[28,-50],[31,-18],[5,-31]],[[5751,8656],[31,-9],[56,9]],[[5838,8656],[-51,-85],[-11,-124]],[[5608,8383],[-1,31]],[[5607,8414],[38,90]],[[5645,8504],[14,30]],[[5659,8534],[30,57]],[[5689,8591],[62,65]],[[5838,8656],[25,1],[11,66]],[[5874,8723],[11,33]],[[5885,8756],[72,-16],[2,-70],[63,-17]],[[6022,8653],[11,-21]],[[5934,8450],[-84,-44]],[[6062,8163],[147,15]],[[6209,8178],[-4,-110],[88,-100]],[[6293,7968],[-41,-20],[-110,129],[-93,-34],[-46,44],[-130,-12]],[[5873,8075],[-1,40],[119,49],[71,-1]],[[5732,8230],[63,-103],[-49,-63],[-10,-88]],[[5736,7976],[-9,-78]],[[5727,7898],[-56,-28],[-23,24],[11,24]],[[6476,8459],[13,-38]],[[6489,8421],[-50,-64],[7,-8]],[[6446,8349],[-38,-68]],[[6408,8281],[-29,-21]],[[6379,8260],[-31,54],[-93,7],[-130,84]],[[6190,8529],[144,41],[-28,99]],[[6306,8669],[80,26],[5,-121],[34,-45]],[[6425,8529],[-4,-49],[55,-21]],[[6379,8260],[-93,1],[-7,-38],[-27,-35]],[[6252,8188],[-43,-10]],[[6062,8163],[-125,112],[50,77]],[[5873,8075],[-87,-23],[-18,-80],[-32,4]],[[7773,9626],[27,19],[35,-1],[22,15]],[[7857,9659],[47,-49]],[[7904,9610],[-10,-44]],[[7894,9566],[-94,-93]],[[7800,9473],[-148,-17]],[[7652,9456],[-5,55]],[[7647,9511],[14,23],[11,10],[18,5],[9,16],[7,32],[14,12],[41,4],[12,13]],[[8034,8963],[42,-5],[55,44]],[[8131,9002],[35,-23],[-19,-90]],[[8147,8889],[-91,-46]],[[8056,8843],[-22,120]],[[7703,9638],[70,-12]],[[7647,9511],[-17,-12],[-45,-8]],[[7585,9491],[-15,13]],[[7570,9504],[12,21],[-34,20]],[[7548,9545],[23,36]],[[7571,9581],[86,62],[46,-5]],[[7794,9333],[58,-15]],[[7852,9318],[-52,-64],[19,-21]],[[7819,9233],[-73,-133]],[[7746,9100],[-26,26]],[[7720,9126],[-47,87]],[[7673,9213],[121,120]],[[8124,9290],[10,-37],[-79,-50]],[[8055,9203],[-73,20]],[[7982,9223],[37,35]],[[8019,9258],[74,45],[31,-13]],[[8158,9037],[42,5],[-2,63],[63,9]],[[8261,9114],[22,-117]],[[8283,8997],[17,-120]],[[8300,8877],[-52,-26]],[[8248,8851],[-37,48],[-64,-10]],[[8131,9002],[-14,36]],[[8117,9038],[41,-1]],[[8019,9258],[-45,69],[-122,-9]],[[7794,9333],[6,140]],[[7894,9566],[178,-139],[24,49]],[[8096,9476],[34,-34],[45,-124]],[[8175,9318],[-51,-28]],[[7982,9223],[-7,2],[-49,22],[-22,-4],[-2,-50],[-23,-36]],[[7879,9157],[-60,76]],[[8055,9203],[22,-69]],[[8077,9134],[-8,-58],[48,-38]],[[8034,8963],[-78,8],[-59,-87]],[[7897,8884],[-23,0]],[[7874,8884],[-7,114],[-49,2],[-56,-79],[-47,14]],[[7715,8935],[41,118]],[[7756,9053],[56,30],[67,74]],[[8175,9318],[10,8]],[[8185,9326],[92,-146]],[[8277,9180],[-16,-66]],[[8158,9037],[-1,85],[-80,12]],[[7650,8794],[24,31]],[[7674,8825],[101,-77]],[[7775,8748],[-27,-60],[-59,9]],[[7689,8697],[-39,21],[0,76]],[[7904,9610],[146,60]],[[8050,9670],[47,-121]],[[8097,9549],[-1,-73]],[[8056,8843],[-16,-10]],[[8040,8833],[-143,51]],[[8040,8833],[-63,-159]],[[7977,8674],[-96,8]],[[7881,8682],[12,145]],[[7893,8827],[-19,57]],[[7756,9053],[-10,47]],[[7750,9696],[45,77]],[[7795,9773],[75,-86]],[[7870,9687],[-13,-28]],[[7703,9638],[47,58]],[[7673,9213],[-34,69]],[[7639,9282],[9,88],[-47,15]],[[7601,9385],[51,71]],[[7893,8827],[-89,-6],[-29,-73]],[[7674,8825],[41,110]],[[7870,9687],[60,69],[17,8],[8,-10],[1,-16],[38,-20],[44,27]],[[8038,9745],[12,-75]],[[5949,7547],[-29,37],[-125,-14]],[[5795,7570],[52,110]],[[5847,7680],[179,48],[94,81]],[[6120,7809],[28,1],[15,32],[130,24]],[[6293,7866],[69,25]],[[6362,7891],[18,-5],[6,-25],[17,-3],[5,33],[12,17],[17,-11],[12,12],[-5,17],[-24,17],[17,20]],[[6437,7963],[6,24],[20,10],[8,-67]],[[6471,7930],[21,-16],[27,1],[7,-13],[-7,-12],[13,-30],[58,5]],[[6590,7865],[-21,-96],[39,-46],[35,-41]],[[6643,7682],[-75,-24],[-25,-73]],[[6543,7585],[-37,33],[-13,26],[-19,-2],[-27,-12],[-41,-3],[-64,19],[-36,11],[-16,-38],[-19,-44],[-45,-12],[-62,41],[-37,27],[-178,-84]],[[6775,8083],[44,-6]],[[6819,8077],[-28,-163],[71,27]],[[6862,7941],[4,-118],[-31,2],[-22,-10]],[[6813,7815],[-112,28]],[[6701,7843],[-81,27]],[[6620,7870],[-54,175]],[[6566,8045],[143,10]],[[6709,8055],[66,28]],[[6396,7982],[27,-3],[14,-16]],[[6362,7891],[34,91]],[[6252,8188],[125,-58],[33,-23]],[[6410,8107],[-14,-125]],[[6293,7866],[0,102]],[[6043,7355],[-64,131],[-30,61]],[[6543,7585],[-62,-94],[-23,-36]],[[6458,7455],[-14,-72],[-61,-29],[18,-57]],[[6401,7297],[-41,-27],[-110,27],[-62,16],[-26,-142]],[[6162,7171],[-94,19]],[[6068,7190],[-19,129],[-6,36]],[[6710,7746],[11,-24]],[[6721,7722],[38,-53]],[[6759,7669],[1,-84]],[[6760,7585],[-54,-5],[-22,-57]],[[6684,7523],[-16,24],[-58,34]],[[6610,7581],[-13,9],[-13,-1],[-13,-17],[-16,-1],[-12,14]],[[6643,7682],[67,64]],[[6401,7297],[5,-68],[-68,-51],[31,-43],[-5,-4]],[[6364,7131],[-63,-48],[-101,39]],[[6200,7122],[-38,49]],[[6813,7815],[12,-58],[-44,-49],[-60,14]],[[6710,7746],[-9,97]],[[6986,8006],[69,-47]],[[7055,7959],[48,-46]],[[7103,7913],[65,-12],[-79,-148]],[[7089,7753],[-109,-20],[1,-56],[-104,34],[-32,-63],[-86,21]],[[6862,7941],[21,89],[49,-62],[54,38]],[[6120,7809],[-9,28],[-12,10],[-56,-5],[-29,-23],[-50,11],[-45,-1],[-15,13],[-22,5],[-22,-15],[-19,-2]],[[5841,7830],[-33,36],[-16,6],[-20,-21],[-10,7],[2,25],[-37,15]],[[6410,8107],[127,-51]],[[6537,8056],[-39,-121],[-27,-5]],[[6537,8056],[29,-11]],[[6620,7870],[-30,-5]],[[5625,8834],[-8,7]],[[5617,8841],[-40,26],[-30,19]],[[5547,8886],[-3,12],[-10,9],[-42,-19],[-31,-26]],[[5461,8862],[-58,40]],[[5403,8902],[60,34],[104,56],[45,41],[-16,24],[-83,-22]],[[5513,9035],[-9,23],[140,61]],[[5644,9119],[146,36]],[[5790,9155],[17,-49],[59,-8]],[[5866,9098],[-46,-73]],[[5820,9025],[-71,-76]],[[5749,8949],[-71,-25],[3,-54],[-56,-36]],[[5357,8930],[156,105]],[[5403,8902],[-5,4]],[[5398,8906],[-41,24]],[[6374,9206],[6,20],[20,4],[8,-15],[11,-18]],[[6419,9197],[54,-149]],[[6473,9048],[-62,-36]],[[6411,9012],[-125,73]],[[6286,9085],[24,20],[5,27],[15,18],[31,7],[14,20],[-1,29]],[[5960,8801],[62,-19]],[[6022,8782],[0,-129]],[[5885,8756],[28,18]],[[5913,8774],[47,27]],[[6001,8888],[-49,58]],[[5952,8946],[13,16],[30,59]],[[5995,9021],[150,62]],[[6145,9083],[23,-3]],[[6168,9080],[45,-6]],[[6213,9074],[-20,-29],[-11,-47],[69,-42]],[[6251,8956],[-65,-100]],[[6186,8856],[-65,-21]],[[6121,8835],[-16,6]],[[6105,8841],[-65,15],[33,102],[-66,0],[15,-42],[-21,-28]],[[6121,8835],[45,-170]],[[6166,8665],[-63,-39]],[[6022,8782],[83,59]],[[5960,8801],[41,87]],[[6024,9241],[-38,52],[-5,57],[28,21]],[[6009,9371],[40,-100],[48,20],[64,-69],[40,-95],[-33,-47]],[[6145,9083],[-76,64]],[[6069,9147],[-45,94]],[[6453,9231],[-3,20],[9,9],[23,-5],[81,11]],[[6563,9266],[15,-108],[68,-13]],[[6646,9145],[-66,-103]],[[6580,9042],[-34,-18],[-73,24]],[[6419,9197],[15,1],[14,15],[5,18]],[[5935,9102],[134,45]],[[5995,9021],[-60,81]],[[6251,8956],[81,29],[23,-33]],[[6355,8952],[-21,-33],[60,-45],[18,-32],[-53,-2]],[[6359,8840],[-93,-33]],[[6266,8807],[-80,49]],[[5837,9186],[127,20],[60,35]],[[5935,9102],[-69,-4]],[[5790,9155],[47,31]],[[6213,9074],[35,16],[38,-5]],[[6411,9012],[6,-30],[-62,-30]],[[6294,8664],[12,5]],[[6166,8665],[128,-1]],[[6820,8732],[3,23]],[[6823,8755],[48,-47],[60,-42]],[[6931,8666],[-39,-59]],[[6892,8607],[-72,125]],[[7299,8922],[89,-62]],[[7388,8860],[-63,-63],[2,-48]],[[7327,8749],[-74,23]],[[7253,8772],[-83,72]],[[7170,8844],[23,60]],[[7193,8904],[84,23],[22,-5]],[[6797,8236],[39,-34]],[[6836,8202],[-10,-74]],[[6826,8128],[-20,34],[-35,23],[26,51]],[[7240,8602],[38,-19]],[[7278,8583],[-10,-72],[54,-15],[-57,-95],[9,-155]],[[7274,8246],[-17,-13]],[[7257,8233],[-64,94],[-34,12],[-157,-93]],[[7002,8246],[1,31]],[[7003,8277],[13,81]],[[7016,8358],[45,-27],[46,53],[-24,23]],[[7083,8407],[-30,17]],[[7053,8424],[49,81]],[[7102,8505],[95,-40],[43,137]],[[7043,8839],[127,5]],[[7253,8772],[-37,-47],[22,-12],[9,-26]],[[7247,8687],[-60,-77],[-120,-13],[-80,127]],[[6987,8724],[16,45],[47,1],[0,36],[-7,33]],[[7274,8246],[12,-17]],[[7286,8229],[3,-21],[6,-14],[34,-23],[28,-30]],[[7357,8141],[34,-22],[36,-33],[20,-91]],[[7447,7995],[7,-49]],[[7454,7946],[-120,-7]],[[7334,7939],[-126,33],[-105,-59]],[[7055,7959],[8,24]],[[7063,7983],[65,9],[-4,51]],[[7124,8043],[133,190]],[[7278,8583],[97,58],[100,-87],[15,-21]],[[7490,8533],[58,-51]],[[7548,8482],[-109,-101],[-13,-84],[-140,-68]],[[6823,8408],[67,10]],[[6890,8418],[38,-17],[39,7]],[[6967,8408],[49,-50]],[[7003,8277],[-59,14],[-96,-32],[-12,-57]],[[6797,8236],[-33,65]],[[6764,8301],[59,107]],[[7182,9030],[97,-27],[33,17]],[[7312,9020],[26,-31],[-39,-67]],[[7193,8904],[-1,53]],[[7192,8957],[-10,73]],[[6944,8506],[-54,-88]],[[6823,8408],[-2,36]],[[6821,8444],[53,114],[70,-52]],[[6931,8666],[56,58]],[[7247,8687],[17,-26]],[[7264,8661],[-24,-59]],[[7102,8505],[-33,19],[-48,58]],[[7021,8582],[-42,48],[-48,36]],[[7046,9020],[64,7]],[[7110,9027],[19,-100],[63,30]],[[7043,8839],[-13,154]],[[7030,8993],[16,27]],[[7002,8246],[9,-71],[77,-8],[-1,-65]],[[7087,8102],[-68,-55]],[[7019,8047],[-33,-41]],[[6819,8077],[7,51]],[[6961,8529],[60,53]],[[7053,8424],[-59,21],[-27,-37]],[[6944,8506],[17,23]],[[7019,8047],[44,-64]],[[7124,8043],[-37,59]],[[7016,8358],[67,49]],[[6961,8529],[-69,78]],[[7327,8749],[-5,-63],[-58,-25]],[[7170,9038],[12,-8]],[[7110,9027],[60,11]],[[7632,8777],[18,17]],[[7689,8697],[-27,-86]],[[7662,8611],[-48,-31],[-54,-31],[-40,32],[-30,-48]],[[7388,8860],[135,58],[76,-147],[33,6]],[[5145,9439],[56,-13]],[[5201,9426],[50,-325]],[[5251,9101],[-87,-38]],[[5164,9063],[-24,-11]],[[5140,9052],[-87,273],[-89,50]],[[4964,9375],[6,23]],[[4970,9398],[175,41]],[[4619,9298],[41,18]],[[4660,9316],[137,-109],[73,-274]],[[4870,8933],[-95,-35]],[[4775,8898],[-156,400]],[[4919,9358],[45,17]],[[5140,9052],[-158,-74]],[[4982,8978],[-35,52],[53,104],[-81,224]],[[4700,9392],[25,-67],[194,33]],[[4982,8978],[-112,-45]],[[4660,9316],[34,63],[6,13]],[[3964,9117],[45,52],[48,-149],[137,82]],[[4194,9102],[76,-177]],[[4270,8925],[-97,-83],[-107,9]],[[4066,8851],[-33,86],[-69,180]],[[4700,9392],[37,73]],[[4737,9465],[77,-74],[156,7]],[[5410,9142],[111,7],[98,-12]],[[5619,9137],[25,-18]],[[5357,8930],[-88,-44],[-70,96]],[[5199,8982],[-35,81]],[[5251,9101],[159,41]],[[4270,8925],[45,-48],[-47,-38],[23,-79]],[[4291,8760],[-90,-28],[-137,-83],[-81,-44]],[[3983,8605],[-25,34],[12,22],[96,190]],[[5936,9425],[55,11]],[[5991,9436],[18,-65]],[[5837,9186],[1,29],[82,26],[-14,102],[-1,37]],[[5905,9380],[-4,43]],[[5901,9423],[35,2]],[[4319,9239],[29,13]],[[4348,9252],[17,-42],[120,-31]],[[4485,9179],[84,-39],[0,-2],[41,-173],[79,-81]],[[4689,8884],[-56,-36],[-51,4],[-100,-49]],[[4482,8803],[9,151],[-193,254]],[[4298,9208],[21,31]],[[5201,9426],[53,-1],[174,-89]],[[5428,9336],[-7,-14],[-30,-62],[19,-118]],[[4194,9102],[104,106]],[[4482,8803],[-53,-11],[-85,-13],[-53,-19]],[[4798,9595],[90,37]],[[4888,9632],[38,-68],[262,57]],[[5188,9621],[-8,-60]],[[5180,9561],[-10,-36],[-25,-86]],[[4737,9465],[13,35]],[[4750,9500],[51,27],[-7,59]],[[4794,9586],[4,9]],[[4530,9262],[89,36]],[[4775,8898],[-57,-45]],[[4718,8853],[-29,31]],[[4485,9179],[45,83]],[[5619,9137],[0,16],[9,94],[133,88],[144,45]],[[5804,9437],[97,-14]],[[5428,9336],[84,40]],[[5512,9376],[7,0],[97,20]],[[5616,9396],[95,8],[93,33]],[[5131,8243],[62,23],[51,61],[33,-3],[-21,-40],[39,-18]],[[5295,8266],[-80,-91]],[[5215,8175],[-45,-69]],[[5170,8106],[-46,-5]],[[5124,8101],[-56,89],[79,25],[-16,28]],[[5052,8425],[12,-18]],[[5064,8407],[-85,-59],[-1,-9],[18,-29]],[[4996,8310],[-45,-105]],[[4951,8205],[-33,-37]],[[4918,8168],[-1,26],[24,41],[-32,40]],[[4909,8275],[13,81]],[[4922,8356],[37,2],[46,30],[47,37]],[[5295,8266],[19,16]],[[5314,8282],[72,-115]],[[5314,8111],[-46,71],[-26,-25],[-27,18]],[[4866,8386],[17,-29],[22,-2],[17,1]],[[4909,8275],[-113,-45],[-33,-32]],[[4763,8198],[-74,-6]],[[4689,8192],[-3,21]],[[4686,8213],[1,39],[16,30]],[[4703,8282],[26,28],[44,26]],[[4773,8336],[40,7],[25,10],[28,33]],[[4763,8198],[21,-10],[67,7],[46,-51]],[[4897,8144],[-39,-113],[-92,-70],[-33,3]],[[4733,7964],[22,17],[-39,74],[-44,49]],[[4672,8104],[9,40],[8,48]],[[4951,8205],[27,-2],[153,40]],[[5124,8101],[-39,-30],[44,-116]],[[5129,7955],[-187,-45],[-22,4],[-30,-10],[-139,22],[-42,4]],[[4709,7930],[-11,11],[19,7],[16,16]],[[4897,8144],[21,24]],[[5135,8337],[30,20],[15,8],[27,-1],[32,15],[32,34],[16,17]],[[5287,8430],[29,-97]],[[5316,8333],[-2,-51]],[[5131,8243],[36,62],[-32,32]],[[5170,8106],[100,-101]],[[5270,8005],[-47,-26]],[[5223,7979],[-27,-7]],[[5196,7972],[-30,-8]],[[5166,7964],[-37,-9]],[[5316,8333],[73,11]],[[5389,8344],[66,-40]],[[5302,8022],[-32,-17]],[[4996,8310],[14,-9],[44,2],[81,34]],[[6830,9092],[84,32]],[[6914,9124],[2,-40]],[[6916,9084],[-64,-40],[4,-33]],[[6856,9011],[1,-102],[-11,-35],[-32,-60],[1,-33],[8,-26]],[[6820,8732],[-20,6],[-15,89],[-17,-1],[-27,-44],[-56,54]],[[6685,8836],[44,79],[61,99],[-32,49]],[[6758,9063],[4,14]],[[6762,9077],[68,15]],[[6537,8532],[-13,24]],[[6524,8556],[17,27],[12,41],[-25,36],[-27,84],[58,25]],[[6559,8769],[21,8],[52,22]],[[6632,8799],[53,37]],[[6821,8444],[-45,-5],[-48,20],[-69,28]],[[6659,8487],[-39,70],[-83,-25]],[[6606,8400],[53,87]],[[6764,8301],[-57,6],[-8,-15]],[[6699,8292],[-95,20],[-14,-17]],[[6590,8295],[-64,-3],[-22,21]],[[6504,8313],[42,33],[50,-4],[10,58]],[[6425,8529],[47,10],[52,17]],[[6537,8532],[-61,-73]],[[6606,8400],[-117,21]],[[6775,8083],[-76,209]],[[6528,8209],[10,12]],[[6538,8221],[98,-29],[73,-137]],[[6566,8045],[-17,82],[-48,18],[27,64]],[[6408,8281],[87,-36],[33,-36]],[[6538,8221],[52,74]],[[6975,9012],[55,-19]],[[6856,9011],[36,-8],[29,-56],[48,17],[6,48]],[[6446,8349],[58,-36]],[[6916,9084],[34,3],[25,-75]],[[6914,9124],[68,-24]],[[6982,9100],[48,-107]],[[6833,5044],[195,-31],[185,-144]],[[7213,4869],[-3,-104],[-106,-132],[-77,-290]],[[7027,4343],[-100,11]],[[6927,4354],[-281,182],[-13,329]],[[6633,4865],[92,37],[37,61]],[[6762,4963],[71,81]],[[7398,5947],[186,-44]],[[7584,5903],[214,-176]],[[7798,5727],[124,-61]],[[7922,5666],[105,-161]],[[8027,5505],[31,-62]],[[8058,5443],[-153,-17],[-98,72],[-53,-47],[-46,0],[8,114],[-26,126],[-115,87],[-138,-23],[-45,53]],[[7392,5808],[59,45],[-53,94]],[[7154,5617],[154,-26],[186,-222],[-1,-55]],[[7493,5314],[-203,-31],[-29,-76],[49,-164],[-18,-115]],[[7292,4928],[-79,-59]],[[6833,5044],[62,158],[84,42],[175,373]],[[7493,5314],[15,-93],[143,-203]],[[7651,5018],[-54,-38],[-84,32],[-19,-73],[-202,-11]],[[7651,5018],[141,-27],[82,-110],[123,-12]],[[7997,4869],[143,-117]],[[8140,4752],[-319,-245]],[[7821,4507],[-97,-76]],[[7724,4431],[-38,-27]],[[7686,4404],[-137,-47]],[[7549,4357],[-56,69],[-284,114],[-66,-57],[-46,-129],[-70,-11]],[[7584,5903],[44,42]],[[7628,5945],[74,-23],[42,-36]],[[7744,5886],[74,-123],[-20,-36]],[[8058,5443],[-5,-177],[-53,-101],[70,-200],[-73,-96]],[[7154,5617],[57,114]],[[7211,5731],[56,16],[26,72],[99,-11]],[[8038,6537],[138,5]],[[8176,6542],[-19,-66],[-79,-44],[-11,-108],[53,-48]],[[8120,6276],[-95,-193],[-78,-22]],[[7947,6061],[-35,5],[-58,-21],[-63,1],[-27,-13]],[[7764,6033],[-32,80],[241,235],[20,125]],[[7993,6473],[45,64]],[[8542,6152],[68,-11],[44,-70]],[[8654,6071],[-91,-99],[-151,-108]],[[8412,5864],[-28,71]],[[8384,5935],[17,50],[-47,11],[-57,-28],[-10,3]],[[8287,5971],[3,4]],[[8290,5975],[20,19],[-1,12],[10,12],[14,33]],[[8333,6051],[-6,24],[-13,34]],[[8314,6109],[31,2],[17,-8],[5,-12],[87,-5],[88,66]],[[8732,6639],[154,91],[112,-12]],[[8998,6718],[-22,-133],[30,-70],[74,-29]],[[9080,6486],[28,-47],[64,13]],[[9172,6452],[20,4]],[[9192,6456],[-15,-137]],[[9177,6319],[-55,-81],[-92,-27],[10,-91],[93,-6]],[[9133,6114],[-10,-38],[-166,-94],[-101,40]],[[8856,6022],[65,122],[-83,140],[15,84]],[[8853,6368],[46,34],[60,19],[37,-8],[10,5],[-5,15],[7,14],[-5,36],[-29,25],[-36,-9],[-72,30],[-41,-20],[-39,0]],[[8786,6509],[-34,75],[-38,-37],[-41,34],[59,58]],[[9177,6319],[111,27],[19,-35],[-64,-123],[-110,-74]],[[9172,6452],[-6,84],[69,100]],[[9235,6636],[83,-21]],[[9318,6615],[17,-161],[-73,8],[-42,0],[-28,-6]],[[8060,5942],[38,11]],[[8098,5953],[32,-33]],[[8130,5920],[-50,-56]],[[8080,5864],[-91,-112]],[[7989,5752],[-69,61],[-6,98]],[[7914,5911],[45,29],[20,-2],[33,-27],[27,9],[21,22]],[[9133,6114],[168,-49],[109,-176]],[[9410,5889],[0,-70],[-52,-53],[49,-46],[3,-79]],[[9410,5641],[-103,-151],[63,-244],[-61,-51]],[[9309,5195],[-189,53],[-51,-18],[-170,84],[-103,-47]],[[8796,5267],[35,121],[-147,-13],[-143,271]],[[8541,5646],[83,19],[59,86],[33,124],[-29,48],[50,26]],[[8737,5949],[119,73]],[[8262,5949],[61,-46],[61,32]],[[8412,5864],[-42,-122]],[[8370,5742],[-15,3],[-6,15],[-11,10],[-17,1],[-13,22],[-25,14],[-20,22],[-17,29],[-11,29],[2,21],[13,10],[1,18],[11,13]],[[8654,6071],[94,19],[0,-68],[-44,-28]],[[8704,5994],[-91,-46],[-124,-147],[38,-154]],[[8527,5647],[-138,-21]],[[8389,5626],[-19,116]],[[8231,6704],[368,56]],[[8599,6760],[2,-16]],[[8601,6744],[-21,-24],[-6,-17],[-1,-23],[7,-32],[-27,-81],[-96,-107],[16,-59]],[[8473,6401],[-73,-82]],[[8400,6319],[-103,-47]],[[8297,6272],[-66,37],[-76,-80],[-35,47]],[[8176,6542],[55,162]],[[9089,6715],[88,0]],[[9177,6715],[58,-79]],[[9080,6486],[9,229]],[[8207,6187],[46,-73],[55,10]],[[8308,6124],[-2,-10],[8,-5]],[[8333,6051],[-98,12],[-137,-110]],[[8060,5942],[11,22]],[[8071,5964],[131,153],[-21,41],[26,29]],[[8542,6152],[19,31],[31,26],[66,28],[79,54],[18,21],[98,56]],[[8737,5949],[-33,45]],[[8175,5667],[148,39],[20,-96],[46,16]],[[8527,5647],[14,-1]],[[8796,5267],[-41,-58],[-68,-25],[-38,-39],[53,-100],[-30,-68],[-111,-40],[-52,-74]],[[8509,4863],[-216,-109],[-153,-2]],[[8027,5505],[90,26],[58,136]],[[7744,5886],[33,-8],[59,7],[78,26]],[[7989,5752],[-67,-86]],[[8262,5949],[15,8],[10,14]],[[8290,5975],[-51,24],[-109,-79]],[[8473,6401],[90,-77]],[[8563,6324],[-25,-17],[-19,-27],[-58,-47]],[[8461,6233],[-61,86]],[[8601,6744],[35,-27],[96,-78]],[[8786,6509],[-73,-43],[-29,-27],[-5,-23],[-21,-19],[-26,-7],[-69,-66]],[[8461,6233],[-43,-34],[-40,-16],[-21,-26],[-49,-33]],[[8207,6187],[90,85]],[[8080,5864],[109,-57],[-14,-140]],[[8998,6718],[91,-3]],[[8071,5964],[-6,19],[-22,8],[-50,55],[-46,15]],[[7198,7677],[81,85]],[[7279,7762],[228,-85]],[[7507,7677],[-2,-9]],[[7505,7668],[-248,-141]],[[7257,7527],[-11,5]],[[7246,7532],[13,133],[-61,12]],[[7160,7629],[38,48]],[[7246,7532],[-51,-6],[-28,25]],[[7167,7551],[-7,78]],[[7404,7489],[89,-27],[71,35]],[[7564,7497],[75,-66],[10,-70]],[[7649,7361],[-95,-69],[22,-86]],[[7576,7206],[-106,-24]],[[7470,7182],[-16,129],[7,76],[-62,16],[5,86]],[[7124,6921],[99,-3]],[[7223,6918],[-34,-85]],[[7189,6833],[-8,0]],[[7181,6833],[-58,6]],[[7123,6839],[1,82]],[[7180,7200],[38,55]],[[7218,7255],[70,-30],[-8,-81]],[[7280,7144],[-125,1]],[[7155,7145],[25,55]],[[7257,7527],[52,-57]],[[7309,7470],[-21,-46]],[[7288,7424],[-38,-14]],[[7250,7410],[-77,-22],[-42,23],[-57,74]],[[7074,7485],[-5,13]],[[7069,7498],[32,36],[48,-36],[18,53]],[[7111,7210],[69,-10]],[[7155,7145],[-21,-42]],[[7134,7103],[-94,81]],[[7040,7184],[71,26]],[[7052,6992],[52,28]],[[7104,7020],[68,-64],[77,-14],[-26,-24]],[[7124,6921],[-72,71]],[[6956,6947],[69,31]],[[7025,6978],[36,-182]],[[7061,6796],[-40,-26]],[[7021,6770],[-35,18],[-16,22],[-11,30]],[[6959,6840],[15,66],[-18,41]],[[7250,7410],[21,-60]],[[7271,7350],[-72,-55],[19,-40]],[[7111,7210],[-23,69],[-82,54],[-13,35],[81,117]],[[7331,7812],[121,73]],[[7452,7885],[66,-18],[7,-80]],[[7525,7787],[-18,-110]],[[7279,7762],[52,50]],[[7576,7206],[35,-121],[-52,-10],[1,-51]],[[7560,7024],[-159,-51]],[[7401,6973],[-23,68],[-4,39],[-83,5],[-11,59]],[[7280,7144],[100,21]],[[7380,7165],[54,-22],[36,39]],[[7288,7424],[70,-80],[-50,-26]],[[7308,7318],[-37,32]],[[7040,7184],[-36,4],[-103,-57]],[[6901,7131],[-32,82]],[[6869,7213],[-30,73]],[[6839,7286],[54,102],[55,13],[-3,88]],[[6945,7489],[124,9]],[[7308,7318],[-10,-52],[82,-101]],[[7274,6840],[-85,-7]],[[7104,7020],[9,45],[21,38]],[[7401,6973],[-62,-24],[-65,-109]],[[7505,7668],[1,-38]],[[7506,7630],[58,-133]],[[7404,7489],[-95,-19]],[[7025,6978],[27,14]],[[7123,6839],[-62,-43]],[[6842,7493],[103,-4]],[[6839,7286],[-23,80],[-37,57],[-49,53]],[[6730,7476],[112,17]],[[7334,7939],[-3,-127]],[[7160,7629],[-109,49],[38,75]],[[6842,7493],[-82,92]],[[6730,7476],[-29,23],[-17,24]],[[6956,6947],[-18,36]],[[6938,6983],[-8,16]],[[6930,6999],[-10,29],[-19,103]],[[5471,7579],[67,32]],[[5538,7611],[-6,-85]],[[5532,7526],[-33,-12],[-28,65]],[[5577,7628],[-39,-2]],[[5538,7626],[3,39],[-21,13],[-54,-47],[-4,-31]],[[5462,7600],[-23,-4]],[[5439,7596],[-30,72]],[[5409,7668],[16,68]],[[5425,7736],[-23,78]],[[5402,7814],[100,14]],[[5502,7828],[73,-20]],[[5575,7808],[-37,-50],[51,-73],[-12,-57]],[[5847,7680],[-6,150]],[[5368,7830],[120,67]],[[5488,7897],[14,-69]],[[5402,7814],[-36,-1],[2,17]],[[5462,7600],[9,-21]],[[5532,7526],[-11,-76]],[[5521,7450],[-29,-9],[-26,-33]],[[5466,7408],[-94,10]],[[5372,7418],[-33,9],[66,78],[8,57],[26,34]],[[5577,7628],[-11,-41],[6,-42]],[[5572,7545],[63,-64],[-2,-67]],[[5633,7414],[-73,-2],[-39,38]],[[5538,7611],[0,15]],[[5795,7570],[-223,-25]],[[5575,7808],[36,57],[-5,43],[26,16]],[[5029,7515],[91,19],[9,-55]],[[5129,7479],[-62,-45]],[[5067,7434],[-22,8]],[[5045,7442],[-16,73]],[[6043,7355],[-49,-8]],[[5994,7347],[-29,44],[-229,-33]],[[5736,7358],[-103,56]],[[5488,7897],[35,38]],[[6226,9948],[96,24]],[[6322,9972],[-30,-140]],[[6292,9832],[-82,16]],[[6210,9848],[16,100]],[[5798,9761],[186,0]],[[5984,9761],[-4,-72]],[[5980,9689],[-127,-37]],[[5853,9652],[-71,-19]],[[5782,9633],[-22,35],[-19,77]],[[5741,9745],[57,16]],[[6556,10003],[70,-30]],[[6626,9973],[16,-89]],[[6642,9884],[-50,-20],[-20,-42]],[[6572,9822],[-98,9],[-33,59],[115,113]],[[6210,9688],[101,-32]],[[6311,9656],[20,-59]],[[6331,9597],[-39,-14]],[[6292,9583],[-301,-147]],[[5936,9425],[-48,134],[-35,93]],[[5980,9689],[21,-39],[11,-22],[99,69],[99,-9]],[[6414,10013],[7,1]],[[6421,10014],[135,-11]],[[6572,9822],[-51,-87],[-85,-10]],[[6436,9725],[-59,131],[37,157]],[[6292,9832],[75,-143]],[[6367,9689],[-56,-33]],[[6210,9688],[0,160]],[[6333,10002],[81,11]],[[6436,9725],[-69,-36]],[[6322,9972],[11,30]],[[5569,9703],[26,5]],[[5595,9708],[2,-142],[11,-138]],[[5608,9428],[-42,1],[-51,144]],[[5515,9573],[54,130]],[[5736,9862],[116,22]],[[5852,9884],[119,1],[48,-44],[30,-63],[-65,-17]],[[5798,9761],[3,71],[-65,30]],[[5455,9611],[28,-8],[21,-12],[11,-18]],[[5608,9428],[8,-32]],[[5512,9376],[-59,134],[-143,35]],[[5310,9545],[5,27],[29,9],[16,15],[45,4],[29,0],[21,11]],[[6226,9948],[-76,-13],[-127,-24],[-28,20],[29,64]],[[6024,9995],[5,2]],[[6029,9997],[135,69],[16,-4],[16,-5],[8,-14],[129,-41]],[[5181,9766],[85,35]],[[5266,9801],[67,-117],[51,3],[49,10]],[[5433,9697],[22,-86]],[[5310,9545],[-53,6],[-77,10]],[[5188,9621],[-7,145]],[[5433,9697],[112,42],[24,-36]],[[6752,10119],[133,128]],[[6885,10247],[81,-99]],[[6966,10148],[-33,-42]],[[6933,10106],[-37,-11]],[[6896,10095],[-15,44],[-89,-38],[-40,18]],[[6933,10106],[-3,-30]],[[6930,10076],[-100,-129],[-104,-35]],[[6726,9912],[-84,-28]],[[6626,9973],[270,122]],[[5804,9437],[-15,131],[-7,65]],[[5244,9917],[47,7]],[[5291,9924],[132,9],[19,-43]],[[5442,9890],[-127,-32],[-43,-3]],[[5272,9855],[-28,62]],[[5442,9890],[9,1],[84,-5],[94,-18],[57,-1],[50,-5]],[[5741,9745],[-100,-11],[-46,-26]],[[5266,9801],[6,54]],[[5084,8620],[34,-36]],[[5118,8584],[-85,-53],[-10,-33],[-22,-26],[-83,-43]],[[4918,8429],[-45,113]],[[4873,8542],[43,36]],[[4916,8578],[168,42]],[[5199,8982],[-62,-21],[-185,-127],[11,-130],[-60,-83]],[[4903,8621],[-183,132],[-73,21]],[[4647,8774],[71,79]],[[5398,8906],[-88,-59],[-167,-99]],[[5143,8748],[-21,-73],[-38,-55]],[[4916,8578],[-13,43]],[[5806,8858],[9,-31]],[[5815,8827],[-71,-75]],[[5744,8752],[-9,-3]],[[5735,8749],[-41,50]],[[5694,8799],[40,28],[28,18],[44,13]],[[5500,8753],[82,21]],[[5582,8774],[85,-15],[17,-24]],[[5684,8735],[-63,-16],[-7,-51]],[[5614,8668],[-67,-24]],[[5547,8644],[-36,-5]],[[5511,8639],[24,46],[-35,68]],[[5749,8949],[87,-62]],[[5836,8887],[-30,-29]],[[5694,8799],[-69,35]],[[5559,8522],[30,28],[56,-46]],[[5607,8414],[-71,74]],[[5536,8488],[23,34]],[[5439,8538],[61,35]],[[5500,8573],[59,-51]],[[5536,8488],[-82,-38]],[[5454,8450],[-44,51],[29,37]],[[5287,8430],[2,16]],[[5289,8446],[77,-9],[4,-14],[-30,-24],[40,-30]],[[5380,8369],[9,-25]],[[5547,8644],[112,-110]],[[5500,8573],[-1,17]],[[5499,8590],[12,49]],[[5744,8752],[27,-8]],[[5771,8744],[-20,-88]],[[5689,8591],[-75,77]],[[5684,8735],[51,14]],[[5515,8844],[71,-21]],[[5586,8823],[-4,-49]],[[5500,8753],[-19,40]],[[5481,8793],[34,51]],[[5143,8748],[59,-110]],[[5202,8638],[-84,-54]],[[5407,8630],[45,23],[24,-52],[23,-11]],[[5439,8538],[-46,45]],[[5393,8583],[14,16],[6,15],[-6,16]],[[5515,8844],[32,42]],[[5617,8841],[-31,-18]],[[5820,9025],[106,-92]],[[5926,8933],[-58,-13]],[[5868,8920],[-32,-33]],[[5952,8946],[-26,-13]],[[6001,8888],[-61,-11],[-12,-37],[-41,19],[-19,61]],[[5913,8774],[-98,53]],[[5874,8723],[-103,21]],[[5407,8630],[3,25],[26,32],[11,32],[20,21],[14,53]],[[5454,8450],[-74,-81]],[[5289,8446],[2,21],[6,8],[18,-13],[21,11],[15,32],[42,78]],[[5052,8425],[59,43],[27,55],[-1,12],[8,13],[28,-13],[3,-15],[-13,-21],[-28,-27],[-22,-32],[-49,-33]],[[5461,8862],[-20,-19],[-52,-56],[-52,-36],[-41,-53],[-94,-60]],[[6503,6196],[128,-10]],[[6631,6186],[55,13],[118,-36]],[[6804,6163],[23,-45]],[[6827,6118],[-126,-32],[28,-231],[-97,-151],[-80,1],[7,-70]],[[6559,5635],[-45,-24]],[[6514,5611],[-26,158],[83,122],[-56,48],[-9,131],[-67,81]],[[6439,6151],[18,35]],[[6457,6186],[46,10]],[[7127,5956],[84,-225]],[[6762,4963],[-167,134],[-152,18]],[[6443,5115],[-32,108],[94,98],[-123,183]],[[6382,5504],[12,8]],[[6394,5512],[120,99]],[[6559,5635],[207,29],[76,174],[146,67],[24,11],[34,-1],[81,41]],[[6827,6118],[61,-11],[93,-20]],[[6981,6087],[182,-70]],[[7163,6017],[-36,-61]],[[6273,6084],[104,74],[62,-7]],[[6394,5512],[-144,343],[-105,-49],[-1,72]],[[6144,5878],[-4,120]],[[6140,5998],[129,-16],[4,102]],[[7101,6244],[30,32]],[[7131,6276],[48,-35]],[[7179,6241],[52,-47],[5,-19],[-11,-26],[0,-25],[13,-28]],[[7238,6096],[-75,-79]],[[6981,6087],[70,130],[52,-13],[-2,40]],[[7179,6241],[36,56]],[[7215,6297],[25,-16],[18,4],[9,-9],[12,-13],[2,-31],[66,-55],[15,-35],[31,-16],[44,-3],[35,-16],[20,-35],[33,-15],[16,-23],[-6,-44],[93,-45]],[[7398,5947],[-46,100],[-38,25],[-50,20],[-26,4]],[[6804,6163],[47,20],[10,106],[-14,41]],[[6847,6330],[103,52]],[[6950,6382],[51,-116],[100,-22]],[[9410,5641],[184,-186],[237,0],[-9,94],[111,213],[-138,156],[-7,72],[175,71],[51,89],[115,-26],[264,-363]],[[10393,5761],[-27,-326],[-87,-117],[-133,-76],[-129,-84],[-106,-57]],[[9911,5101],[-86,-21],[-226,-35]],[[9599,5045],[-43,57],[-200,30],[-47,63]],[[9423,6520],[90,44],[94,53],[138,-58],[73,56]],[[9818,6615],[181,-90],[167,129]],[[10166,6654],[30,-65],[-405,-329],[-53,52]],[[9738,6312],[-315,208]],[[10710,6586],[-39,-72],[66,-261]],[[10737,6253],[-6,-142],[-102,-17],[-120,43],[-1,-116],[66,-122]],[[10574,5899],[-99,-51],[-82,-87]],[[9410,5889],[110,-33],[79,192],[112,83],[5,162]],[[9716,6293],[22,19]],[[10166,6654],[203,83]],[[10369,6737],[84,-67]],[[10453,6670],[35,-74],[88,51],[125,-18],[9,-43]],[[9318,6615],[105,-95]],[[9716,6293],[-273,17],[-40,-117],[-106,-51],[134,-93],[18,-96],[-39,-64]],[[6382,5504],[-43,-84],[-41,13],[-5,82],[-121,-37],[-271,-340],[-28,8],[-44,98],[-113,-28]],[[5716,5216],[94,176]],[[5810,5392],[91,78],[-31,284]],[[5870,5754],[71,33],[2,86],[65,0],[31,-54],[105,59]],[[6187,4565],[91,203],[137,84],[106,-32],[112,45]],[[6927,4354],[-111,-38],[-35,-82],[126,-50]],[[6907,4184],[-73,-72],[-133,-10],[-34,-39],[-54,6]],[[6613,4069],[-32,92],[-92,-55]],[[6489,4106],[-83,60],[-166,-77],[-76,-55]],[[6164,4034],[-37,108],[77,30],[-69,87],[38,99],[-41,75]],[[6132,4433],[55,132]],[[6043,4833],[28,121],[92,135],[144,-47],[83,22],[53,51]],[[6187,4565],[-31,13],[-60,226],[-53,29]],[[6043,4833],[-72,3],[-56,206],[-163,44],[-46,113],[10,17]],[[5430,4343],[106,62],[270,22]],[[5806,4427],[62,-329]],[[5868,4098],[-220,-108],[2,-124],[-41,-52],[-144,-21]],[[5465,3793],[-27,140],[-12,64],[-10,52],[-62,74]],[[5354,4123],[76,220]],[[5806,4427],[-24,86],[68,68],[282,-148]],[[6164,4034],[-98,-78]],[[6066,3956],[-176,-62],[-39,25],[17,179]],[[5645,5282],[88,140],[77,-30]],[[5430,4343],[-69,164]],[[5361,4507],[118,15],[43,76],[-29,169],[-7,39],[70,139],[39,77],[-13,50],[-40,150]],[[5542,5222],[103,60]],[[5830,6720],[114,-15],[65,69],[47,-70]],[[6056,6704],[1,-197],[89,-135],[0,-114],[72,-4],[-24,-153],[79,-17]],[[6140,5998],[17,96],[-131,50],[-16,6],[16,83],[-211,66],[18,168],[-36,104]],[[5797,6571],[-22,42],[55,107]],[[6056,6704],[162,66],[20,87]],[[6238,6857],[47,-4],[-17,-108],[94,-55]],[[6362,6690],[98,-296]],[[6460,6394],[-44,-70],[41,-138]],[[5825,7120],[61,67],[92,-83],[90,86]],[[6200,7122],[-72,-98],[101,-45],[9,-122]],[[5830,6720],[-4,30],[74,136],[0,63]],[[5900,6949],[43,63],[-118,108]],[[6869,7213],[-32,-18],[-82,-71]],[[6755,7124],[-66,24]],[[6689,7148],[1,5],[-37,10],[-3,130],[-29,2]],[[6621,7295],[-33,74],[-16,41]],[[6572,7410],[38,171]],[[6667,6808],[115,2]],[[6782,6810],[2,-22]],[[6784,6788],[-25,-83]],[[6759,6705],[-18,-18]],[[6741,6687],[-106,-29]],[[6635,6658],[-68,101],[100,49]],[[6930,6999],[-51,-11],[-96,34],[-28,102]],[[6759,6705],[136,-23]],[[6895,6682],[-7,-102]],[[6888,6580],[-82,-40],[-7,77],[-45,14]],[[6754,6631],[-13,56]],[[6959,6840],[-11,0]],[[6948,6840],[-30,108],[20,35]],[[6593,7063],[90,15]],[[6683,7078],[32,-63]],[[6715,7015],[-124,13]],[[6591,7028],[2,35]],[[6572,7410],[-114,45]],[[6948,6840],[-19,-13],[-31,7],[23,-104]],[[6921,6730],[-12,3]],[[6909,6733],[-125,55]],[[6782,6810],[-5,52],[-13,52],[-16,37],[-9,33],[-12,2]],[[6727,6986],[-12,29]],[[6683,7078],[6,70]],[[6635,6658],[-140,-115],[70,-175]],[[6565,6368],[-43,-44]],[[6522,6324],[-62,70]],[[6362,6690],[26,142],[-6,54],[185,13],[-33,78],[57,51]],[[6727,6986],[-86,-42],[2,-38],[3,-3],[14,-69],[7,-26]],[[6522,6324],[-50,-61],[31,-67]],[[6364,7131],[49,-40],[171,6]],[[6584,7097],[9,-34]],[[6909,6733],[-14,-51]],[[6584,7097],[9,123],[28,75]],[[7021,6770],[35,-26],[20,-40]],[[7076,6704],[-53,-3],[-73,24],[-29,5]],[[6754,6631],[-18,-71],[19,-59]],[[6755,6501],[-190,-133]],[[7808,7542],[91,4],[68,-75]],[[7967,7471],[80,-141],[74,-7],[33,44]],[[8154,7367],[38,-32]],[[8192,7335],[49,-240]],[[8241,7095],[-219,-225]],[[8022,6870],[-133,124],[-59,149],[16,74],[-133,37],[-4,64]],[[7709,7318],[83,42],[-12,83],[-5,42],[-13,18],[46,39]],[[8022,8060],[216,-16]],[[8238,8044],[-10,-61],[-91,-15],[-23,-71],[-11,-153],[45,-89]],[[8148,7655],[-124,-75],[-57,-109]],[[7808,7542],[-80,182]],[[7728,7724],[6,23],[110,59],[87,219]],[[7931,8025],[91,35]],[[7840,8010],[91,15]],[[7728,7724],[-20,-38],[-6,-24],[-16,-18],[-8,-15],[-35,39],[-137,-38]],[[7525,7787],[55,-6],[64,118],[152,12],[44,99]],[[7649,7361],[60,-43]],[[8022,6870],[29,-42]],[[8051,6828],[-204,-27]],[[7847,6801],[-88,105]],[[7759,6906],[-9,45],[-100,10]],[[7650,6961],[15,39],[-105,24]],[[7787,8031],[53,-21]],[[7452,7885],[2,61]],[[7447,7995],[46,20],[2,28],[29,-5],[51,-4],[35,8],[10,-9],[107,-72],[60,70]],[[8241,7095],[122,-107],[103,-88],[122,-105]],[[8588,6795],[11,-35]],[[8231,6704],[-125,139],[-55,-15]],[[8372,8103],[75,26],[92,-29]],[[8539,8100],[50,8]],[[8589,8108],[-2,-162]],[[8587,7946],[-27,-70]],[[8560,7876],[-129,-226],[-180,-68],[-23,-60],[67,-51],[-41,-107],[-62,-29]],[[8154,7367],[54,230],[-60,58]],[[8238,8044],[134,59]],[[6950,6382],[3,46]],[[6953,6428],[46,-48],[35,1]],[[7034,6381],[26,-28],[49,-53],[22,-24]],[[6755,6501],[74,-32]],[[6829,6469],[-39,-94]],[[6790,6375],[-51,-41],[-117,-94],[9,-54]],[[7650,6961],[-58,-25],[40,-88]],[[7632,6848],[-99,22],[-108,-62]],[[7425,6808],[-151,32]],[[8038,6537],[16,51],[78,35],[-85,82],[-394,-35]],[[7653,6670],[-15,7]],[[7638,6677],[45,73],[164,51]],[[7425,6808],[19,-98]],[[7444,6710],[-111,-39]],[[7333,6671],[-16,30],[83,27],[-7,29],[-88,-27],[-105,70]],[[7200,6800],[-19,33]],[[7478,6546],[32,-2]],[[7510,6544],[55,-88]],[[7565,6456],[-103,-24]],[[7462,6432],[-35,5]],[[7427,6437],[-107,47]],[[7320,6484],[21,29],[137,33]],[[7200,6800],[-61,-4],[-9,-96],[29,-74],[-41,-24]],[[7118,6602],[-42,102]],[[7260,6451],[60,33]],[[7427,6437],[-82,-68]],[[7345,6369],[-45,54],[-40,28]],[[7444,6710],[50,2]],[[7494,6712],[41,-102]],[[7535,6610],[-25,-66]],[[7478,6546],[-75,47]],[[7403,6593],[-53,54],[-17,24]],[[7993,6473],[-216,148],[-122,6]],[[7655,6627],[-2,43]],[[7494,6712],[82,5]],[[7576,6717],[59,-39]],[[7635,6678],[-100,-68]],[[7462,6432],[3,-171]],[[7465,6261],[-38,61],[-33,9],[-49,38]],[[7632,6848],[127,58]],[[7638,6677],[-3,1]],[[7576,6717],[56,131]],[[6790,6375],[57,-45]],[[7764,6033],[-41,9],[-25,77],[-73,82],[-74,25],[-86,35]],[[7565,6456],[42,145],[48,26]],[[7403,6593],[-87,-21],[-44,-7],[-35,-6],[-47,-7],[-30,-5],[-28,37],[-14,18]],[[6889,6552],[174,0]],[[7063,6552],[-19,-116],[-10,-55]],[[6953,6428],[-110,61]],[[6843,6489],[46,63]],[[7260,6451],[-32,-24],[8,-16],[-19,-55],[-2,-59]],[[7063,6552],[55,50]],[[6829,6469],[14,20]],[[6889,6552],[-1,28]],[[7662,8611],[6,1]],[[7668,8612],[71,-36],[-16,-41],[79,-71]],[[7802,8464],[-92,-80],[-71,15]],[[7639,8399],[-56,13],[7,69],[-42,1]],[[7977,8674],[6,-13]],[[7983,8661],[-45,-92],[33,-72],[-48,-46]],[[7923,8451],[-121,13]],[[7668,8612],[100,50],[25,-49],[88,69]],[[8127,8638],[129,-5]],[[8256,8633],[-11,-58],[28,-12]],[[8273,8563],[-45,-183]],[[8228,8380],[-132,35]],[[8096,8415],[31,223]],[[8248,8851],[-28,-49],[36,-169]],[[8127,8638],[-144,23]],[[7357,8141],[44,53],[124,25],[34,125],[73,-43]],[[7632,8301],[-24,-129],[41,3]],[[7649,8175],[52,-88],[86,-56]],[[7639,8399],[-7,-98]],[[7923,8451],[64,-53],[109,17]],[[8228,8380],[102,-126],[42,-151]],[[8022,8060],[-11,95],[-88,84],[-156,-75],[-72,41],[-46,-30]],[[7021,9783],[72,19],[13,-85],[89,11]],[[7195,9728],[9,-35]],[[7204,9693],[9,-144]],[[7213,9549],[-53,-8]],[[7160,9541],[-85,70]],[[7075,9611],[-1,36]],[[7074,9647],[-9,83]],[[7065,9730],[-44,53]],[[7518,9531],[52,-27]],[[7585,9491],[-43,-48]],[[7542,9443],[-64,42]],[[7478,9485],[40,46]],[[7584,9217],[36,-64],[-35,-43],[-1,-22]],[[7584,9088],[-38,-27]],[[7546,9061],[-31,23]],[[7515,9084],[-38,26]],[[7477,9110],[20,38],[31,41],[56,28]],[[7003,9810],[114,24]],[[7117,9834],[64,-23],[53,-78],[-39,-5]],[[7021,9783],[-18,27]],[[7601,9385],[-51,-2]],[[7550,9383],[-8,60]],[[7550,9383],[-56,-63],[-11,-27]],[[7483,9293],[-34,5],[-10,-2]],[[7439,9296],[-44,112]],[[7395,9408],[18,11]],[[7413,9419],[29,3],[36,63]],[[7639,9282],[-55,-65]],[[7477,9110],[-52,-18]],[[7425,9092],[-29,35]],[[7396,9127],[4,23]],[[7400,9150],[24,8],[72,70],[-13,65]],[[7297,9391],[98,17]],[[7439,9296],[-35,-27]],[[7404,9269],[-53,64],[-62,5]],[[7289,9338],[8,53]],[[7445,9922],[227,-214]],[[7672,9708],[78,-12]],[[7571,9581],[-193,202],[-62,-15]],[[7316,9768],[-20,81]],[[7296,9849],[7,3]],[[7303,9852],[40,25],[60,26]],[[7403,9903],[42,19]],[[7400,9150],[-11,79]],[[7389,9229],[15,40]],[[7548,9545],[-66,46]],[[7482,9591],[-64,38],[-53,-13],[-81,85]],[[7284,9701],[32,67]],[[7632,8777],[-13,120],[-103,113],[30,51]],[[7584,9088],[42,-41],[94,79]],[[7142,9841],[154,8]],[[7284,9701],[-80,-8]],[[7117,9834],[25,7]],[[7425,9092],[-21,-56],[66,-8],[45,56]],[[7312,9020],[0,68]],[[7312,9088],[84,39]],[[7430,9553],[52,38]],[[7518,9531],[-88,22]],[[7404,9560],[26,-7]],[[7413,9419],[-26,56],[17,85]],[[7297,9391],[-3,5]],[[7294,9396],[-36,69],[1,50],[-84,-5]],[[7175,9510],[-15,31]],[[7213,9549],[60,18],[33,2],[30,-14],[27,-5],[41,10]],[[9032,8250],[40,24]],[[9072,8274],[-5,-36],[7,-51],[-14,-28],[-7,-48],[-16,-22],[19,-20],[1,-20],[-14,-8]],[[9043,8041],[-107,22]],[[8936,8063],[0,106],[96,81]],[[9072,8274],[4,8]],[[9076,8282],[206,-32],[-6,-136],[59,37]],[[9335,8151],[66,-67],[5,-187],[72,-56]],[[9478,7841],[-50,-38],[63,-115],[-32,-38]],[[9459,7650],[-95,-71],[-98,-189],[-36,16],[24,82],[-59,23],[-37,-37]],[[9158,7474],[-12,66],[155,76],[64,97],[-68,109],[-221,76],[-33,143]],[[8856,7546],[200,-51]],[[9056,7495],[34,-88]],[[9090,7407],[4,-114]],[[9094,7293],[-18,-97],[-3,-18],[-86,-130],[-11,-17],[59,-111],[36,-68],[-8,-16],[-65,-118]],[[8588,6795],[-4,114],[43,116],[54,76],[-102,222],[181,202],[96,21]],[[9158,7474],[-68,-67]],[[9056,7495],[36,44],[-25,114],[-86,6],[7,181],[-102,79],[-26,40]],[[8860,7959],[76,104]],[[8930,8296],[102,-46]],[[8860,7959],[-186,-86],[-55,17],[-32,56]],[[8589,8108],[-3,75],[72,69]],[[8658,8252],[196,-24],[76,68]],[[8856,7546],[1,51],[-83,-26],[-44,118],[-59,-7],[-84,100],[52,43],[-79,51]],[[9156,8411],[18,-6],[14,4],[8,9],[14,0],[13,8],[9,-27],[12,-10],[17,5],[9,-6],[15,-27],[21,-6],[20,0],[25,-9]],[[9351,8346],[38,-18],[34,-7],[-88,-170]],[[9076,8282],[1,51],[-16,42],[3,20],[17,24],[-4,12],[12,4],[11,-1],[18,-24],[16,-1],[22,2]],[[9740,9804],[60,-2]],[[9800,9802],[36,-97],[58,-21]],[[9894,9684],[-21,-29],[-91,-24],[-43,3]],[[9739,9634],[11,12],[-1,12],[-12,16],[11,30],[14,30],[-2,24],[-20,46]],[[10098,9082],[199,-30]],[[10297,9052],[17,-46]],[[10314,9006],[-12,-71],[-96,-34]],[[10206,8901],[-34,82],[-59,5]],[[10113,8988],[-15,94]],[[10102,8754],[107,28]],[[10209,8782],[6,-45],[-43,-82]],[[10172,8655],[-49,-61],[-101,-80]],[[10022,8514],[-12,-10],[-24,2],[-27,26],[-14,3],[-14,-8],[-34,-39],[-150,116]],[[9747,8604],[-15,39],[42,18]],[[9774,8661],[92,-44],[236,137]],[[9702,9557],[85,34],[64,-45],[-22,-75],[8,-25]],[[9837,9446],[-12,9],[-9,-5],[0,-19]],[[9816,9431],[-42,-19]],[[9774,9412],[-46,8]],[[9728,9420],[-21,64],[-5,73]],[[10002,8974],[111,14]],[[10206,8901],[-15,-42],[71,-61]],[[10262,8798],[-53,-16]],[[10102,8754],[-31,54],[-65,-32],[-30,15],[32,40],[-9,17]],[[9999,8848],[3,126]],[[9869,9287],[-73,-41],[-22,166]],[[9816,9431],[6,-16],[-11,-5],[-1,-12],[35,-56],[11,-29],[12,-7],[1,-19]],[[9702,9557],[23,76]],[[9725,9633],[14,1]],[[9894,9684],[51,-13],[54,-16],[23,24],[18,18]],[[10040,9697],[31,-27]],[[10071,9670],[20,-38],[17,-34]],[[10108,9598],[3,-57],[14,-46]],[[10125,9495],[-125,-69],[0,-60],[-80,-42]],[[9920,9324],[-23,100],[-15,21],[-23,-1],[-22,2]],[[9948,9224],[4,22],[-5,27],[-14,28]],[[9933,9301],[47,0],[118,-219]],[[10002,8974],[-29,2]],[[9973,8976],[24,67],[-11,17],[3,23],[-22,101],[-14,20],[-5,20]],[[10163,9415],[12,-53]],[[10175,9362],[40,-114]],[[10215,9248],[37,-126],[45,-48]],[[10297,9074],[0,-22]],[[9933,9301],[-13,23]],[[10125,9495],[30,-62],[8,-18]],[[10314,9006],[54,-18]],[[10368,8988],[129,-33]],[[10497,8955],[-24,-27]],[[10473,8928],[-15,-60]],[[10458,8868],[-17,-25],[-25,-14],[-80,3],[-46,-27]],[[10290,8805],[-28,-7]],[[9843,8986],[61,38],[69,-48]],[[9999,8848],[-72,-25],[-134,37]],[[9793,8860],[-31,55]],[[9762,8915],[50,5],[31,66]],[[9869,9287],[29,-52],[14,-7],[7,-16],[12,-8],[7,1],[-1,13],[11,6]],[[9843,8986],[-6,85],[-64,22]],[[9773,9093],[-10,143],[-34,84],[-1,100]],[[9774,8661],[19,199]],[[9867,9896],[166,-94]],[[10033,9802],[7,-105]],[[9800,9802],[67,94]],[[10333,8615],[51,13]],[[10384,8628],[45,-30],[6,-68]],[[10435,8530],[1,-16]],[[10436,8514],[-136,-73]],[[10300,8441],[-28,26],[-45,40]],[[10227,8507],[106,108]],[[10290,8805],[43,-85]],[[10333,8720],[-31,-35]],[[10302,8685],[-51,-48],[-79,18]],[[10333,8720],[38,9],[57,-31]],[[10428,8698],[-44,-70]],[[10333,8615],[-31,70]],[[10227,8507],[-54,5],[-57,5],[-57,-33],[-16,-9],[-21,39]],[[10473,8928],[62,-53],[-22,-30],[-55,23]],[[10609,8499],[135,-94]],[[10744,8405],[-50,-24],[-115,18]],[[10579,8399],[16,21],[1,45],[13,13],[0,21]],[[10071,8245],[23,12],[7,46],[23,1],[80,2]],[[10204,8306],[20,-24],[3,-17],[-14,-36],[20,-71],[8,-43],[-52,-32],[-36,21],[-16,46],[-31,-9],[-17,-15],[31,-57]],[[10120,8069],[-228,-17]],[[9892,8052],[-7,33],[176,79],[10,81]],[[9801,8319],[166,55],[25,-13],[17,-8],[36,-17],[26,-91]],[[9892,8052],[-67,-65],[-28,36]],[[9797,8023],[-112,235]],[[9685,8258],[116,61]],[[10605,8100],[-7,-40],[-173,-6]],[[10425,8054],[-5,50]],[[10420,8104],[41,8],[123,-11],[21,-1]],[[10300,8441],[-22,-51],[8,-66]],[[10286,8324],[-43,47],[-51,53],[-31,-2],[-52,-2],[-10,-10],[21,-17],[19,-15],[45,-44],[20,-28]],[[9801,8319],[-6,55],[44,42],[-178,110]],[[9661,8526],[86,78]],[[9616,8510],[45,16]],[[9685,8258],[-350,-107]],[[9351,8346],[11,39],[160,9],[6,59],[88,57]],[[10436,8514],[48,-54]],[[10484,8460],[-17,-30],[-28,-22],[-89,-96],[-26,-20],[-33,1],[-5,31]],[[10562,8862],[123,53],[24,-80],[52,5]],[[10761,8840],[28,-23],[41,4],[19,-9],[3,-16],[-8,-13],[-20,-17],[-23,-6]],[[10801,8760],[-23,29],[-83,-4],[-129,-56]],[[10566,8729],[-25,59]],[[10541,8788],[21,74]],[[10541,8788],[-113,-90]],[[10497,8955],[30,19]],[[10527,8974],[21,-59],[-6,-42],[20,-11]],[[9797,8023],[-41,5],[-41,-73],[46,-50]],[[9761,7905],[-111,-41],[-66,29],[-106,-52]],[[10566,8729],[-57,-143],[-74,-56]],[[10770,8235],[31,125]],[[10801,8360],[165,-133]],[[10966,8227],[-17,-109],[-120,-70]],[[10829,8048],[-20,3],[-10,13],[11,18],[35,23],[-16,69],[-31,22],[-28,39]],[[10744,8405],[12,-10]],[[10756,8395],[45,-35]],[[10770,8235],[-42,-1],[-21,14],[-36,26],[-34,11],[-66,-21],[-46,4],[-35,-20],[-27,19],[35,55],[62,46],[19,31]],[[9455,9152],[-113,160]],[[9342,9312],[40,49]],[[9382,9361],[141,118]],[[9523,9479],[117,27],[15,136]],[[9655,9642],[51,32]],[[9706,9674],[19,-41]],[[9773,9093],[-107,-24]],[[9666,9069],[-45,28]],[[9621,9097],[-42,47],[-124,8]],[[9105,9446],[78,76]],[[9183,9522],[81,-96]],[[9264,9426],[-111,-107]],[[9153,9319],[-7,37],[-15,14],[-19,47],[-7,29]],[[9181,8960],[32,-14]],[[9213,8946],[118,-145]],[[9331,8801],[-164,-114],[-5,-60],[-29,-12]],[[9133,8615],[-19,66],[-100,54]],[[9014,8735],[167,225]],[[9621,9097],[-102,-98]],[[9519,8999],[-83,60],[-44,52]],[[9392,9111],[63,41]],[[9264,9426],[112,-35]],[[9376,9391],[6,-30]],[[9342,9312],[-98,-39]],[[9244,9273],[-83,21]],[[9161,9294],[-8,25]],[[9035,9071],[67,-8]],[[9102,9063],[79,-103]],[[9014,8735],[-71,13]],[[8943,8748],[-8,62],[-83,74]],[[8852,8884],[64,98],[119,89]],[[9762,8915],[-68,75]],[[9694,8990],[-28,79]],[[9161,9294],[7,-39],[10,-15],[-49,-30]],[[9129,9210],[-54,-49],[-29,25],[7,73],[-70,19]],[[8983,9278],[28,138]],[[9011,9416],[6,-1],[66,26],[22,5]],[[8934,9272],[49,6]],[[9129,9210],[48,-56]],[[9177,9154],[-75,-91]],[[9035,9071],[-24,104],[-81,7]],[[8930,9182],[4,90]],[[9616,8510],[-166,262]],[[9450,8772],[51,78]],[[9501,8850],[38,-27],[21,3],[22,36]],[[9582,8862],[27,-20],[24,-5],[44,3],[17,150]],[[9213,8946],[118,54]],[[9331,9000],[73,-81],[97,-69]],[[9450,8772],[-119,29]],[[9177,9154],[52,-51],[68,20]],[[9297,9123],[1,-22],[7,-20],[-5,-28],[7,-27],[24,-26]],[[9381,9638],[135,41],[20,-17],[2,-33]],[[9538,9629],[-101,-39],[45,-49],[29,-39],[12,-23]],[[9376,9391],[-73,210]],[[9303,9601],[23,13]],[[9326,9614],[55,24]],[[9156,8411],[-30,151]],[[9126,8562],[7,53]],[[9392,9111],[-49,47],[-34,17]],[[9309,9175],[-65,98]],[[9238,9620],[65,-19]],[[9183,9522],[37,7],[18,91]],[[9582,8862],[13,21],[-4,33],[-30,49],[-42,34]],[[9309,9175],[-14,-10],[15,-19],[-13,-23]],[[9150,9735],[50,-22],[25,-66],[13,-27]],[[9011,9416],[-24,6],[-76,87],[-73,44]],[[8838,9553],[7,62]],[[8845,9615],[199,16],[-28,36],[0,21]],[[9016,9688],[69,-2],[65,49]],[[8930,8296],[-73,38],[58,103],[132,20],[18,131],[61,-26]],[[8696,9005],[91,74]],[[8787,9079],[8,-139]],[[8795,8940],[-49,-32],[-26,-1],[23,41],[-47,57]],[[8224,9362],[66,-28]],[[8290,9334],[142,-98]],[[8432,9236],[-20,-15]],[[8412,9221],[-135,-41]],[[8185,9326],[39,36]],[[8643,9220],[-32,-86],[-119,13]],[[8492,9147],[-64,1]],[[8428,9148],[-16,73]],[[8432,9236],[46,17],[-44,65]],[[8434,9318],[96,1],[49,96]],[[8579,9415],[93,4],[3,-70]],[[8675,9349],[-12,-69],[-76,-25],[56,-35]],[[8934,9272],[-58,36],[-16,-22]],[[8860,9286],[-67,13]],[[8793,9299],[-118,50]],[[8579,9415],[22,32],[68,88],[169,18]],[[8860,9286],[-13,-93]],[[8847,9193],[-53,-30],[-111,71]],[[8683,9234],[110,65]],[[8787,9079],[58,-6],[11,64],[27,7],[-8,19]],[[8875,9163],[55,19]],[[8852,8884],[-57,56]],[[8492,9147],[9,-61]],[[8501,9086],[-26,-12],[-35,-95],[-121,-106]],[[8319,8873],[-19,4]],[[8283,8997],[145,151]],[[8290,9334],[22,7]],[[8312,9341],[87,8]],[[8399,9349],[35,-31]],[[8486,8663],[191,24],[61,-346]],[[8738,8341],[-80,-89]],[[8539,8100],[9,175],[-40,34],[-47,279],[25,75]],[[8468,8693],[18,-30]],[[8273,8563],[128,167],[67,-37]],[[8738,8341],[46,56],[5,72],[75,31],[23,52],[-41,76],[97,120]],[[8683,9234],[-40,-14]],[[8332,9601],[117,-30]],[[8449,9571],[2,-81],[-52,-141]],[[8312,9341],[69,77],[-153,94],[-54,-68],[50,-82]],[[8097,9549],[235,52]],[[8449,9571],[47,-12],[118,119]],[[8614,9678],[222,50]],[[8836,9728],[9,-113]],[[8847,9193],[28,-30]],[[8696,9005],[-25,13],[-66,-11]],[[8605,9007],[-104,79]],[[8319,8873],[91,-96],[55,23]],[[8465,8800],[3,-107]],[[8567,9806],[199,33]],[[8766,9839],[31,-54]],[[8797,9785],[39,-57]],[[8614,9678],[-47,128]],[[8605,9007],[-53,-29],[3,-104],[-90,-74]],[[11420,7400],[137,111],[73,-67]],[[11630,7444],[-51,-50],[5,-60],[-75,-39],[-24,-63]],[[11485,7232],[-36,91]],[[11449,7323],[-29,77]],[[11543,6037],[136,14]],[[11679,6051],[22,-79],[-101,-92],[-11,-91],[118,-124],[1,-225]],[[11708,5440],[-60,-23],[-99,-82],[-108,83]],[[11441,5418],[-20,106],[-149,224],[-132,58]],[[11140,5806],[96,68],[158,1],[149,162]],[[11485,7232],[8,-29],[-12,-71]],[[11481,7132],[-76,-65],[-264,-17],[2,-51],[-140,-301]],[[11003,6698],[-110,-52]],[[10893,6646],[-33,112],[-13,53],[19,212],[87,86]],[[10953,7109],[118,-30],[77,57]],[[11148,7136],[72,8],[148,171],[81,8]],[[11889,7644],[177,92],[90,-67],[79,69],[69,-35],[5,-84]],[[12309,7619],[-80,-75],[-79,-3],[-49,-82]],[[12101,7459],[-96,-33],[-119,108],[-49,17],[5,-163],[-80,-109],[63,-40],[10,-103]],[[11835,7136],[-105,21],[-138,130],[-107,-55]],[[11630,7444],[64,134]],[[11694,7578],[110,-10]],[[11804,7568],[85,76]],[[11481,7132],[218,-105]],[[11699,7027],[-84,-143],[4,-29],[8,-28]],[[11627,6827],[-139,-88],[-81,44],[-323,-110]],[[11084,6673],[-81,25]],[[11384,7655],[127,10],[183,-87]],[[11420,7400],[-22,53]],[[11398,7453],[48,27],[-1,32],[-13,18],[8,29],[-8,24],[-38,38],[-10,34]],[[10737,6253],[139,42],[171,-200],[164,-10],[62,-45],[240,49]],[[11513,6089],[30,-52]],[[11140,5806],[-189,-93]],[[10951,5713],[-220,-33],[-122,42]],[[10609,5722],[9,141],[-44,36]],[[11627,6827],[13,-32],[6,-31],[-10,-22],[3,-39],[7,-33],[12,-21],[-2,-22],[-31,-21],[-29,-31],[-30,-3],[-11,-19],[-6,-28],[156,-92],[51,-222]],[[11756,6211],[-83,-63],[6,-97]],[[11513,6089],[6,187],[-193,65],[-81,107],[-104,50],[-57,175]],[[11441,5418],[-104,-34],[-77,70],[-160,28]],[[11100,5482],[-149,231]],[[11104,7634],[48,-34]],[[11152,7600],[52,-29],[44,22],[42,-29],[34,7]],[[11324,7571],[-13,-49]],[[11311,7522],[-105,-79],[-2,-65],[48,-47],[-77,-83],[-27,-112]],[[10953,7109],[-40,52],[-115,6]],[[10798,7167],[-17,137],[50,38],[-22,69],[-67,31],[24,48]],[[10766,7490],[59,57],[54,25]],[[10879,7572],[66,-7],[159,69]],[[11100,5482],[-64,-71],[-20,-156],[16,-88]],[[11032,5167],[-147,-34],[-31,-40]],[[10854,5093],[-226,123],[-84,244],[65,262]],[[11835,7136],[-6,-24]],[[11829,7112],[-33,-82]],[[11796,7030],[-97,-3]],[[11311,7522],[7,-90],[27,-38],[20,-1],[1,24],[32,36]],[[11275,7737],[-20,-79],[40,-50],[32,-24],[-3,-13]],[[11152,7600],[34,54],[-23,40],[112,43]],[[11104,7634],[-3,72],[57,27],[-5,54],[-6,71],[80,105],[-1,27]],[[11226,7990],[47,26],[25,2],[20,-11],[4,-21],[-20,-49],[13,-53],[-3,-31],[-21,-43],[-16,-73]],[[12412,7104],[91,9]],[[12503,7113],[45,-80],[-14,-95]],[[12534,6938],[-130,-121],[-76,-15],[-7,-47],[30,-116],[-61,-24],[-23,-170],[-131,-60]],[[12136,6385],[-62,112],[-86,-66],[-17,-130],[-144,-107],[-71,17]],[[11796,7030],[28,-65],[194,-86],[254,144],[81,-12],[59,93]],[[11423,7793],[71,-15]],[[11494,7778],[201,-41],[18,-26],[91,-143]],[[11384,7655],[40,105],[-1,33]],[[12101,7459],[-124,-299],[-74,-56],[-74,8]],[[12412,7104],[-8,75],[41,34],[-40,110],[47,20],[-44,49]],[[12408,7392],[152,110],[207,109]],[[12767,7611],[53,-80],[26,-39],[1,-12],[13,-149],[-357,-218]],[[12309,7619],[91,-59],[-3,-137],[11,-31]],[[10710,6586],[183,60]],[[12052,9207],[87,2]],[[12139,9209],[123,-157],[68,-46],[-29,-42],[45,-22]],[[12346,8942],[2,-90],[120,-101]],[[12468,8751],[71,-189]],[[12539,8562],[-505,51],[-22,-68]],[[12012,8545],[-71,-37]],[[11941,8508],[-31,112],[-131,60]],[[11779,8680],[3,243],[-92,43]],[[11690,8966],[4,61],[54,33]],[[11748,9060],[78,6],[45,91],[27,2],[36,-9],[43,18],[31,67],[44,-28]],[[12213,8647],[30,17],[12,30],[-23,21],[-27,10],[-35,27],[-1,29],[-16,52],[2,57],[-31,78],[7,16],[-15,31],[8,17],[6,17],[0,15],[-14,-8],[-14,9],[-3,17],[-19,4],[-6,-24],[-17,-8],[-18,-5],[-16,8],[-11,-13],[-6,-30],[-14,-16],[5,-10],[16,4],[12,-33],[41,-63],[2,-40],[14,-14],[24,-21],[-18,-28],[8,-26],[19,-5],[10,-16],[19,-5],[27,-46],[29,-18],[12,-12],[1,-18]],[[10966,8227],[26,40],[124,-33]],[[11116,8234],[48,-77]],[[11164,8157],[-47,-72],[39,-48]],[[11156,8037],[-30,-16],[-57,-5],[-81,33],[-69,-11],[-37,-7],[-53,17]],[[11838,9290],[187,33],[60,-39],[-33,-77]],[[11748,9060],[-38,77]],[[11709,9158],[28,110],[101,22]],[[11830,9379],[49,30],[99,18],[22,-12],[46,-7],[18,16],[59,-8],[9,44],[31,16],[20,24],[14,-6],[-9,-30],[-34,-29],[-13,-32],[41,-10]],[[12182,9393],[-43,-184]],[[11838,9290],[-8,89]],[[11799,9389],[31,-10]],[[10801,8760],[-8,-22],[-12,-19],[-26,-16],[-3,-12],[28,-36],[37,-25],[37,-34]],[[10854,8596],[-9,-148],[-89,-53]],[[10609,8499],[19,59],[19,33],[-5,12],[-15,2],[-59,-93],[-15,-20],[-13,-5],[-17,5],[-39,-32]],[[12182,9393],[45,-14],[10,-28],[61,-2],[36,-21]],[[12334,9328],[70,-44]],[[12404,9284],[-39,-220],[32,-39]],[[12397,9025],[-51,-83]],[[12404,9284],[67,43]],[[12471,9327],[99,-99]],[[12570,9228],[5,-160]],[[12575,9068],[-178,-43]],[[12782,8873],[117,-21]],[[12899,8852],[-4,-72],[-70,-80],[31,-96],[-51,-171]],[[12805,8433],[-98,-64],[-100,-38],[-24,-83]],[[12583,8248],[-97,37]],[[12486,8285],[63,154],[-10,123]],[[12468,8751],[64,76],[220,-24],[30,70]],[[12334,9328],[29,7],[18,20],[6,46],[34,11]],[[12421,9412],[5,-27],[45,-58]],[[12884,9256],[44,29],[103,-62]],[[13031,9223],[-143,-218],[-11,-17]],[[12877,8988],[-90,59],[97,209]],[[12627,9295],[221,-9]],[[12848,9286],[36,-30]],[[12877,8988],[8,-14],[14,-103],[0,-19]],[[12782,8873],[-18,70],[-179,78],[-10,47]],[[12570,9228],[57,67]],[[12757,9503],[66,-10],[38,7]],[[12861,9500],[16,3],[13,-9],[6,-23]],[[12896,9471],[-67,-86],[19,-99]],[[12627,9295],[-4,139]],[[12623,9434],[46,8],[45,21],[42,25],[1,15]],[[12421,9412],[50,14],[25,-4],[34,18],[18,-5],[24,-19],[51,18]],[[11941,8508],[-46,-160]],[[11895,8348],[-20,-85],[-95,-15],[-49,34],[-33,193]],[[11698,8475],[33,199],[48,6]],[[10996,8661],[187,39]],[[11183,8700],[27,-76]],[[11210,8624],[-38,-14],[75,-225]],[[11247,8385],[-71,-146],[-60,-5]],[[10854,8596],[15,-6],[12,-17],[39,-32],[27,-15],[23,-41],[16,4],[27,36],[8,14],[-6,31],[-19,43],[0,48]],[[11733,8088],[77,54],[139,-11],[29,42],[105,-78]],[[12083,8095],[0,-24]],[[12083,8071],[-76,-60],[-137,-1],[-60,68],[-77,10]],[[11164,8157],[191,55]],[[11355,8212],[141,-77],[-9,-67]],[[11487,8068],[-105,-82]],[[11382,7986],[3,25],[-11,11],[-5,28],[-29,-1],[-36,14],[-12,11],[-2,17],[-20,9],[-49,-11],[-65,-52]],[[11247,8385],[28,-37],[30,-17],[43,-43],[15,-23]],[[11363,8265],[-8,-53]],[[11487,8068],[39,-60],[95,-2]],[[11621,8006],[21,-28],[35,-46],[62,17],[-19,-119]],[[11720,7830],[-168,28],[-58,-80]],[[11423,7793],[-25,56],[-24,96],[8,41]],[[12583,8248],[66,-23],[71,-111],[103,-187]],[[12823,7927],[93,-59],[-67,-134],[36,-67],[-118,-56]],[[11889,7644],[-57,28],[-9,128],[-103,30]],[[11621,8006],[45,68],[67,14]],[[12083,8071],[261,80]],[[12344,8151],[82,-15],[60,149]],[[12012,8545],[82,-104],[81,2],[-30,-269],[46,-18],[70,82],[21,82],[83,15],[-21,-184]],[[12083,8095],[16,35],[-204,218]],[[11534,8754],[93,80],[63,132]],[[11698,8475],[-70,0]],[[11628,8475],[-6,118],[-88,161]],[[11357,8680],[127,8],[50,66]],[[11628,8475],[-76,44],[-55,-38]],[[11497,8481],[-203,97]],[[11294,8578],[-20,59]],[[11274,8637],[83,43]],[[11363,8265],[45,61],[89,155]],[[11247,8385],[68,62],[-21,131]],[[11210,8624],[64,13]],[[10094,7926],[8,-43]],[[10102,7883],[-17,-11],[-20,-3],[-22,-12],[-21,-27],[-29,-13],[-9,-26],[16,-6],[8,0],[7,14],[13,0],[4,-14],[7,4],[9,-4],[1,-11],[11,0],[31,23]],[[10091,7797],[-79,-110]],[[10012,7687],[-52,-113]],[[9960,7574],[-88,44],[-89,-44],[-70,62],[-207,-50],[-47,64]],[[9761,7905],[108,45],[225,-24]],[[10453,6670],[132,77],[-148,90],[-16,60],[-24,91],[-17,46],[1,21],[-5,23],[6,18],[-13,13],[-1,19],[-33,92],[30,39],[15,27],[40,-15],[-21,-115],[36,0],[26,32],[56,67],[53,-1],[13,-109],[215,22]],[[9094,7293],[116,-34],[149,95],[248,-194]],[[9607,7160],[-5,-13],[5,-7]],[[9607,7140],[-19,-41],[-7,-26],[3,-22],[16,-5],[23,6],[25,-16],[17,-36],[20,-15],[10,-32],[21,-36],[-3,-23]],[[9713,6894],[-241,29],[-91,-126],[-159,-21],[-45,-61]],[[10012,7687],[96,-88],[120,33]],[[10228,7632],[0,-155],[1,-94]],[[10229,7383],[-39,-77],[8,-198],[24,-116],[-55,-51],[202,-204]],[[9818,6615],[-26,72]],[[9792,6687],[194,162],[72,268],[-105,111],[4,109],[-48,36]],[[9909,7373],[-20,55],[71,146]],[[9713,6894],[8,-22],[-16,-58],[4,-15],[-11,-18],[-11,-41],[52,7],[53,-60]],[[9829,7320],[80,53]],[[9607,7140],[17,-11],[7,-13],[13,-1],[6,-5],[-2,-11],[6,-2],[12,9],[33,40],[4,28],[39,28],[22,30],[18,5],[36,38],[1,27],[10,18]],[[9829,7320],[1,35],[-2,15],[-6,6],[-8,-4],[-13,-4],[-12,4],[-6,-20],[-19,-26],[-6,-25],[-40,-29],[-88,-46],[-10,-38],[-13,-28]],[[10694,7911],[77,-1],[17,-7],[39,-36],[68,-16],[75,11],[52,34]],[[11022,7896],[13,-45],[-131,-46],[-54,-52],[29,-181]],[[10766,7490],[-72,106]],[[10694,7596],[35,13],[-23,46],[-95,84]],[[10611,7739],[83,172]],[[10568,7963],[24,-12],[5,-17],[73,-11],[24,-12]],[[10611,7739],[-45,7],[-87,135],[-44,-21]],[[10435,7860],[1,48]],[[10436,7908],[132,55]],[[10363,7678],[104,7]],[[10467,7685],[-1,-48],[11,-20],[-7,-53],[-1,-53],[-240,-128]],[[10228,7632],[31,13]],[[10259,7645],[104,33]],[[11022,7896],[98,27],[46,23],[14,18],[46,26]],[[10605,8100],[137,-12],[6,-15],[-14,-19],[-74,-7],[-92,-48],[0,-36]],[[10436,7908],[-12,57]],[[10424,7965],[1,89]],[[10188,7862],[53,1]],[[10241,7863],[18,-218]],[[10091,7797],[82,50],[15,15]],[[10120,8069],[16,-57],[-15,-17],[-1,-43]],[[10120,7952],[-26,-26]],[[10694,7596],[-66,-18],[-161,107]],[[10363,7678],[-5,107],[77,75]],[[10241,7863],[183,102]],[[10120,7952],[32,-2],[40,15],[15,-7],[62,18],[31,57],[31,34],[5,24],[19,16],[65,-3]],[[10188,7862],[29,22],[9,14],[-2,15],[-17,35],[-13,7],[6,-28],[-6,-15],[-16,-10],[-20,-4],[-26,-16],[-30,1]],[[13031,9223],[14,-6]],[[13045,9217],[182,-189],[76,-73]],[[13303,8955],[76,2],[55,20]],[[13434,8977],[35,-28],[56,-8],[71,0],[27,-15],[55,-8],[44,-18],[94,-20]],[[13816,8880],[16,-201],[8,-111],[-50,-37],[-177,-145]],[[13613,8386],[-17,5]],[[13596,8391],[-26,60],[2,69],[-60,-5],[-28,56],[-125,21],[-75,0],[-3,56],[-103,-25],[-43,-81],[-145,-42],[-71,-73],[-114,6]],[[12823,7927],[115,64],[16,52],[106,123],[122,66],[68,56],[107,40],[19,-18],[2,-24],[21,-50],[56,28],[47,-40],[94,167]],[[13613,8386],[78,-56],[103,-24],[72,74],[95,-25]],[[13961,8355],[63,-21],[75,-196]],[[14099,8138],[-17,-168],[-44,-145],[77,-139]],[[14115,7686],[-15,-69]],[[14100,7617],[-89,-58],[-61,-99]],[[13950,7460],[-70,-68],[-169,-1],[-30,-37]],[[13681,7354],[-42,-75],[-19,-27],[-97,-65],[-72,127],[-125,23]],[[13326,7337],[-52,-20],[-33,-42],[-42,-192],[-106,-154],[-222,-37]],[[12871,6892],[-120,-63]],[[12751,6829],[-58,92]],[[12693,6921],[-72,18],[-87,-1]],[[11206,9467],[-69,-127],[7,-27],[-3,-46]],[[11141,9267],[-10,-19],[4,-20],[13,-10],[4,-38],[-1,-39],[13,-79]],[[11164,9062],[-29,-27]],[[11135,9035],[-63,64],[-73,171],[-106,22]],[[10893,9292],[-7,140]],[[10808,9410],[-45,-50],[34,-98]],[[10797,9262],[-6,-24]],[[10791,9238],[-53,-17],[-36,-34]],[[10702,9187],[-122,104],[-63,248],[23,25]],[[10500,9618],[16,19],[-3,15]],[[10702,9187],[-4,-21],[12,-19]],[[10710,9147],[-38,-55],[-138,-17]],[[10534,9075],[1,6]],[[10535,9081],[7,25],[-5,32],[-16,51],[-27,5],[-14,15],[-7,37]],[[10473,9246],[4,35],[20,35],[-27,93],[0,41],[-16,28]],[[10454,9478],[-6,34],[9,25],[41,54],[2,27]],[[11598,9112],[-31,-54],[-269,-10]],[[11298,9048],[-107,-16],[-27,30]],[[11141,9267],[74,53],[62,-42],[65,4],[-13,101]],[[11357,8680],[-8,83],[53,6],[-34,45],[47,10]],[[11415,8824],[15,-7],[1,-39],[23,-28],[15,-5],[23,12],[11,30],[0,37],[-25,32],[-13,38],[-19,25],[-43,19],[-19,-8],[-28,14],[-15,20],[-26,-4]],[[11315,8960],[-17,88]],[[10710,9147],[12,-14],[13,-33],[-5,-15],[13,-8],[-7,-31],[-17,-26],[2,-37],[32,-19],[21,16],[13,-8],[-5,-16],[-33,-43],[0,-56],[12,-17]],[[10527,8974],[15,21],[-3,29],[-11,34],[6,17]],[[10893,9292],[-96,-30]],[[11315,8960],[-32,10],[-13,-5],[10,-15],[20,-12],[13,-40],[-23,-15],[-1,-9],[41,-7],[42,-18],[43,-25]],[[11183,8700],[-29,118],[-63,53]],[[11091,8871],[-9,115],[53,49]],[[10894,8824],[81,73],[116,-26]],[[10996,8661],[-16,27],[-28,27],[-19,36],[-21,19],[-18,54]],[[10894,8824],[-17,26],[-2,25],[12,17],[0,15],[9,12],[14,15],[8,20],[-4,68],[22,42],[-1,14],[20,73],[-9,18],[-20,3],[-21,17],[-14,5],[-16,18],[-36,2],[-18,-10],[-3,15],[-27,19]],[[3779,7001],[36,28],[23,-49],[-45,-23]],[[3793,6957],[-14,44]],[[4031,6964],[104,-15]],[[4135,6949],[9,-88]],[[4144,6861],[-43,-100],[-74,4],[-23,-1]],[[4004,6764],[-34,-6],[-26,96],[81,47],[7,48],[-1,15]],[[4213,7468],[14,-2],[8,15],[3,16],[28,12]],[[4266,7509],[61,-70]],[[4327,7439],[-48,-74]],[[4279,7365],[-53,19]],[[4226,7384],[-13,84]],[[3802,6930],[55,4],[22,13],[-32,84],[77,25],[10,-41]],[[3934,7015],[-22,-97],[-6,-5],[-74,-61]],[[3832,6852],[-55,2],[-21,16]],[[3756,6870],[8,34],[38,26]],[[4359,6734],[28,96],[-27,89]],[[4360,6919],[30,55],[59,-33],[56,48]],[[4505,6989],[26,2],[38,-70],[68,-14]],[[4637,6907],[14,-22]],[[4651,6885],[-47,-8],[-26,-75],[11,-35],[-77,-37],[-16,-33],[-44,-52]],[[4452,6645],[-49,71],[-44,18]],[[3856,6797],[55,-89]],[[3911,6708],[-43,-44],[-75,-34],[-35,25]],[[3758,6655],[-12,11]],[[3746,6666],[110,131]],[[3655,6394],[94,13]],[[3749,6407],[7,-30]],[[3756,6377],[-26,-33]],[[3730,6344],[-22,-6]],[[3708,6338],[-56,-8],[-22,24],[25,40]],[[4473,7479],[108,-119]],[[4581,7360],[-67,-64]],[[4514,7296],[-29,-25]],[[4485,7271],[-56,78],[-49,-20]],[[4380,7329],[-25,73]],[[4355,7402],[35,43],[83,34]],[[4018,6976],[-48,43]],[[3970,7019],[-16,39],[63,52],[22,-15],[-21,-119]],[[4033,6480],[-67,-107]],[[3966,6373],[-11,-17],[9,-13],[-17,-23]],[[3947,6320],[-45,14],[-54,38],[-45,19],[-47,-14]],[[3749,6407],[59,95],[34,52],[39,63],[25,20],[46,-72],[21,-19],[19,-16],[41,-50]],[[4327,7439],[28,-37]],[[4380,7329],[27,-102]],[[4407,7227],[-41,-12]],[[4366,7215],[-87,150]],[[4004,6764],[4,-62],[-51,-2]],[[3957,6700],[-46,8]],[[3856,6797],[-14,14],[-10,41]],[[3934,7015],[36,4]],[[4018,6976],[13,-12]],[[4379,7604],[109,-59],[-15,-66]],[[4266,7509],[64,51],[18,24],[31,20]],[[4461,7222],[31,39],[-7,10]],[[4514,7296],[56,-37],[39,47],[68,-31],[29,-104],[-40,-43],[23,-37],[64,49]],[[4753,7140],[21,-28]],[[4774,7112],[-6,-69],[-31,-64],[-100,-72]],[[4505,6989],[-30,64],[-52,72],[38,97]],[[3463,6371],[105,123]],[[3568,6494],[56,-24]],[[3624,6470],[-9,-78]],[[3615,6392],[-58,-93],[-53,9],[-41,63]],[[3676,6692],[-62,57]],[[3614,6749],[102,99],[40,22]],[[3746,6666],[-70,26]],[[3802,6930],[-9,27]],[[3779,7001],[-59,36]],[[3720,7037],[20,16],[24,4],[57,27],[62,69],[30,27],[23,6],[6,15],[20,12],[20,13],[17,30],[79,96]],[[4078,7352],[83,-45]],[[4161,7307],[42,-58],[-16,-58],[55,-53]],[[4242,7138],[-47,-42],[-50,-79],[-10,-68]],[[3546,6858],[110,115],[64,64]],[[3614,6749],[-22,-21]],[[3592,6728],[-18,20],[44,58],[-31,12]],[[3587,6818],[-41,40]],[[4144,6861],[102,-27],[-24,-48],[-21,-14],[-18,-62]],[[4183,6710],[-26,-41]],[[4157,6669],[-23,24],[-122,-46],[-55,53]],[[4080,6164],[66,-44],[-66,-92]],[[4080,6028],[-94,-32]],[[3986,5996],[-31,20]],[[3955,6016],[54,66]],[[4009,6082],[32,26],[39,56]],[[4407,6068],[102,24]],[[4509,6092],[75,-58],[42,-17]],[[4626,6017],[-39,-86]],[[4587,5931],[-37,-26]],[[4550,5905],[-151,109],[8,54]],[[4171,6562],[63,28]],[[4234,6590],[112,-52],[29,-46]],[[4375,6492],[-69,-80],[-13,-38],[-29,7]],[[4264,6381],[21,69],[-45,54],[-39,-14],[-47,11]],[[4154,6501],[17,61]],[[4379,6091],[28,-23]],[[4550,5905],[-18,-12]],[[4532,5893],[-19,-6]],[[4513,5887],[-178,126],[44,78]],[[4374,6194],[79,31]],[[4453,6225],[25,-60],[31,-73]],[[4379,6091],[-3,28]],[[4376,6119],[-2,75]],[[4362,6210],[12,-16]],[[4376,6119],[-67,-53],[-14,-46],[-59,-68],[-25,0]],[[4211,5952],[-64,14],[2,38]],[[4149,6004],[64,126],[39,-25],[110,105]],[[4190,6314],[18,-13]],[[4208,6301],[67,-109],[66,41],[21,-23]],[[4149,6004],[-19,-1],[-50,25]],[[4080,6164],[-6,16]],[[4074,6180],[25,36]],[[4099,6216],[91,98]],[[3652,5376],[19,53]],[[3671,5429],[9,58],[-12,45]],[[3668,5532],[22,50],[-24,194],[27,40]],[[3693,5816],[23,-14],[7,-36],[-13,-22],[3,-28],[45,32],[16,-5],[71,-36],[-1,-51],[52,-29],[-34,-51],[25,-36]],[[3887,5540],[-10,-22],[-22,-99]],[[3855,5419],[-7,-13],[-25,-30],[-19,5],[-21,7],[-20,42],[-28,12],[-8,-29],[3,-18],[-59,-26],[-19,7]],[[4054,5692],[-17,5],[-15,-13]],[[4022,5684],[-67,-5],[-13,38],[10,73],[-22,15],[-24,79]],[[3906,5884],[63,32],[17,80]],[[4211,5952],[-30,-127],[-40,14],[-18,-21],[-37,-34],[-32,-92]],[[3693,5816],[5,21]],[[3698,5837],[58,2],[42,75],[68,3]],[[3866,5917],[25,-25],[15,-8]],[[4022,5684],[-35,-83],[-80,-63],[-20,2]],[[4135,5626],[-43,52],[-38,14]],[[4513,5887],[-44,-13],[-74,36],[-27,10],[-63,-59],[-5,-93],[21,-30],[3,-84],[-41,-17]],[[4283,5637],[-94,9],[-54,-20]],[[4492,6396],[71,-27]],[[4563,6369],[1,-29]],[[4564,6340],[-1,-9],[15,-46],[-22,-43],[23,-57],[21,6],[10,-10],[39,-70],[58,-49]],[[4707,6062],[-81,-45]],[[4453,6225],[-12,49],[-42,21],[32,76],[61,25]],[[4452,6645],[-23,-75],[20,-39]],[[4449,6531],[-6,-25]],[[4443,6506],[-68,-14]],[[4234,6590],[42,89]],[[4276,6679],[83,55]],[[4208,6301],[51,58],[5,22]],[[4443,6506],[9,-22]],[[4452,6484],[40,-88]],[[4532,5109],[43,74]],[[4575,5183],[100,-13]],[[4675,5170],[143,-49]],[[4818,5121],[1,-52],[107,-25],[4,-120],[69,-66]],[[4999,4858],[-27,-53]],[[4972,4805],[-126,0],[-52,0],[-99,-72],[-36,-67],[-37,-66],[-21,-41]],[[4601,4559],[-145,-58]],[[4456,4501],[-17,166]],[[4439,4667],[22,65]],[[4461,4732],[32,111],[9,59],[54,23],[-26,76],[2,108]],[[4917,6205],[0,-11],[14,4],[8,-10],[0,-16],[-14,-8],[-4,-31],[5,-12],[24,-4],[10,-16],[17,16],[8,-4],[-10,-12],[-1,-19],[-12,-4],[-8,-16],[-17,-7],[-34,-43],[-3,-29],[-11,-20],[-18,-14]],[[4871,5949],[-17,0]],[[4854,5949],[0,36],[-140,82]],[[4714,6067],[15,14],[7,21],[73,-3],[10,39],[49,59],[27,21],[22,-13]],[[5030,5599],[-46,11]],[[4984,5610],[-3,59],[-3,65],[-11,18]],[[4967,5752],[142,-14]],[[5109,5738],[-10,-21]],[[5099,5717],[-28,-26],[-41,-92]],[[4931,5617],[12,-2]],[[4943,5615],[16,6],[14,-16],[11,5]],[[5030,5599],[14,-22],[67,29]],[[5111,5606],[17,-7]],[[5128,5599],[63,-66]],[[5191,5533],[-206,-102],[-57,117]],[[4928,5548],[3,69]],[[4870,5751],[19,-11]],[[4889,5740],[-29,-84],[71,-39]],[[4928,5548],[-103,-65]],[[4825,5483],[-119,86],[-25,-25],[51,-86],[-49,-61],[16,-21]],[[4699,5376],[-64,-41],[-25,9],[36,57],[-21,137],[-35,-21],[-39,-128]],[[4551,5389],[-37,56],[7,33],[36,73],[106,62],[13,96]],[[4676,5709],[-11,36],[24,39],[162,-62],[19,29]],[[5099,5717],[12,-111]],[[4969,5929],[192,-70]],[[5161,5859],[-10,-24],[-42,-97]],[[4967,5752],[-2,50],[-14,16],[-3,60],[8,17],[-4,17],[17,17]],[[5099,5717],[86,-30],[-57,-88]],[[4917,5902],[12,-38],[-9,-70],[5,-52]],[[4925,5742],[-36,-2]],[[4870,5751],[-65,86]],[[4805,5837],[38,32],[74,33]],[[5157,5109],[-10,-88]],[[5147,5021],[-30,-96],[-118,-67]],[[4818,5121],[53,89],[31,53],[230,-102],[25,-52]],[[5191,5533],[31,-66]],[[5222,5467],[-303,-107],[-185,-39],[-28,-119],[-31,-32]],[[4575,5183],[-124,60],[68,97]],[[4519,5340],[17,23]],[[4536,5363],[15,26]],[[4699,5376],[110,55],[16,52]],[[5037,6061],[177,-102],[67,10]],[[5281,5969],[-31,-84],[-51,26],[-38,-52]],[[4969,5929],[-18,50],[22,30],[15,-3],[12,25],[-4,22],[24,-4],[17,12]],[[5721,5909],[66,53],[98,-121],[-58,-60],[43,-27]],[[5645,5282],[-128,104],[-93,-78],[-60,-1],[-5,103],[40,135],[282,166],[76,120],[-36,78]],[[4587,5931],[220,-5],[47,23]],[[4871,5949],[11,-13],[21,3],[8,22],[22,-9],[4,-11],[-20,-39]],[[4805,5837],[-226,21]],[[4579,5858],[-15,16],[-32,19]],[[4925,5742],[-6,-36],[10,-5],[-6,-15],[16,-42],[4,-29]],[[5004,6273],[16,15]],[[5020,6288],[63,-32]],[[5083,6256],[-36,-158]],[[5047,6098],[-13,-16],[-13,-6],[-12,10],[-4,37],[-23,10],[-1,14],[-18,19],[-11,32],[7,10],[37,12],[5,30],[17,16],[-14,7]],[[4676,5709],[-13,-3],[-43,9]],[[4620,5715],[-32,74]],[[4588,5789],[-9,69]],[[5083,6256],[116,-8],[121,-89],[35,4]],[[5355,6163],[104,-34]],[[5459,6129],[-178,-160]],[[5037,6061],[13,16],[4,13],[-7,8]],[[4588,5789],[-114,-79],[-127,-108],[24,-44]],[[4371,5558],[-47,-20]],[[4324,5538],[-11,36],[-30,63]],[[4707,6062],[7,5]],[[4620,5715],[-178,-117],[15,-153],[79,-82]],[[4519,5340],[-93,75],[-55,143]],[[5222,5467],[13,-59],[-66,-117],[74,-101],[-86,-81]],[[5459,6129],[25,60],[62,33],[59,-130],[-23,-89],[35,-27]],[[5617,5976],[24,-37],[80,-30]],[[5542,5222],[-69,-47],[-38,-65],[-71,-27],[-25,70],[-78,-56]],[[5261,5097],[-114,-76]],[[4549,6493],[52,14]],[[4601,6507],[28,-66],[147,24]],[[4776,6465],[-15,-75],[-64,-40],[-133,-10]],[[4563,6369],[27,34],[-41,90]],[[4824,6781],[55,21],[13,-89]],[[4892,6713],[-58,-58]],[[4834,6655],[-49,-7]],[[4785,6648],[-25,29],[-34,-15],[-35,40]],[[4691,6702],[8,51],[48,1],[77,27]],[[4953,7071],[-11,-61],[106,-90]],[[5048,6920],[-32,-29]],[[5016,6891],[-104,-20],[-8,11],[-84,-39]],[[4820,6843],[-17,41],[25,37],[43,31],[31,36],[-49,73]],[[4853,7061],[52,42],[48,-32]],[[4452,6484],[97,9]],[[5016,6891],[8,-79]],[[5024,6812],[-40,-66]],[[4984,6746],[-92,-33]],[[4824,6781],[-4,62]],[[4722,6579],[15,-55],[55,-16]],[[4792,6508],[-6,-18]],[[4786,6490],[-10,-25]],[[4601,6507],[31,44],[41,-6],[49,34]],[[5252,6499],[17,-64],[-80,-3]],[[5189,6432],[-3,17],[66,50]],[[5123,6848],[6,21]],[[5129,6869],[38,29],[37,28],[30,-3],[36,-5]],[[5270,6918],[40,-68]],[[5310,6850],[1,-24],[1,-14]],[[5312,6812],[-26,-59]],[[5286,6753],[-41,-7],[-20,-46]],[[5225,6700],[-69,30]],[[5156,6730],[-21,74],[-8,29],[-4,15]],[[5048,6920],[20,20]],[[5068,6940],[48,-5],[13,-66]],[[5123,6848],[-99,-36]],[[5156,7031],[15,-25],[30,-19],[58,-33],[11,-36]],[[5068,6940],[24,26],[64,65]],[[5225,6700],[80,-97],[-18,-39]],[[5287,6564],[-60,14]],[[5227,6578],[-78,28],[-57,-50],[-20,48]],[[5072,6604],[-16,24],[0,15],[20,25],[18,42]],[[5094,6710],[46,-18],[13,13],[3,25]],[[4984,6746],[13,-35]],[[4997,6711],[-71,-82]],[[4926,6629],[-92,26]],[[4926,6629],[-18,-30],[-116,-91]],[[4722,6579],[63,69]],[[5286,6753],[86,-16],[17,-84]],[[5389,6653],[-65,-89]],[[5324,6564],[-37,0]],[[5457,6267],[-45,-44],[-19,-18],[-21,-21],[-17,-21]],[[5355,6163],[-69,79],[-21,65],[-25,12],[-67,89]],[[5173,6408],[16,24]],[[5252,6499],[-3,22]],[[5249,6521],[97,-10]],[[5346,6511],[17,-15]],[[5363,6496],[10,-19],[99,-81],[-15,-129]],[[5020,6288],[0,19],[-19,17],[27,19],[-17,22],[7,24]],[[5018,6389],[92,18],[63,1]],[[5094,6710],[-97,1]],[[5324,6564],[22,-53]],[[5249,6521],[-22,57]],[[4954,6494],[-36,-38],[-86,-22],[-46,56]],[[5072,6604],[-27,-8],[-2,-34],[-23,-9],[13,-26],[-32,-8],[-35,16],[-21,-20],[9,-21]],[[4449,6531],[100,86],[24,0],[29,41],[78,15],[11,29]],[[5013,7109],[78,-83],[69,72]],[[5160,7098],[-4,-67]],[[4953,7071],[25,12],[35,26]],[[4954,6494],[31,-2],[38,-29],[-12,-32],[-18,-23],[25,-19]],[[5004,6273],[-19,-12],[-7,-21],[-8,-9],[-14,3],[-8,-17],[-31,-12]],[[4651,6885],[47,-53],[122,11]],[[4774,7112],[67,-47],[12,-4]],[[4965,7498],[64,17]],[[5045,7442],[-107,-87]],[[4938,7355],[-16,24]],[[4922,7379],[49,48],[-42,24]],[[4929,7451],[-5,25]],[[4924,7476],[41,22]],[[5340,7312],[-9,-46],[-33,-29],[-9,-30],[-25,-20],[-10,-42],[-35,-27],[-59,-20]],[[5013,7109],[19,12],[-39,98],[-56,48],[-113,-39]],[[4824,7228],[-21,71],[54,98]],[[4857,7397],[38,5]],[[4895,7402],[27,-23]],[[4938,7355],[27,-39],[66,9]],[[5031,7325],[31,14]],[[5062,7339],[18,-60],[57,-13],[-3,-32],[9,-28],[11,-31],[77,41],[2,58],[79,48],[28,-10]],[[5129,7479],[76,-31],[20,-33]],[[5225,7415],[-32,-22],[-131,-54]],[[5031,7325],[36,109]],[[5489,8020],[-55,-30],[-95,52]],[[4900,7509],[23,30],[-6,23],[7,7],[17,-11]],[[4941,7558],[24,-60]],[[4924,7476],[-24,33]],[[5372,7418],[-22,-79],[11,-19]],[[5361,7320],[-21,-8]],[[5225,7415],[65,8],[38,90],[-55,27],[68,61],[-1,61],[69,6]],[[5368,7830],[-58,21],[-87,128]],[[5466,7408],[-63,-78],[-9,-22]],[[5394,7308],[-33,12]],[[4970,7564],[40,36]],[[5010,7600],[17,-37],[-38,-20],[-19,21]],[[4753,7140],[29,41],[5,9],[9,7],[28,31]],[[5105,7722],[40,21],[7,-48],[-78,-55],[-21,7]],[[5053,7647],[51,49],[1,26]],[[4895,7402],[34,49]],[[4941,7558],[29,6]],[[5010,7600],[43,47]],[[5105,7722],[-44,62]],[[5061,7784],[123,131],[-18,49]],[[5196,7972],[91,-176],[-24,-21],[18,-27],[63,-35],[28,21],[53,2]],[[5061,7784],[-40,7],[-79,-40],[-130,-63]],[[4812,7688],[-16,68]],[[4796,7756],[6,110],[-93,42]],[[4709,7908],[0,22]],[[5683,6594],[9,-3]],[[5692,6591],[89,-30]],[[5781,6561],[-38,-45],[10,-44],[-34,-25],[-57,37]],[[5662,6484],[21,110]],[[5394,7308],[93,-72]],[[5487,7236],[-7,-183],[47,-81]],[[5527,6972],[-217,-122]],[[5397,6517],[12,80],[70,-4]],[[5479,6593],[124,-113]],[[5603,6480],[3,-2]],[[5606,6478],[-30,-19],[-23,-67]],[[5553,6392],[-59,89],[-97,36]],[[5736,7358],[-90,-24],[-43,-122]],[[5603,7212],[-116,24]],[[5772,7126],[53,-6]],[[5900,6949],[-113,-33],[-65,154],[50,56]],[[5617,5976],[82,217],[-24,57],[-69,228]],[[5603,6480],[59,4]],[[5781,6561],[16,10]],[[5457,6267],[59,11],[37,114]],[[5486,6608],[79,26],[118,-40]],[[5479,6593],[7,15]],[[5363,6496],[34,21]],[[5312,6812],[142,4],[51,-87],[150,3],[47,-66],[-10,-75]],[[5486,6608],[-97,45]],[[5603,7212],[132,-70]],[[5735,7142],[-48,-26],[-65,-142],[-95,-2]],[[5735,7142],[23,-8]],[[5758,7134],[14,-8]],[[5758,7134],[69,176],[167,37]],[[3932,5090],[10,-5],[13,30],[-5,13],[9,26]],[[3959,5154],[34,-19],[-8,-113],[35,-45]],[[4020,4977],[-101,-122]],[[3919,4855],[-43,3],[-35,77],[-30,-5]],[[3811,4930],[-11,48]],[[3800,4978],[46,39]],[[3846,5017],[84,-1],[2,74]],[[3810,5137],[80,22],[20,-2],[3,-29],[14,-5],[-6,-26],[11,-7]],[[3846,5017],[-36,120]],[[4076,5268],[35,17]],[[4111,5285],[122,-18],[132,-84],[110,12],[25,-82],[32,-4]],[[4461,4732],[-71,91],[-10,22],[-18,24],[14,26],[-24,8],[-27,10],[-79,40],[-97,26],[-33,-44],[-35,11]],[[4081,4946],[9,76],[-40,18]],[[4050,5040],[38,213],[-12,15]],[[3800,4978],[-25,-2]],[[3775,4976],[-50,88]],[[3725,5064],[49,95],[36,-22]],[[4050,5040],[-30,-63]],[[3959,5154],[6,7]],[[3965,5161],[81,96],[20,5],[10,6]],[[4056,5534],[66,-40],[22,-28],[-53,-61],[27,-45]],[[4118,5360],[-25,-16]],[[4093,5344],[-51,-49],[-61,43]],[[3981,5338],[-28,42],[-5,13],[-49,25]],[[3899,5418],[67,63],[63,35],[27,18]],[[4111,5285],[-18,59]],[[4118,5360],[84,97],[14,-8],[23,-11],[19,0],[40,56],[26,44]],[[4135,5626],[-67,-59],[-12,-33]],[[3899,5418],[-44,1]],[[7878,10205],[24,9]],[[7902,10214],[50,1],[53,-99]],[[8005,10116],[7,-12]],[[8012,10104],[-74,-52]],[[7938,10052],[-68,0]],[[7870,10052],[-46,100]],[[7824,10152],[54,53]],[[8012,10104],[91,-176]],[[8103,9928],[-77,-52]],[[8026,9876],[-88,176]],[[7730,9934],[21,9]],[[7751,9943],[81,-142]],[[7832,9801],[-37,-28]],[[7672,9708],[-18,131],[76,95]],[[8026,9876],[-35,-41]],[[7991,9835],[-60,11]],[[7931,9846],[-79,113]],[[7852,9959],[18,93]],[[7751,9943],[101,16]],[[7931,9846],[-99,-45]],[[7700,10093],[124,59]],[[7730,9934],[-96,84]],[[7634,10018],[66,75]],[[7445,9922],[189,96]],[[7991,9835],[60,-83]],[[8051,9752],[-13,-7]],[[6966,10148],[25,21]],[[6991,10169],[17,-41],[110,36]],[[7118,10164],[50,-163],[-26,-160]],[[7117,9834],[-47,43],[14,88],[-112,64],[-42,47]],[[7407,10184],[137,-60],[62,70]],[[7606,10194],[94,-101]],[[7403,9903],[4,281]],[[7003,9810],[-47,-20]],[[6956,9790],[-41,-7]],[[6915,9783],[-52,129],[-122,-30],[-15,30]],[[7725,10243],[153,-38]],[[7606,10194],[119,49]],[[7188,10179],[219,5]],[[7303,9852],[-115,327]],[[7118,10164],[70,15]],[[7455,10413],[53,7]],[[7508,10420],[121,-35]],[[7629,10385],[96,-142]],[[6991,10169],[255,133],[26,84]],[[7272,10386],[183,27]],[[6915,9783],[-123,-15],[-48,-61]],[[6744,9707],[-11,-16]],[[6733,9691],[-56,-24],[-211,-15]],[[6466,9652],[-135,-55]],[[6359,8840],[42,-92]],[[6401,8748],[-117,-50]],[[6284,8698],[-18,109]],[[6710,9167],[52,-90]],[[6758,9063],[-100,-34],[-26,-7],[-52,20]],[[6646,9145],[56,24],[8,-2]],[[6401,8748],[46,25],[20,12],[69,34]],[[6536,8819],[23,-50]],[[6294,8664],[-10,34]],[[6536,8819],[59,27],[11,5],[26,-52]],[[6600,9340],[18,15],[16,1],[22,-15],[27,-38],[28,-4]],[[6711,9299],[17,-105]],[[6728,9194],[-18,-27]],[[6563,9266],[24,9],[14,8],[2,13],[-8,23],[5,21]],[[6708,11243],[37,-36]],[[6745,11207],[-20,-85]],[[6725,11122],[-76,43]],[[6649,11165],[20,34],[39,44]],[[7381,11008],[27,8]],[[7408,11016],[60,-86]],[[7468,10930],[-29,-34],[-8,-55],[11,-64]],[[7442,10777],[-51,10],[-89,107]],[[7302,10894],[79,114]],[[7116,11153],[0,8]],[[7116,11161],[141,-43]],[[7257,11118],[9,-81]],[[7266,11037],[-72,-44]],[[7194,10993],[-102,52]],[[7092,11045],[20,30],[4,78]],[[7297,11194],[64,14]],[[7361,11208],[11,-66]],[[7372,11142],[1,-68],[59,-19],[-24,-39]],[[7381,11008],[-115,29]],[[7257,11118],[62,31],[-22,45]],[[7302,10894],[-112,-59],[-38,2]],[[7152,10837],[42,156]],[[6725,11122],[61,-34]],[[6786,11088],[7,-106]],[[6793,10982],[-150,-12]],[[6643,10970],[-34,65],[33,72],[-32,7]],[[6610,11114],[39,51]],[[6541,11105],[69,9]],[[6643,10970],[-44,-14]],[[6599,10956],[-93,-37]],[[6506,10919],[-33,-13]],[[6473,10906],[-37,80]],[[6436,10986],[41,56]],[[6477,11042],[64,63]],[[7372,11142],[7,-5]],[[7379,11137],[125,-31],[43,-71]],[[7547,11035],[-48,-88]],[[7499,10947],[-31,-17]],[[6477,11042],[-101,56],[-46,4],[53,107],[124,-63],[34,-41]],[[7442,10777],[-45,-86]],[[7397,10691],[-47,-34]],[[7350,10657],[-126,1]],[[7224,10658],[-138,36]],[[7086,10694],[66,107]],[[7152,10801],[0,36]],[[6745,11207],[53,4]],[[6798,11211],[20,-79]],[[6818,11132],[-32,-44]],[[8261,10495],[6,-1]],[[8267,10494],[-71,-149]],[[8196,10345],[-61,-3]],[[8135,10342],[-13,-3]],[[8122,10339],[-52,52]],[[8070,10391],[26,43]],[[8096,10434],[165,61]],[[8586,10951],[76,25]],[[8662,10976],[30,-81]],[[8692,10895],[24,-112]],[[8716,10783],[-19,-2],[-54,-41]],[[8643,10740],[-34,-1]],[[8609,10739],[-64,136]],[[8545,10875],[41,76]],[[8503,10651],[73,-29],[15,-81],[55,-79]],[[8646,10462],[-12,-37]],[[8634,10425],[-118,-9]],[[8516,10416],[-46,53],[-131,9]],[[8339,10478],[-17,23]],[[8322,10501],[68,89]],[[8390,10590],[113,61]],[[8710,10522],[64,-51]],[[8774,10471],[-27,-86]],[[8747,10385],[-45,-6],[-51,14]],[[8651,10393],[-26,-1]],[[8625,10392],[9,33]],[[8646,10462],[64,60]],[[8625,10392],[-11,-21],[15,-41],[-12,-16],[-17,-6]],[[8600,10308],[-51,30],[-26,-1]],[[8523,10337],[-7,79]],[[8503,10651],[17,39]],[[8520,10690],[67,30]],[[8587,10720],[53,-52],[34,-35],[34,-30],[2,-81]],[[8267,10494],[55,7]],[[8339,10478],[21,-57],[69,-18]],[[8429,10403],[-23,-20],[-19,-31],[-8,-29],[-126,14]],[[8253,10337],[-57,8]],[[8523,10337],[-50,-6]],[[8473,10331],[-23,24],[-6,32],[-15,16]],[[8264,10609],[37,35]],[[8301,10644],[89,-54]],[[8261,10495],[-42,74],[45,40]],[[8883,10574],[3,-15]],[[8886,10559],[-20,-10],[-7,-37],[-16,-17]],[[8843,10495],[-26,18],[-17,1],[-14,-7],[-12,-36]],[[8587,10720],[22,19]],[[8643,10740],[157,-87],[8,-35],[8,-48],[67,4]],[[7312,9088],[-26,51],[-3,8]],[[7283,9147],[53,95]],[[7336,9242],[53,-13]],[[6722,9303],[44,4],[89,31]],[[6855,9338],[140,-66]],[[6995,9272],[-1,-88]],[[6994,9184],[-66,-13],[-14,-47]],[[6830,9092],[7,108],[-75,52],[-15,-42],[-19,-16]],[[6711,9299],[11,4]],[[7282,9329],[7,9]],[[7336,9242],[-54,87]],[[7034,9501],[29,12]],[[7063,9513],[53,-10],[23,-22],[36,29]],[[7294,9396],[-192,-34]],[[7102,9362],[-9,48]],[[7093,9410],[0,76],[-54,-3],[-5,18]],[[7102,9362],[9,-84]],[[7111,9278],[-25,-65],[-55,-49]],[[7031,9164],[-37,20]],[[6995,9272],[8,33],[-3,24]],[[7000,9329],[93,81]],[[7231,9259],[51,70]],[[7283,9147],[-30,30]],[[7253,9177],[14,61],[-36,21]],[[7031,9164],[1,-3]],[[7032,9161],[-30,-11],[-20,-50]],[[7143,9242],[74,15]],[[7217,9257],[-15,-39],[51,-41]],[[7283,9147],[-37,-6]],[[7246,9141],[-106,48],[3,53]],[[7217,9257],[14,2]],[[7155,9085],[-79,40],[-44,13]],[[7032,9138],[0,23]],[[7111,9278],[32,-36]],[[7246,9141],[-51,-10],[7,-41],[-47,-5]],[[6966,9449],[24,34],[44,18]],[[7000,9329],[-10,71],[-24,49]],[[7032,9138],[14,-118]],[[7155,9085],[15,-47]],[[6934,9435],[32,14]],[[6855,9338],[32,63]],[[6887,9401],[6,22],[15,12],[26,0]],[[6956,9790],[-14,-38],[-66,-10],[2,-22],[51,-46]],[[6929,9674],[-32,-54]],[[6897,9620],[-153,87]],[[6615,9479],[59,-24]],[[6674,9455],[13,-30],[47,-20]],[[6734,9405],[-12,-102]],[[6600,9340],[-36,83]],[[6564,9423],[51,56]],[[6282,9531],[126,-100],[-15,-154],[60,-46]],[[6374,9206],[-175,247],[83,78]],[[6848,9453],[2,108],[26,13]],[[6876,9574],[58,-139]],[[6887,9401],[-39,52]],[[7026,9570],[49,41]],[[7063,9513],[-37,57]],[[6292,9583],[-10,-52]],[[7065,9730],[-34,-15],[13,-65]],[[7044,9650],[-40,-11]],[[7004,9639],[-6,31],[-69,4]],[[7044,9650],[30,-3]],[[7026,9570],[-22,27],[0,42]],[[6674,9455],[98,66]],[[6772,9521],[-1,-74]],[[6771,9447],[-44,-7],[7,-35]],[[6518,9602],[97,-123]],[[6564,9423],[-75,10],[-33,147],[62,22]],[[6733,9691],[39,-170]],[[6518,9602],[-52,50]],[[6876,9574],[31,6],[-10,40]],[[6848,9453],[-77,-6]],[[8145,10043],[125,13]],[[8270,10056],[3,-25]],[[8273,10031],[-36,0],[-51,-32],[-37,-99]],[[8149,9900],[-8,-9]],[[8141,9891],[-38,37]],[[8103,9928],[42,115]],[[8651,10393],[0,-45],[61,-9],[18,-31],[-20,-96]],[[8710,10212],[-86,-7]],[[8624,10205],[-24,103]],[[8624,10205],[-70,-32]],[[8554,10173],[-64,4]],[[8490,10177],[5,103],[-22,51]],[[8886,10559],[16,-65],[-14,-74]],[[8888,10420],[-10,-21]],[[8878,10399],[-21,8],[-14,88]],[[8141,9891],[-21,-32],[-2,-41],[-11,-19],[-32,-35],[-24,-12]],[[8747,10385],[106,-14]],[[8853,10371],[-30,-87]],[[8823,10284],[-46,-96]],[[8777,10188],[-38,-14]],[[8739,10174],[-29,38]],[[8005,10116],[61,23]],[[8066,10139],[79,-96]],[[7956,10358],[114,33]],[[8122,10339],[-21,-76],[70,-96]],[[8171,10167],[-105,-28]],[[7902,10214],[54,144]],[[8171,10167],[62,-54]],[[8233,10113],[37,-32]],[[8270,10081],[0,-25]],[[8473,10331],[-24,-29],[-7,-61],[-23,-44]],[[8419,10197],[-39,19],[-31,-53],[-14,-39],[6,-23],[1,-12],[-24,-21],[0,-16]],[[8318,10052],[-19,-17],[-26,-4]],[[8270,10081],[26,46],[-43,210]],[[8135,10342],[113,-214],[-15,-15]],[[8878,10399],[-9,-20]],[[8869,10379],[-16,-8]],[[8490,10177],[-62,13]],[[8428,10190],[-9,7]],[[8739,10174],[-118,-74]],[[8621,10100],[-64,-24],[-3,97]],[[6495,10600],[23,9],[12,-6],[22,-7],[18,6],[5,-72],[50,-27]],[[6625,10503],[15,-95]],[[6640,10408],[-28,-7],[-123,10]],[[6489,10411],[-20,14]],[[6469,10425],[-74,29]],[[6395,10454],[6,18]],[[6401,10472],[24,135],[13,-8],[16,-1],[-1,15],[18,3],[24,-16]],[[7153,10380],[58,72],[48,5]],[[7259,10457],[13,-71]],[[6885,10247],[-65,30]],[[6820,10277],[12,64]],[[6832,10341],[60,-6],[68,79]],[[6960,10414],[193,-34]],[[6775,10669],[229,19]],[[7004,10688],[18,-23]],[[7022,10665],[2,-37]],[[7024,10628],[-79,-64]],[[6945,10564],[-159,36]],[[6786,10600],[-11,69]],[[6945,10564],[48,-27]],[[6993,10537],[-37,-38]],[[6956,10499],[-202,-31]],[[6754,10468],[-17,53]],[[6737,10521],[49,79]],[[6956,10499],[4,-85]],[[6832,10341],[-88,76]],[[6744,10417],[10,51]],[[7024,10628],[20,-65]],[[7044,10563],[-51,-26]],[[6632,10500],[105,21]],[[6744,10417],[-104,-9]],[[6625,10503],[7,-3]],[[7107,10805],[45,-4]],[[7086,10694],[-64,-29]],[[7004,10688],[-52,46],[2,98]],[[6954,10832],[77,-50],[54,-9],[22,32]],[[6331,10885],[72,3]],[[6403,10888],[74,-117],[-35,-85]],[[6442,10686],[-281,14]],[[6161,10700],[3,97]],[[6164,10797],[167,88]],[[7044,10563],[50,-121],[44,-19]],[[7138,10423],[15,-43]],[[7224,10658],[38,-187]],[[7262,10471],[-3,-14]],[[7138,10423],[30,40],[-60,116],[-84,49]],[[7187,11732],[-2,-55],[35,-59]],[[7220,11618],[-62,-17],[11,-58],[9,-47]],[[7178,11496],[0,-13]],[[7178,11483],[-32,3],[-39,-63],[-45,-72]],[[7062,11351],[-21,7]],[[7041,11358],[-26,66]],[[7015,11424],[15,69],[-37,4],[-95,12]],[[6898,11509],[21,47],[15,34],[-41,46]],[[6893,11636],[20,34],[-10,25],[40,26],[77,-13],[8,40],[9,50],[51,-12],[15,-21],[1,-43],[50,-4],[33,14]],[[7425,11742],[40,-55],[-12,-51],[-28,15],[-14,-3],[-11,-24],[-33,9],[-58,-20]],[[7309,11613],[38,92],[78,37]],[[7187,11732],[50,54],[37,57],[83,-27],[62,58],[40,-36],[-68,-68],[34,-28]],[[7309,11613],[-33,0],[-56,5]],[[6941,11136],[7,-3]],[[6948,11133],[39,-27],[129,47]],[[7092,11045],[5,-51]],[[7097,10994],[-182,26]],[[6915,11020],[26,116]],[[6898,11509],[-33,-66]],[[6865,11443],[-72,-45]],[[6793,11398],[-63,38]],[[6730,11436],[-49,65]],[[6681,11501],[57,28],[46,42],[109,65]],[[7116,11255],[24,33],[143,-65]],[[7283,11223],[14,-29]],[[7116,11161],[-7,59],[7,35]],[[6708,11243],[-20,42],[-36,29],[-15,34],[28,20],[28,-40],[34,14],[36,-17]],[[6763,11325],[51,-9],[4,-57]],[[6818,11259],[-20,-48]],[[7015,11424],[-103,-21]],[[6912,11403],[-47,40]],[[7220,11618],[54,-59]],[[7274,11559],[-96,-63]],[[7041,11358],[-35,-61]],[[7006,11297],[-94,106]],[[6818,11132],[123,4]],[[6915,11020],[-21,-42]],[[6894,10978],[-21,20],[-80,-16]],[[7178,11483],[-2,-108],[106,-113],[1,-39]],[[7116,11255],[-54,96]],[[7274,11559],[127,-117]],[[7401,11442],[-40,-234]],[[7006,11297],[7,-19]],[[7013,11278],[-195,-19]],[[6763,11325],[6,37],[24,36]],[[7097,10994],[24,-21],[-6,-15],[-40,-38],[-1,-19],[14,-21],[-2,-13],[-15,-7]],[[7071,10860],[-21,33],[-33,16],[-26,-31]],[[6991,10878],[-97,100]],[[6948,11133],[97,105],[-32,40]],[[6730,11436],[-27,-20],[-34,1],[-19,55],[31,29]],[[6894,10978],[-34,-37],[-2,-44]],[[6858,10897],[-126,-44],[-45,26]],[[6687,10879],[-88,77]],[[6870,10872],[29,-2],[26,-16],[29,-22]],[[6775,10669],[-17,14]],[[6758,10683],[3,60]],[[6761,10743],[61,72],[20,4],[18,20],[-5,15],[15,18]],[[6473,10906],[-70,-18]],[[6331,10885],[40,87],[65,14]],[[6687,10879],[30,-93],[-6,-29]],[[6711,10757],[-111,22]],[[6600,10779],[-11,83],[-83,57]],[[7107,10805],[-48,10],[12,45]],[[6954,10832],[20,12],[17,34]],[[6711,10757],[50,-14]],[[6758,10683],[-99,-83],[-27,-100]],[[6495,10600],[-16,80]],[[6479,10680],[121,6],[0,93]],[[6142,10683],[19,17]],[[6442,10686],[37,-6]],[[6401,10472],[-109,-2],[9,57]],[[6301,10527],[-2,32],[-150,93],[-7,31]],[[6870,10872],[-12,25]],[[5932,10797],[8,57]],[[5940,10854],[42,-3],[38,-31],[144,-23]],[[6142,10683],[-54,4]],[[6088,10687],[-25,2]],[[6063,10689],[9,34],[-140,74]],[[7710,11388],[168,-41],[13,-94],[-11,-25]],[[7880,11228],[-32,-18],[-41,-40]],[[7807,11170],[-91,82]],[[7716,11252],[-18,95]],[[7698,11347],[12,41]],[[7489,11452],[72,28]],[[7561,11480],[85,-52]],[[7646,11428],[-24,-21]],[[7622,11407],[-28,-37]],[[7594,11370],[-45,67],[-52,-19],[-8,34]],[[7658,11018],[61,-22]],[[7719,10996],[38,-47]],[[7757,10949],[-3,-88]],[[7754,10861],[-6,-3]],[[7748,10858],[-38,-30],[-31,-71]],[[7679,10757],[-49,-14]],[[7630,10743],[-29,20]],[[7601,10763],[0,70],[-54,62]],[[7547,10895],[26,24]],[[7573,10919],[85,99]],[[7583,11351],[15,-127]],[[7598,11224],[-130,-12],[-89,-75]],[[7361,11208],[155,72],[67,71]],[[7622,11407],[76,-60]],[[7716,11252],[-24,-37],[-94,9]],[[7583,11351],[11,19]],[[7646,11428],[64,-40]],[[7880,11228],[5,-23]],[[7885,11205],[6,-76]],[[7891,11129],[-26,-10]],[[7865,11119],[-35,14]],[[7830,11133],[-23,37]],[[7865,11119],[-36,-43]],[[7829,11076],[7,-120]],[[7836,10956],[-79,-7]],[[7719,10996],[13,111],[98,26]],[[7658,11018],[-111,17]],[[7499,10947],[74,-28]],[[7547,10895],[-105,-118]],[[7401,11442],[44,-6],[44,16]],[[7836,10956],[0,-41]],[[7836,10915],[-6,-38]],[[7830,10877],[-76,-16]],[[7601,10763],[-105,-88]],[[7496,10675],[-99,16]],[[8516,10994],[45,14],[25,-57]],[[8545,10875],[-53,-13],[-25,49],[-25,9]],[[8442,10920],[74,74]],[[8071,11093],[9,-7]],[[8080,11086],[22,-128]],[[8102,10958],[-73,32]],[[8029,10990],[42,103]],[[8115,10729],[22,-5]],[[8137,10724],[38,-72]],[[8175,10652],[-98,-31]],[[8077,10621],[18,91]],[[8095,10712],[20,17]],[[8191,11381],[56,-5]],[[8247,11376],[-4,-60],[78,-47]],[[8321,11269],[5,-22]],[[8326,11247],[-104,-58]],[[8222,11189],[-21,-29]],[[8201,11160],[-82,45]],[[8119,11205],[-20,68]],[[8099,11273],[92,108]],[[8110,10926],[25,-56]],[[8135,10870],[-77,-20]],[[8058,10850],[1,51],[51,25]],[[8080,11086],[99,12]],[[8179,11098],[97,-127]],[[8276,10971],[-17,-29],[-3,-42]],[[8256,10900],[-80,-84]],[[8176,10816],[-33,27]],[[8143,10843],[-8,27]],[[8110,10926],[-8,32]],[[8137,10724],[58,-1],[33,29]],[[8228,10752],[45,-66]],[[8273,10686],[28,-42]],[[8264,10609],[-89,43]],[[8326,11247],[39,-64]],[[8365,11183],[1,-45]],[[8366,11138],[-40,-40]],[[8326,11098],[-104,91]],[[7829,11076],[74,-13],[25,-65],[-49,-35],[-3,-44]],[[7876,10919],[-40,-4]],[[8043,10728],[52,-16]],[[8077,10621],[-39,-5]],[[8038,10616],[5,112]],[[8335,10820],[17,-18]],[[8352,10802],[41,-46]],[[8393,10756],[-96,-32]],[[8297,10724],[10,70],[28,26]],[[8096,10434],[-25,126]],[[8071,10560],[-33,56]],[[8064,11446],[81,9]],[[8145,11455],[46,-74]],[[8099,11273],[-40,53]],[[8059,11326],[5,120]],[[7885,11205],[34,18]],[[7919,11223],[38,-10]],[[7957,11213],[-6,-55]],[[7951,11158],[-60,-29]],[[8520,10690],[-110,58]],[[8410,10748],[40,59],[-8,113]],[[8326,11098],[-5,-106]],[[8321,10992],[25,-54],[-39,-23]],[[8307,10915],[-31,56]],[[8179,11098],[22,62]],[[8071,11093],[-7,23]],[[8064,11116],[55,89]],[[8366,11138],[173,5]],[[8539,11143],[-23,-149]],[[8442,10920],[-56,51],[-65,21]],[[8176,10816],[52,-64]],[[8115,10729],[28,114]],[[8256,10900],[79,-80]],[[8297,10724],[-24,-38]],[[7951,11158],[113,-42]],[[8029,10990],[-41,-53]],[[7988,10937],[-58,31],[-54,-49]],[[8307,10915],[65,-29],[-35,-18],[-1,-22],[29,-27],[-13,-17]],[[8047,10864],[11,-14]],[[8058,10850],[-13,-103]],[[8045,10747],[-163,13]],[[7882,10760],[-8,17]],[[7874,10777],[101,98],[72,-11]],[[8047,10864],[-59,73]],[[8410,10748],[-17,8]],[[7957,11213],[102,113]],[[8043,10728],[2,19]],[[7874,10777],[-44,100]],[[7630,10743],[10,-107]],[[7640,10636],[-151,16]],[[7489,10652],[7,23]],[[7800,10674],[90,7]],[[7890,10681],[-5,-147]],[[7885,10534],[2,-82]],[[7887,10452],[-47,-2]],[[7840,10450],[-50,127]],[[7790,10577],[10,97]],[[7350,10657],[15,-70]],[[7365,10587],[-13,-92],[-90,-24]],[[8071,10560],[-77,16],[-109,-42]],[[7890,10681],[-8,79]],[[7956,10358],[-69,94]],[[7800,10674],[-50,26]],[[7750,10700],[45,76],[-47,82]],[[7750,10700],[-77,-7],[6,64]],[[7629,10385],[126,8],[62,52]],[[7817,10445],[23,5]],[[7365,10587],[79,-36],[11,-138]],[[7536,10550],[93,27]],[[7629,10577],[-6,-76]],[[7623,10501],[-64,-40]],[[7559,10461],[-23,89]],[[7790,10577],[-39,-7],[-3,46],[-101,-18]],[[7647,10598],[-7,38]],[[7629,10577],[18,21]],[[7817,10445],[-103,77],[-91,-21]],[[7489,10652],[47,-102]],[[7559,10461],[-51,-41]],[[10766,12688],[104,95],[79,-37]],[[10949,12746],[-108,-48],[74,-139]],[[10915,12559],[-107,-50]],[[10808,12509],[-42,179]],[[10963,12557],[32,-3],[38,107]],[[11033,12661],[85,-69],[-9,-110],[-70,-13]],[[11039,12469],[-65,-3],[-11,91]],[[10915,12559],[48,-2]],[[11039,12469],[11,-146]],[[11050,12323],[-21,-68],[-60,16]],[[10969,12271],[-15,32],[-9,30],[-123,-4],[-124,86]],[[10698,12415],[68,75]],[[10766,12490],[42,19]],[[11454,12947],[49,2]],[[11503,12949],[-13,-115]],[[11490,12834],[-64,-58]],[[11426,12776],[-34,28]],[[11392,12804],[14,112]],[[11406,12916],[48,31]],[[11711,12677],[51,-1]],[[11762,12676],[50,-11],[28,-20],[-33,-150]],[[11807,12495],[-43,-14]],[[11764,12481],[-84,151]],[[11680,12632],[-10,47],[41,-2]],[[11503,12949],[55,22],[70,-71],[-16,-93]],[[11612,12807],[-122,27]],[[11612,12807],[-11,-31]],[[11601,12776],[-147,-80],[-28,80]],[[11711,12677],[-110,99]],[[11454,12947],[25,60],[-29,86],[19,66],[38,16],[14,-56],[35,-29],[46,-3],[24,-76],[5,-97],[54,2],[57,38],[61,-18],[28,-49],[33,-21],[-14,-44],[-71,-7],[-39,-70],[22,-69]],[[11168,13048],[-17,37],[-54,26],[9,103],[43,-10],[8,-43],[58,20],[27,-16],[39,22],[38,-12],[34,-40],[-17,-94]],[[11336,13041],[-168,7]],[[11033,12661],[41,74]],[[11074,12735],[134,-39],[90,-199]],[[11298,12497],[-99,-48],[1,-82],[-47,-18],[-32,-10]],[[11121,12339],[-71,-16]],[[11017,11816],[133,-77]],[[11336,13041],[24,-28],[-15,-51],[61,-46]],[[11392,12804],[-91,6],[-9,-34],[-156,90]],[[11136,12866],[-13,158]],[[11123,13024],[45,24]],[[11298,12497],[79,-16]],[[11298,12355],[-34,4],[-18,-39],[-66,-33],[-42,21],[-17,31]],[[11125,11892],[75,-9],[61,50]],[[11051,12831],[85,35]],[[11680,12632],[-49,-41],[-61,45],[-35,-28],[55,-84],[-56,-51],[-15,-14]],[[11074,12735],[-46,47]],[[11028,12782],[23,49]],[[10933,12992],[28,34],[105,38],[57,-40]],[[11051,12831],[-155,74],[37,87]],[[11028,12782],[-79,-36]],[[10766,12688],[-97,20]],[[10669,12708],[-20,16],[-17,41],[29,30],[2,41],[50,27],[3,56],[72,77],[45,-10],[55,24],[45,-18]],[[12102,12718],[-23,-146]],[[12079,12572],[-100,15],[2,83],[40,17],[20,36],[61,-5]],[[12310,12571],[102,13],[15,-71],[-97,2],[-4,-86]],[[12326,12429],[-61,-62]],[[12265,12367],[-132,41]],[[12133,12408],[41,76],[90,-3],[46,90]],[[12102,12718],[-12,46],[51,29],[17,-95],[29,-30],[42,12],[-2,-40],[80,-19],[3,-50]],[[12133,12408],[-28,-14]],[[12105,12394],[-10,-5],[-31,3]],[[12064,12392],[33,92],[35,20],[-30,24],[-23,44]],[[12326,12429],[69,-31],[34,-123],[-43,12],[-18,0],[-2,-3],[-4,-5],[15,-14]],[[12377,12265],[-48,-25]],[[12329,12240],[-6,66],[-58,61]],[[10661,12666],[105,-176]],[[10698,12415],[-26,-21],[-51,56],[-100,-31]],[[10521,12419],[-79,87],[54,81],[38,6],[79,75],[48,-2]],[[10661,12666],[8,42]],[[10521,12419],[120,-184]],[[10641,12235],[-19,-10],[-74,59],[-62,24],[-25,62],[60,49]],[[10969,12271],[21,-72],[-7,-30],[-145,23],[-6,-36],[-60,5],[-24,-39],[-46,40],[-4,50],[-57,23]],[[14221,10668],[131,26]],[[14352,10694],[-9,-169]],[[14343,10525],[-55,-36]],[[14288,10489],[-63,24],[-134,-85]],[[14091,10428],[-92,88],[-83,-5]],[[13916,10511],[-10,71]],[[13906,10582],[56,24],[1,62]],[[13963,10668],[258,0]],[[14343,10525],[126,-116]],[[14469,10409],[-32,-66]],[[14437,10343],[-138,-144],[38,-83],[-12,-75],[-6,-40],[43,-52]],[[14362,9949],[86,-211]],[[14448,9738],[-86,-23]],[[14362,9715],[-59,79]],[[14303,9794],[19,139],[-41,47],[24,123],[-87,155],[19,99]],[[14237,10357],[51,132]],[[13976,10251],[84,-14]],[[14060,10237],[-13,-68],[-135,-73]],[[13912,10096],[-35,82],[99,73]],[[13793,10440],[80,5],[43,66]],[[14091,10428],[34,-105]],[[14125,10323],[-65,-86]],[[13976,10251],[-39,66],[-76,-24],[-33,56],[-35,91]],[[14352,10694],[62,-4]],[[14414,10690],[17,-27],[29,-76]],[[14460,10587],[37,-33],[7,-31],[-12,-18],[36,-73],[-59,-23]],[[14125,10323],[112,34]],[[14303,9794],[-48,-10],[-52,41],[-48,38],[-70,-46],[-98,12],[-73,40],[-46,26]],[[13868,9895],[74,106],[-30,95]],[[14812,10651],[73,10]],[[14885,10661],[12,-46]],[[14897,10615],[-95,-98]],[[14802,10517],[-80,-15],[-46,58]],[[14676,10560],[136,91]],[[14897,10615],[226,50]],[[15123,10665],[-17,-244]],[[15106,10421],[3,-44]],[[15109,10377],[-100,-5]],[[15009,10372],[-12,49],[-94,-15],[-79,44]],[[14824,10450],[-22,67]],[[14808,10921],[73,-19]],[[14881,10902],[47,-86]],[[14928,10816],[-43,-155]],[[14812,10651],[-38,96]],[[14774,10747],[34,174]],[[14414,10690],[97,40],[36,14],[109,-41],[118,44]],[[14676,10560],[-64,-9],[-39,64],[-113,-28]],[[14928,10816],[39,4]],[[14967,10820],[22,-34],[144,-60]],[[15133,10726],[-6,-49]],[[15127,10677],[-4,-12]],[[14946,10947],[98,25],[72,53],[65,14]],[[15181,11039],[-36,-141]],[[15145,10898],[-25,-1],[-13,43],[-144,-27],[-17,34]],[[15271,11120],[29,2]],[[15300,11122],[-62,-125],[92,-66]],[[15330,10931],[-1,-14]],[[15329,10917],[-48,-13]],[[15281,10904],[-85,-45]],[[15196,10859],[-47,20]],[[15149,10879],[-4,19]],[[15181,11039],[8,54]],[[15189,11093],[82,27]],[[15453,11087],[-5,-33]],[[15448,11054],[-111,20],[1,42]],[[15338,11116],[76,0]],[[15414,11116],[39,-21]],[[15453,11095],[0,-8]],[[15189,11093],[2,23]],[[15191,11116],[22,28]],[[15213,11144],[52,11],[6,-35]],[[14881,10902],[65,45]],[[15149,10879],[-182,-59]],[[15329,10917],[106,-71],[1,-65]],[[15436,10781],[0,-5]],[[15436,10776],[-66,-55]],[[15370,10721],[-48,-27]],[[15322,10694],[-57,72],[37,13],[48,-10],[16,58],[-42,10],[-43,67]],[[15196,10859],[-14,-58],[25,-26],[-74,-49]],[[15453,11087],[174,-109]],[[15627,10978],[-15,-6]],[[15612,10972],[-41,-13]],[[15571,10959],[-154,-27],[-56,32]],[[15361,10964],[-9,31],[88,8],[8,51]],[[15300,11122],[38,-6]],[[15361,10964],[-31,-33]],[[15009,10372],[-219,-56],[-59,-59],[-28,-118],[-101,-42]],[[14602,10097],[-42,126],[88,75],[4,27],[13,21],[-7,17]],[[14658,10363],[166,87]],[[14437,10343],[177,16],[27,18],[17,-14]],[[14602,10097],[-218,-93],[-22,-55]],[[15322,10694],[-195,-17]],[[15526,10812],[-90,-31]],[[15571,10959],[-13,-42],[-103,-36],[71,-69]],[[14696,9667],[-80,-23],[-49,38],[-119,56]],[[15109,10377],[1,-64]],[[15110,10313],[-8,-77],[-9,-69],[-7,-54]],[[15086,10113],[-39,-69],[-3,-73]],[[15044,9971],[-55,-72],[-293,-232]],[[14301,11378],[47,-28],[14,50],[34,-30]],[[14396,11370],[-6,-38],[112,8]],[[14502,11340],[42,-11],[-30,-45],[-2,-47]],[[14512,11237],[-50,15],[-15,-57]],[[14447,11195],[-18,-12],[-14,23],[-25,-6],[-38,29],[-26,7],[-5,29]],[[14321,11265],[-4,39],[-12,22],[-31,-12],[-12,20]],[[14262,11334],[39,44]],[[14200,11465],[192,61]],[[14392,11526],[20,-71],[44,-15],[-60,-70]],[[14301,11378],[-58,44],[-35,-40],[-64,23],[56,60]],[[14785,10958],[23,-37]],[[14221,10668],[3,137],[34,17]],[[14258,10822],[22,-44],[44,22],[78,40],[69,38],[11,17],[16,25],[-15,19],[16,41]],[[14499,10980],[78,52],[40,-62],[50,60]],[[14667,11030],[115,-8]],[[14782,11022],[3,-64]],[[14512,11237],[29,0]],[[14541,11237],[-8,-45],[85,-5]],[[14618,11187],[34,6]],[[14652,11193],[51,-11]],[[14703,11182],[-36,-152]],[[14499,10980],[4,34],[-13,4],[-6,22]],[[14484,11040],[4,16],[26,8],[-9,30],[4,36],[-16,18],[6,19],[-17,9],[-11,-19],[-18,13],[-6,25]],[[14541,11237],[69,-24],[8,-26]],[[14652,11193],[41,99],[32,30]],[[14725,11322],[17,-11]],[[14742,11311],[-23,-28],[40,-46]],[[14759,11237],[-56,-55]],[[14785,10958],[218,78]],[[15003,11036],[159,71],[29,9]],[[14924,11241],[50,32]],[[14974,11273],[25,-48]],[[14999,11225],[6,-51]],[[15005,11174],[-19,-73]],[[14986,11101],[-142,12]],[[14844,11113],[39,50]],[[14883,11163],[41,78]],[[14759,11237],[78,7]],[[14837,11244],[46,-81]],[[14844,11113],[-62,-91]],[[14999,11225],[64,-13],[59,2]],[[15122,11214],[-23,-49],[-94,9]],[[15122,11214],[78,15]],[[15200,11229],[13,-85]],[[15003,11036],[-17,65]],[[14800,11378],[59,-32]],[[14859,11346],[2,-58]],[[14861,11288],[-24,-44]],[[14742,11311],[58,67]],[[14861,11288],[63,-47]],[[15627,10978],[89,21]],[[15716,10999],[-26,-52],[23,-57],[9,-58]],[[15722,10832],[-71,2],[-21,-69],[-28,-5]],[[15602,10760],[9,46]],[[15611,10806],[1,166]],[[15526,10812],[85,-6]],[[15602,10760],[16,-30]],[[15618,10730],[-24,-71]],[[15594,10659],[-46,-68]],[[15548,10591],[-112,185]],[[15618,10730],[68,-59],[39,85]],[[15725,10756],[96,-80],[-4,-71],[-60,-72],[-139,-23]],[[15618,10510],[45,62],[-69,87]],[[15430,11226],[44,-97]],[[15474,11129],[-21,-34]],[[15414,11116],[-23,54],[39,56]],[[15474,11129],[35,-15],[15,16],[3,33],[20,6],[21,-46],[26,-34],[79,-3],[63,-17],[14,-31],[-34,-39]],[[15200,11229],[53,24],[47,85],[28,16],[20,-51],[82,-77]],[[15722,10832],[3,-76]],[[15291,9944],[-41,-34],[-13,-25]],[[15237,9885],[-193,86]],[[15086,10113],[23,4]],[[15109,10117],[99,-98],[-20,-75],[103,0]],[[15199,10319],[70,12],[-18,105],[-48,31],[-97,-46]],[[15322,10694],[164,-176]],[[15486,10518],[-213,-269],[-74,70]],[[15199,10319],[-89,-6]],[[15370,10721],[99,-61],[5,-66],[52,-35]],[[15526,10559],[-40,-41]],[[15618,10510],[-83,-110],[-20,-34],[-30,-137],[-17,-40],[-20,-31],[-69,-53]],[[15379,10105],[-232,38],[-38,-26]],[[15526,10559],[22,32]],[[15379,10105],[-36,-33],[-10,-23],[-14,-62],[-10,-24],[-18,-19]],[[15033,9458],[47,-30]],[[15080,9428],[-9,-50],[0,-101],[37,-110],[33,-61]],[[15141,9106],[-141,-20],[-1,76],[-300,-130]],[[14699,9032],[7,56],[245,113],[71,220]],[[15022,9421],[11,37]],[[14704,9640],[193,-94],[164,-13],[-28,-75]],[[15022,9421],[-376,-7]],[[14646,9414],[40,76],[-41,98],[59,52]],[[14699,9032],[-14,-39]],[[14685,8993],[-133,25],[-64,59],[-136,46]],[[14352,9123],[86,171],[208,120]],[[15237,9885],[1,-38],[-8,-38],[-25,-76],[-35,-70],[-37,-68],[-7,-23],[-7,-48],[-9,-31],[-30,-65]],[[14704,9640],[-8,27]],[[15141,9106],[34,-73],[20,-84],[9,-43]],[[15204,8906],[-114,-42],[-188,60],[-150,-59]],[[14752,8865],[-67,128]],[[15204,8906],[14,-68],[1,-53],[-26,-70],[-85,-72],[-51,-37]],[[15057,8606],[-215,-3]],[[14842,8603],[-64,72],[-52,5]],[[14726,8680],[-74,101]],[[14652,8781],[100,84]],[[15113,8387],[82,-147]],[[15195,8240],[155,-208]],[[15350,8032],[-91,-28]],[[15259,8004],[0,74],[-114,78],[-144,-103],[-123,-33],[-7,-91],[-66,7],[-92,0]],[[14713,7936],[12,47]],[[14725,7983],[129,66],[259,338]],[[13961,8355],[-15,89],[38,125],[167,35],[148,218]],[[14299,8822],[251,-32],[59,-74],[43,65]],[[14726,8680],[-47,-58],[-115,-25],[-96,-120],[-112,16],[-55,-90],[-2,-168],[-200,-97]],[[14842,8603],[-40,-78],[82,-94],[165,52]],[[15049,8483],[34,-54]],[[15083,8429],[-93,-60],[-156,37],[-48,-82],[-55,34],[-100,-165],[94,-210]],[[14713,7936],[-52,-48],[-20,-86],[-164,6],[-99,18],[-108,-29],[-155,-111]],[[15259,8004],[-21,-109],[-80,-14],[-11,-56]],[[15147,7825],[-67,-223],[-53,-64]],[[15027,7538],[4,-59],[-30,-33]],[[15001,7446],[-54,-69]],[[14947,7377],[-18,16],[-123,116],[-168,5],[-142,17]],[[14496,7531],[-205,44],[-117,-8]],[[14174,7567],[-74,50]],[[14257,8889],[42,-67]],[[13816,8880],[88,-14],[27,13],[20,-8],[8,-13],[115,12],[28,19],[92,-18],[30,3],[33,15]],[[14081,8973],[-154,-12],[-31,0],[-80,23]],[[13816,8984],[7,54],[123,24]],[[13946,9062],[76,27]],[[14022,9089],[30,-59],[29,-57]],[[15057,8606],[-31,-37],[16,-69]],[[15042,8500],[7,-17]],[[15083,8429],[30,-42]],[[14022,9089],[207,48],[123,-14]],[[14257,8889],[25,9],[2,26],[13,34],[-9,11],[-99,1],[-24,-7],[-84,10]],[[13529,9314],[30,-39],[154,48],[133,-21],[56,-34],[70,35]],[[13972,9303],[43,-58],[-67,-63],[-2,-120]],[[13816,8984],[-120,-1],[-17,12],[-25,2],[-12,-10],[-13,4],[-8,15],[-48,-1],[-29,13],[-50,-1]],[[13494,9017],[-18,134]],[[13476,9151],[53,163]],[[12896,9471],[40,-16]],[[12936,9455],[222,-79]],[[13158,9376],[-48,-130],[-65,-29]],[[13044,9571],[80,-30],[0,48],[63,-8],[19,-90],[70,47],[82,-75],[93,8]],[[13451,9471],[38,-74]],[[13489,9397],[-73,-90],[-124,156],[-134,-87]],[[12936,9455],[108,116]],[[13489,9397],[40,-83]],[[13476,9151],[-83,-53],[-90,-143]],[[13494,9017],[-14,-23],[-17,-8],[-21,4],[-8,-3],[0,-10]],[[12655,9571],[157,40]],[[12812,9611],[49,-111]],[[12757,9503],[20,26],[1,13],[-118,4]],[[12660,9546],[-5,25]],[[12919,9651],[90,-53],[35,-27]],[[12812,9611],[19,5],[88,35]],[[12453,9669],[202,-98]],[[12660,9546],[-9,-17],[-35,-5],[-54,-24],[-51,-18],[-23,0],[-12,14],[-40,4],[-27,22],[-40,-4],[-7,-15],[4,-17],[-21,-7],[-46,8],[-29,30],[-41,4],[-20,28],[26,16],[-12,43],[-45,6],[-20,7],[-16,-3]],[[12919,9651],[119,156],[138,12]],[[13176,9819],[48,-42],[89,-64]],[[13313,9713],[50,-33],[73,-55],[15,-154]],[[12929,10148],[151,-133]],[[13080,10015],[118,-72],[-22,-124]],[[13634,9928],[168,-32]],[[13802,9896],[-103,-179],[-85,-111],[25,-136],[-110,-156]],[[13313,9713],[97,86],[21,96],[203,33]],[[13972,9303],[27,66],[62,23],[29,126],[195,86],[77,111]],[[13802,9896],[66,-1]],[[13334,10237],[40,8]],[[13374,10245],[111,-91]],[[13485,10154],[-82,-36],[-56,55],[-13,64]],[[13197,10278],[33,-24],[-14,-63],[26,-9],[59,38],[33,17]],[[13485,10154],[26,2],[80,-42],[23,-72],[20,-114]],[[13080,10015],[39,37],[78,226]],[[13138,10926],[59,16]],[[13197,10942],[45,-44],[26,-36],[33,-11],[-8,-27],[36,-22],[-29,-21],[9,-38]],[[13309,10743],[3,-13],[-19,-36],[-55,-65]],[[13238,10629],[-105,-107],[-97,51],[-76,-74],[-84,34],[-13,69]],[[12863,10602],[20,123],[57,21],[-16,98],[51,39]],[[12975,10883],[53,-9],[42,51]],[[13070,10925],[52,-37],[16,38]],[[13309,10743],[92,15],[13,-52],[76,2]],[[13490,10708],[97,-23]],[[13587,10685],[37,-53]],[[13624,10632],[-32,-38],[-70,23],[-8,-87]],[[13514,10530],[-178,99],[-12,-31],[-17,-28],[-58,0]],[[13249,10570],[-11,59]],[[13249,10570],[-22,-43],[20,-151],[-81,-67],[31,-31]],[[12748,10502],[115,100]],[[13514,10530],[-29,-55],[-42,29],[-29,-34],[24,-48],[-72,-45],[8,-132]],[[13624,10632],[51,-58],[83,1],[35,-135]],[[13587,10685],[50,47]],[[13637,10732],[113,-22],[23,-78],[133,-50]],[[13750,10854],[68,-85],[69,-13]],[[13887,10756],[76,-88]],[[13637,10732],[113,122]],[[13241,10959],[14,20]],[[13255,10979],[165,-81]],[[13420,10898],[-26,-51],[59,-9],[37,-130]],[[13197,10942],[44,17]],[[13625,10921],[125,-67]],[[13420,10898],[88,8],[108,-79],[22,31],[-45,28],[32,35]],[[13308,11023],[132,33],[31,21]],[[13471,11077],[18,-14],[15,-32],[48,-13],[65,-13],[8,-84]],[[13255,10979],[29,30],[24,14]],[[13852,11186],[118,8]],[[13970,11194],[39,-178]],[[14009,11016],[-25,-74],[-64,33]],[[13920,10975],[-135,-8],[-48,106]],[[13737,11073],[12,13],[91,75],[12,25]],[[13667,11335],[50,-44]],[[13717,11291],[137,-46],[-2,-59]],[[13737,11073],[-53,-4],[-20,50],[-49,-11],[-1,-55],[-133,36]],[[13481,11089],[55,52],[-22,66]],[[13514,11207],[114,25],[39,103]],[[13471,11077],[10,12]],[[13920,10975],[-45,-67],[12,-152]],[[13355,11192],[159,15]],[[13308,11023],[-64,75],[118,49],[-7,45]],[[13023,11227],[125,44]],[[13148,11271],[58,-53],[103,52]],[[13309,11270],[46,-78]],[[13241,10959],[-82,45]],[[13159,11004],[-72,17]],[[13087,11021],[4,43],[-75,48]],[[13016,11112],[7,115]],[[14083,11003],[93,33],[70,-100],[-19,-50]],[[14227,10886],[-43,-28],[-109,55],[8,90]],[[14258,10822],[-31,64]],[[14227,10886],[49,-5],[49,121],[159,38]],[[14009,11016],[74,-13]],[[13970,11194],[28,1]],[[13998,11195],[32,-40],[124,57],[74,-35],[93,88]],[[15256,6611],[86,9],[22,89],[148,-114],[84,140]],[[15596,6735],[31,-73]],[[15627,6662],[-16,-107]],[[15611,6555],[-79,-144],[-94,-19],[-58,-163]],[[15380,6229],[-89,-114],[-44,-5]],[[15247,6110],[11,80],[-48,18]],[[15210,6208],[-6,11],[-24,18]],[[15180,6237],[-18,121],[88,48],[-23,107]],[[15227,6513],[29,98]],[[15611,6555],[71,-28]],[[15682,6527],[-21,-160],[-55,-25],[-31,-171],[-77,-61],[-118,119]],[[15896,6479],[22,4]],[[15918,6483],[121,-136],[26,-121]],[[16065,6226],[-20,-12],[-27,-4],[-9,-10],[-48,-22],[-15,-18]],[[15946,6160],[-93,273],[43,46]],[[15209,5797],[-46,148]],[[15163,5945],[99,78],[-15,87]],[[15682,6527],[286,159],[20,18],[22,-25],[-121,-162],[7,-38]],[[15946,6160],[-6,-21],[-22,-18],[-17,-24],[-32,-57],[-27,-279]],[[15842,5761],[-73,31],[-116,124],[-92,10],[7,-20],[-4,-21],[-198,44],[-98,-87],[-59,-45]],[[15842,5761],[15,-29],[242,-48],[2,-125],[50,-40],[44,-166]],[[16195,5353],[-40,-51],[-94,-1],[37,-198],[110,-18]],[[16208,5085],[15,-364]],[[16223,4721],[-27,-61],[-78,-5],[-130,-109]],[[15988,4546],[-142,-128],[-134,12],[-9,20]],[[15703,4450],[-2,199],[-57,138],[-102,10],[-57,119],[-164,54]],[[15321,4970],[46,58],[-56,88],[-64,-8],[-48,63],[17,162],[38,28],[-23,64],[-21,71]],[[15210,5496],[-11,35],[7,130]],[[15206,5661],[29,62],[-26,74]],[[16065,6226],[58,-78],[40,33],[-33,81],[7,15],[20,22],[35,8],[85,-150],[60,-20],[61,-14],[169,85],[48,-52],[126,119],[88,-53]],[[16829,6222],[-64,-194],[104,-185]],[[16869,5843],[-100,-56],[-1,-81]],[[16768,5706],[-129,-58],[0,-141]],[[16639,5507],[-342,-102]],[[16297,5405],[-102,-52]],[[17688,3485],[91,0],[121,230],[-21,53],[149,63]],[[18028,3831],[59,-35],[43,-139],[44,-31],[9,-60],[-31,-65],[-57,-53],[-37,-62],[-40,-46],[-80,-9],[-138,27],[-62,-68],[-126,71],[76,124]],[[17192,4285],[82,18],[53,121],[145,106],[19,109],[67,-8],[5,80]],[[17563,4711],[72,5],[12,-86],[87,5],[21,-44],[75,6],[19,41],[108,35],[50,-26],[38,-90],[44,19],[35,-73],[-25,-22],[19,-87],[-52,-57],[-43,29],[-76,-52],[27,-105],[-83,-59],[-18,-120],[38,-110],[104,-58],[13,-31]],[[17688,3485],[-24,117],[-113,59],[-148,32],[-31,80],[35,33],[-6,74],[-87,64],[20,78],[52,55],[-2,55],[-73,0],[-119,153]],[[13751,7332],[282,-213],[16,-93],[59,-47],[-16,-146]],[[14092,6833],[-84,6],[-76,95]],[[13932,6934],[-72,52],[-25,97],[-57,109],[-25,49],[-2,91]],[[13950,7460],[175,-317],[99,-129],[79,-31]],[[14303,6983],[-211,-150]],[[13751,7332],[-70,22]],[[14303,6983],[62,-50]],[[14365,6933],[-28,-11],[-3,-29],[10,-22],[-4,-16],[-13,-6],[-31,12],[-39,2],[-11,-11],[-4,-15],[-39,-19],[-24,-17],[-18,-26]],[[14161,6775],[-28,-6],[-35,15]],[[14098,6784],[-6,49]],[[14098,6784],[-29,-12],[-25,-25],[-81,-17],[-32,23],[22,35],[14,31],[-63,86],[28,29]],[[14080,5453],[-128,-137],[-166,-64],[-38,-74],[-128,-52],[-90,-104],[-225,3],[-38,-106]],[[13267,4919],[-76,99],[-14,117],[-16,26],[38,213],[72,114]],[[13271,5488],[45,-37],[117,18],[179,276],[75,34],[-1,110],[49,39],[-1,89],[121,-1],[-15,18],[-3,14],[6,11],[-9,29],[4,20],[111,21],[55,-33],[73,-126]],[[14077,5970],[34,-112],[-56,-99],[65,-61],[-40,-245]],[[13271,5488],[-44,105],[-122,67],[-139,-55],[-47,-1],[7,98],[-28,73]],[[12898,5775],[47,15]],[[12945,5790],[142,-46],[97,103],[-25,99],[-12,131]],[[13147,6077],[299,62],[65,103],[46,71],[46,78],[75,73],[21,3],[38,32],[88,29]],[[13825,6528],[61,-3],[104,8],[4,-39],[-16,-15],[-1,-21],[-26,-31],[-15,-28],[-8,-50],[92,-66],[106,-164],[-5,-73],[-44,-76]],[[14161,6775],[47,-149],[88,-82],[12,-84],[-29,-89],[26,-10],[-14,-66],[-66,-188],[-101,-133],[-47,-4]],[[13825,6528],[-36,97],[13,34],[-57,24],[-69,5],[-61,-18]],[[13615,6670],[-12,36],[54,33],[-12,20],[-38,-8],[-38,87],[-115,272],[-128,227]],[[15019,6452],[-26,-114]],[[14993,6338],[-5,5]],[[14988,6343],[-20,25]],[[14968,6368],[-26,69]],[[14942,6437],[55,10],[22,5]],[[14790,6863],[33,5]],[[14823,6868],[56,-83],[32,-75],[-42,-64],[-4,3]],[[14865,6649],[-15,60]],[[14850,6709],[-29,99],[-31,55]],[[15019,6452],[208,61]],[[15180,6237],[-19,7],[-19,-3],[-17,7],[-10,18],[-22,-5],[-8,10],[5,16],[-11,7],[-24,1],[-17,24],[-45,19]],[[15210,6208],[-152,-60],[45,-67]],[[15103,6081],[-105,17]],[[14998,6098],[-3,14],[10,14],[3,10]],[[15008,6136],[-4,17],[-17,17],[-4,16],[-19,23],[-4,12],[9,23],[11,48],[-2,32],[10,19]],[[14865,6649],[22,-63],[43,-117],[12,-32]],[[14968,6368],[-71,-31]],[[14897,6337],[-7,12],[-35,3],[-15,-46]],[[14840,6306],[-252,-12]],[[14588,6294],[-3,83],[65,119],[17,34],[15,124]],[[14682,6654],[128,47],[40,8]],[[14771,6153],[19,-135]],[[14790,6018],[-31,-19]],[[14759,5999],[-22,127],[34,27]],[[14692,6250],[-104,44]],[[14840,6306],[0,-78]],[[14840,6228],[-114,46],[-34,-24]],[[14897,6337],[25,-72],[-32,-100],[-69,-38]],[[14821,6127],[19,101]],[[15163,5945],[-60,136]],[[15008,6136],[-59,4],[-59,-75]],[[14890,6065],[-63,-24]],[[14827,6041],[-6,86]],[[14692,6250],[79,-97]],[[14759,5999],[-19,-9],[-122,-13],[-77,-105]],[[14541,5872],[-36,23],[27,139],[-61,105],[117,155]],[[14827,6041],[-37,-23]],[[14365,6933],[15,10],[19,-16],[13,-3],[10,22]],[[14422,6946],[11,-3],[15,-29],[18,5]],[[14466,6919],[52,-30],[41,-121],[72,-10]],[[14631,6758],[51,-104]],[[14541,5872],[-25,-15],[-129,-41],[3,-88],[27,-39],[5,-72]],[[14422,5617],[-27,-81]],[[14395,5536],[-272,-81],[-43,-2]],[[14823,6868],[183,111],[73,-87],[82,19]],[[15161,6911],[34,-113],[-30,-57],[81,-112],[10,-18]],[[15065,5043],[256,-73]],[[15703,4450],[-156,-55],[-51,-136],[-123,75],[-50,239],[-52,36],[-219,-115]],[[15052,4494],[-2,257],[32,30],[-6,79],[-67,-2],[-6,64],[74,20],[-12,101]],[[14422,5617],[86,-28]],[[14508,5589],[182,-53],[155,-103],[-29,-175]],[[14816,5258],[-11,-91],[-24,-85],[-89,-65]],[[14692,5017],[-49,35]],[[14643,5052],[-20,79],[60,155],[-111,156],[-117,16],[-60,78]],[[15210,5496],[-178,-26],[-41,28],[-80,-163],[-45,-70],[-50,-7]],[[14508,5589],[29,42],[158,-16],[37,38],[49,64],[136,30],[7,17],[11,20]],[[14935,5784],[163,-32],[108,-91]],[[14998,6098],[5,-23],[-10,-22]],[[14993,6053],[-103,12]],[[14935,5784],[8,18],[18,8],[-2,56],[11,14],[-8,11],[2,15],[15,10],[8,15],[-4,21],[12,14],[4,12],[-6,75]],[[15065,5043],[-36,-16],[-69,-44],[-40,-54],[7,-85],[-65,-57],[-96,37],[-99,140],[25,53]],[[13433,4824],[-105,-10],[-49,32],[-17,60]],[[13262,4906],[5,13]],[[14643,5052],[-42,-28],[-177,-13],[-81,-59],[-43,-6]],[[14300,4946],[-49,182],[-284,-114],[-206,-9],[-328,-181]],[[14663,7044],[57,-3],[51,16],[17,-11]],[[14788,7046],[10,-17],[-6,-18],[8,-25],[27,-2],[5,-21],[-17,-20]],[[14815,6943],[-174,4],[44,-161],[-54,-28]],[[14466,6919],[22,12],[17,-2],[10,13],[6,18],[27,30],[18,7],[17,-7],[16,4],[27,40],[37,10]],[[14923,7149],[66,-4],[26,5],[40,28],[60,12]],[[15115,7190],[17,-140],[66,-35]],[[15198,7015],[-37,-104]],[[14790,6863],[-8,9],[5,15],[21,29],[7,27]],[[14788,7046],[39,44],[40,18],[30,9],[26,32]],[[15001,7446],[153,-199],[-39,-57]],[[14923,7149],[-47,81],[112,34],[-41,113]],[[14174,7567],[-29,-155],[182,-35],[174,-221],[-82,-68],[3,-142]],[[14663,7044],[22,101],[-75,200],[-114,126],[0,60]],[[18469,6278],[68,-158],[-76,-87],[-67,-15],[42,-107],[-39,-29]],[[18397,5882],[-36,80],[-26,-20],[-24,-22],[-22,-76],[-116,37],[-39,-6],[-238,-129],[-109,31]],[[17787,5777],[-593,410],[-16,64],[-31,40]],[[17147,6291],[12,140],[-64,63],[-46,150],[120,35],[13,54]],[[17182,6733],[127,213],[117,8],[19,92],[132,17],[27,148],[114,84]],[[17718,7295],[33,-45]],[[17751,7250],[44,-158],[26,-138],[90,-14],[-12,-176],[65,-89],[-14,-164],[146,-52],[76,-104],[84,-18],[213,-59]],[[18631,7813],[-49,90],[19,76],[74,18],[1,81],[83,169],[81,0],[44,53],[78,-5],[116,-133],[11,-12],[-9,-90]],[[19080,8060],[-151,-144],[-24,-249],[-151,13],[-123,133]],[[17751,7250],[63,44],[69,2],[33,28],[62,-13],[87,64],[59,50],[163,25]],[[18287,7450],[52,9],[68,120],[-25,253]],[[18382,7832],[149,-42]],[[18531,7790],[-16,-78],[155,-135],[63,-263],[195,-111],[205,-231]],[[19133,6972],[69,-111],[20,-67],[-12,-62],[-175,-122],[82,-89],[-14,-71],[-58,-19],[-20,-92],[-58,-40],[44,-72],[8,-112]],[[19019,6115],[-233,-31],[-97,61],[-14,75],[-158,100],[-48,-42]],[[19080,8060],[130,-48],[91,-67],[74,-22],[-27,-41],[18,-36],[-12,-69],[-34,-40],[-6,-85],[-41,-58],[37,-93],[-6,-87],[19,-44],[-15,-105],[-36,-38],[10,-73],[-36,-93],[-113,-89]],[[18531,7790],[100,23]],[[18287,7450],[0,91],[-37,49],[40,86],[20,163],[72,-7]],[[16339,5131],[-56,-72]],[[16283,5059],[-75,26]],[[16297,5405],[78,-72],[-36,-202]],[[17078,5253],[-137,66],[-12,25],[7,9],[1,10],[-196,-5],[-62,-43],[-120,9],[80,183]],[[16639,5507],[222,1],[50,23],[78,-50],[-11,-71],[111,-119],[-11,-38]],[[16452,5097],[5,110],[97,53],[238,-59],[77,-95]],[[16869,5106],[78,-91],[-124,-139]],[[16823,4876],[-28,-13]],[[16795,4863],[-47,205],[-88,57],[-208,-28]],[[17423,4934],[-115,-6]],[[17308,4928],[18,186]],[[17326,5114],[125,112],[26,-45],[-70,-59],[16,-188]],[[17215,5508],[-60,-10],[-50,77],[-149,77]],[[16956,5652],[28,49],[-59,170]],[[16925,5871],[53,-12]],[[16978,5859],[61,-180],[143,-80],[33,-91]],[[16869,5106],[51,28],[216,-100]],[[17136,5034],[104,-113],[68,7]],[[17423,4934],[140,4]],[[17563,4938],[38,-66],[-47,-127],[9,-34]],[[17192,4285],[-77,-27],[18,-46],[-71,-9],[-60,101]],[[17002,4304],[-40,314],[21,131],[-31,104],[-129,23]],[[16768,5706],[188,-54]],[[17215,5508],[84,-36],[27,-358]],[[17136,5034],[38,119],[-96,100]],[[17002,4304],[-86,-45],[-46,-81],[-188,-14]],[[16682,4164],[-75,69],[14,260]],[[16621,4493],[82,108],[30,181]],[[16733,4782],[62,81]],[[16452,5097],[-113,34]],[[16733,4782],[-123,114],[-72,64],[-124,-33],[-131,132]],[[17787,5777],[-8,-58],[25,-97],[-31,-61],[-60,-12],[23,-51],[-95,-122],[-86,-32]],[[17555,5344],[-192,87],[29,217],[-143,77],[-35,93],[-109,46],[-127,-5]],[[16925,5871],[-56,-28]],[[16829,6222],[62,-15],[144,95],[112,-11]],[[16223,4721],[111,59],[125,-61],[52,-29],[49,-168],[61,-29]],[[16682,4164],[-82,-96],[-117,-35]],[[16483,4033],[-169,498],[-131,-33],[-71,-9],[-124,57]],[[17555,5344],[56,-72],[-7,-109],[-44,-40],[30,-83],[-27,-102]],[[16483,4033],[-61,-40],[-146,96],[-58,-64],[22,-51],[-38,-70],[46,-9],[-7,-67],[-44,-35],[-6,-73],[-119,-9],[-48,60],[-143,-102],[-94,-2],[-69,46],[-113,-6],[-97,71],[-38,-31],[-77,80],[-68,117],[-62,139],[-31,67],[-144,66],[-2,49],[34,35],[-68,194]],[[13418,3687],[39,6],[88,-91],[37,38],[61,-23],[66,-6]],[[13709,3611],[-28,-59]],[[13681,3552],[-77,-76],[60,-87]],[[13664,3389],[-35,-14],[-111,134],[-56,0],[-44,178]],[[13681,3552],[20,-43],[-23,-43],[73,-28]],[[13751,3438],[-51,-56]],[[13700,3382],[-36,7]],[[13481,4259],[67,156],[-78,149]],[[13470,4564],[80,1],[61,100],[73,-30],[173,-396]],[[13857,4239],[-67,-281]],[[13790,3958],[-369,14]],[[13421,3972],[83,61],[12,131],[-35,95]],[[13774,3816],[56,-187],[-79,-191]],[[13709,3611],[49,168],[16,37]],[[13810,3942],[118,-42],[80,57],[25,-3],[245,-43],[63,-104]],[[14341,3807],[3,-109],[-58,-100],[-41,-28],[-18,-70]],[[14227,3500],[-73,0],[-52,87],[-66,-10]],[[14036,3577],[-143,77]],[[13893,3654],[-94,165]],[[13799,3819],[11,123]],[[14300,4946],[-27,-71],[21,-17],[-18,-90],[15,-28],[-14,-35],[-46,-37],[-72,-26],[14,-99],[126,-93],[23,-77],[-34,-56],[40,-67],[-27,-40],[-6,-66]],[[14295,4144],[-66,-48],[-77,-3],[-45,103],[-250,43]],[[13470,4564],[36,149],[-73,111]],[[14295,4144],[18,-54],[70,-20],[13,-80],[-19,-47],[27,-56],[-19,-58],[-44,-22]],[[13810,3942],[-20,16]],[[14036,3577],[-38,-36],[-56,24],[-19,-62],[132,-4],[156,-123]],[[14211,3376],[-14,-104],[-52,6],[-50,-28]],[[14095,3250],[-26,26],[-2,79],[-39,52],[-193,73],[14,20],[23,54],[0,53],[21,47]],[[13999,3119],[-73,124],[-150,18],[-76,121]],[[13774,3816],[25,3]],[[14095,3250],[-7,-91],[-28,-29],[-61,-11]],[[14227,3500],[-16,-124]],[[13999,3119],[-30,-182],[-43,-64],[-48,7]],[[13878,2880],[-16,190],[-27,66],[-23,-3],[-9,-107],[50,-146]],[[13853,2880],[-32,-3]],[[13821,2877],[-88,56]],[[13733,2933],[-90,134],[-131,74]],[[13512,3141],[74,12],[28,48],[-54,50],[29,7],[18,32],[23,14],[34,85]],[[13878,2880],[-25,0]],[[13512,3141],[-75,146],[12,123],[5,47],[-64,85]],[[13390,3542],[-37,107]],[[13353,3649],[42,65]],[[13395,3714],[23,-27]],[[13395,3714],[44,75],[-41,58],[-2,53],[25,72]],[[19019,6115],[19,-36],[16,-69],[28,-4],[81,11],[101,28],[61,-41],[92,-81],[48,-41],[-29,-79],[18,-93],[-12,-64],[-37,-71],[15,-68],[-25,-95],[-47,-17],[-10,-32],[-43,-36],[-146,120],[-84,-36],[-124,53],[-60,7],[-9,-51],[-59,-27],[-56,56],[-47,-49],[-102,47],[14,45],[-56,68],[-54,44],[-64,-43],[-44,41],[-12,89],[57,129],[-52,62]],[[15918,6483],[64,67],[74,1],[78,109],[50,63],[-35,57],[322,292],[7,81]],[[16478,7153],[60,174],[118,-3],[99,-39],[86,-187],[185,-79],[114,-82],[-1,-134],[43,-70]],[[16036,7323],[46,121],[80,38],[-10,66],[-83,65],[68,112]],[[16137,7725],[54,-14],[34,4],[22,-10],[4,-12],[28,-33],[25,-13],[15,4]],[[16319,7651],[-43,-138],[44,-153]],[[16320,7360],[-192,-100],[-92,63]],[[15877,7929],[53,-24]],[[15930,7905],[-48,-45],[118,-60],[-61,-70],[40,-163],[-57,-216]],[[15922,7351],[-7,-9],[-102,-3],[-76,50]],[[15737,7389],[95,119],[-89,193]],[[15743,7701],[-1,3],[-37,162],[172,63]],[[15930,7905],[99,-21]],[[16029,7884],[34,-67],[21,-42],[53,-50]],[[16036,7323],[-114,28]],[[16762,7821],[171,-87],[54,-36],[55,-17],[165,20],[26,-77],[77,-22],[49,19],[168,-160],[9,-85],[156,0],[26,-81]],[[16478,7153],[-53,30],[38,88],[-29,22]],[[16434,7293],[75,187],[-40,24],[25,101],[-14,2],[-17,17],[-27,20],[-17,2]],[[16419,7646],[-8,67],[130,30],[47,45]],[[16588,7788],[44,-15],[11,27],[119,21]],[[16319,7651],[23,-2],[36,6],[41,-9]],[[16434,7293],[-114,67]],[[16319,7651],[13,78],[100,110],[156,-51]],[[16029,7884],[73,-18],[44,79],[96,35],[26,121],[46,-7],[184,50],[-7,88],[63,74]],[[16554,8306],[82,30],[43,39],[82,-15],[8,-38],[-45,-40],[88,-55],[5,-90],[-84,-149],[29,-39],[0,-128]],[[15596,6735],[-70,113],[-28,70],[-46,194],[-27,-3],[-31,11],[-19,14],[-5,-38],[-124,0],[-48,-81]],[[15027,7538],[138,-24],[69,57],[106,-41]],[[15340,7530],[0,-34],[-12,-24],[137,-92],[45,-88],[66,70]],[[15576,7362],[6,-110],[-44,-129],[34,4],[43,-12],[14,-16],[22,-4],[28,-11],[6,-91],[98,-107],[-83,-206],[-73,-18]],[[15576,7362],[57,13],[51,-21],[14,2],[39,33]],[[15572,7699],[97,-17],[74,19]],[[15340,7530],[20,63],[40,47],[5,33]],[[15405,7673],[85,6],[82,20]],[[15147,7825],[200,27]],[[15347,7852],[6,-23],[0,-29],[60,-48],[1,-37],[-9,-42]],[[15347,7852],[8,102],[14,28]],[[15369,7982],[88,-162],[63,-38],[48,101]],[[15568,7883],[47,-96],[-43,-88]],[[15042,8500],[231,78]],[[15273,8578],[-49,-114],[66,-57],[46,50],[14,-71],[-155,-146]],[[15387,8489],[124,61]],[[15511,8550],[119,-160],[-47,-20],[-192,69],[-4,50]],[[15387,8093],[-57,89],[68,165],[76,18],[-10,-93],[178,83]],[[15642,8355],[47,-21],[-101,-68]],[[15588,8266],[-106,-54],[-95,-119]],[[15273,8578],[38,14],[60,-38],[16,-65]],[[15511,8550],[66,40],[54,-15],[20,-44],[58,-6]],[[15709,8525],[15,-109],[-82,-61]],[[15387,8093],[35,-62],[1,-46]],[[15423,7985],[-54,-3]],[[15369,7982],[-19,50]],[[15588,8266],[-46,-177],[77,-66]],[[15619,8023],[-116,-28],[-80,-10]],[[15619,8023],[-51,-140]],[[15619,8023],[86,7],[68,73],[62,211],[88,58],[257,-1]],[[16180,8371],[-62,-123],[-262,-179],[21,-140]],[[16180,8371],[138,36],[25,54]],[[16343,8461],[211,-155]],[[15709,8525],[46,51],[85,-5],[73,28],[34,-49],[79,5],[15,-53],[140,-19],[28,-32],[134,10]],[[13615,6670],[-154,-103],[-184,-28],[-78,-97]],[[13199,6442],[-28,35],[24,45],[-54,133],[-160,104],[-89,40],[-21,93]],[[12693,6921],[-105,-74],[-48,-232],[82,-134],[43,-326]],[[12665,6155],[-206,-27],[-111,-101],[-102,7]],[[12246,6034],[-27,111],[-123,131],[40,109]],[[12665,6155],[37,-224],[172,31],[71,-172]],[[12898,5775],[-64,-69],[-85,23],[-67,-39],[46,-146],[-57,-64],[-306,-134],[-198,22]],[[12167,5368],[-149,51]],[[12018,5419],[35,122],[117,125],[-7,140],[59,163],[24,65]],[[12751,6829],[182,-398],[-13,-248],[194,-67]],[[13114,6116],[33,-39]],[[12018,5419],[-218,-23]],[[11800,5396],[-92,44]],[[13199,6442],[-80,-67],[-5,-259]],[[8922,10614],[81,20],[30,6],[20,20],[13,8]],[[9066,10668],[36,0],[32,15],[74,0]],[[9208,10683],[40,-48]],[[9248,10635],[-178,-44],[-25,-58]],[[9045,10533],[-27,-48],[38,-55],[-53,-18]],[[9003,10412],[-67,48],[-48,-40]],[[8883,10574],[39,40]],[[9054,10789],[130,-37]],[[9184,10752],[24,-69]],[[9066,10668],[-12,121]],[[9248,10635],[13,-27]],[[9261,10608],[-103,-62],[-18,-49],[-55,-16],[-40,52]],[[8889,10996],[191,25]],[[9080,11021],[77,-56]],[[9157,10965],[-118,-106],[11,-53]],[[9050,10806],[-154,25]],[[8896,10831],[-3,100]],[[8893,10931],[-4,65]],[[8716,10783],[118,16]],[[8834,10799],[88,-185]],[[9253,10468],[39,-37]],[[9292,10431],[-10,-73],[67,-26]],[[9349,10332],[28,-140]],[[9377,10192],[-133,-6]],[[9244,10186],[-22,29],[-86,-49]],[[9136,10166],[-64,79]],[[9072,10245],[0,36]],[[9072,10281],[66,110],[115,77]],[[8961,10125],[174,-14]],[[9135,10111],[-14,-78]],[[9121,10033],[-163,54]],[[8958,10087],[3,38]],[[9050,10806],[4,-17]],[[8834,10799],[62,32]],[[8966,10253],[106,-8]],[[9136,10166],[-1,-55]],[[8961,10125],[-9,35]],[[8952,10160],[14,93]],[[8869,10379],[151,-25]],[[9020,10354],[52,-73]],[[8966,10253],[-143,31]],[[9261,10608],[-2,-54]],[[9259,10554],[-42,-22],[36,-64]],[[9020,10354],[-17,58]],[[10073,11133],[20,-6],[4,-13],[-19,-27]],[[10078,11087],[-1,-26],[-10,-31],[8,-35]],[[10075,10995],[-11,-94]],[[10064,10901],[-114,12]],[[9950,10913],[-47,130]],[[9903,11043],[-13,75],[-66,26],[-19,63]],[[9805,11207],[35,13],[13,-8],[-4,-28],[33,-12]],[[9882,11172],[20,-6],[2,-17],[17,-9],[23,-1],[17,15],[26,-6],[25,3],[29,-21],[32,3]],[[10269,10640],[28,-8]],[[10298,10607],[9,-99]],[[10307,10508],[-52,-49]],[[10255,10459],[-21,21]],[[10234,10480],[-63,128]],[[10171,10608],[98,32]],[[10459,10432],[-14,-5],[-33,55],[-96,-4]],[[10316,10478],[-9,30]],[[9748,11063],[155,-20]],[[9950,10913],[-80,-67]],[[9870,10846],[-39,-42]],[[9831,10804],[-13,8],[0,23],[3,26],[15,16],[14,23],[3,22]],[[9853,10922],[-11,22],[-50,41],[-56,-2],[-13,11]],[[9723,10994],[21,17],[5,21],[-1,31]],[[10132,11164],[7,-1]],[[10139,11163],[64,-49]],[[10203,11114],[-125,-27]],[[10073,11133],[59,31]],[[10064,10901],[28,-23]],[[10092,10878],[-32,-39]],[[10060,10839],[-70,-68]],[[9990,10771],[-120,75]],[[9997,11307],[187,-7]],[[10184,11300],[-1,-30],[-44,-107]],[[10132,11164],[-135,143]],[[9761,11275],[29,-8],[15,-60]],[[9748,11063],[-11,26],[-22,19],[6,14],[21,-5],[13,13],[20,32],[-12,35]],[[9763,11197],[-2,78]],[[10225,10851],[59,-25]],[[10284,10826],[-78,-97]],[[10206,10729],[-52,62]],[[10154,10791],[71,60]],[[10129,10615],[42,-7]],[[10234,10480],[-81,-10]],[[10153,10470],[-32,-9],[-43,2],[-18,14]],[[10060,10477],[8,37]],[[10068,10514],[22,16],[39,85]],[[9753,10772],[16,-11]],[[9769,10761],[55,-108]],[[9824,10653],[-70,-28]],[[9754,10625],[-73,66]],[[9681,10691],[72,81]],[[9990,10771],[-2,-73]],[[9988,10698],[-24,-18]],[[9964,10680],[-69,-20]],[[9895,10660],[-64,144]],[[10075,10995],[15,-16],[-4,-16],[15,-5],[25,16],[18,3],[18,-15],[19,-34],[4,-27]],[[10185,10901],[17,-30],[23,-20]],[[10154,10791],[-62,87]],[[10060,10839],[39,-144]],[[10099,10695],[-42,-11]],[[10057,10684],[-69,14]],[[10206,10729],[-1,-7]],[[10205,10722],[-106,-27]],[[9942,11335],[14,16]],[[9956,11351],[25,-34]],[[9981,11317],[16,-10]],[[9882,11172],[60,163]],[[10205,10722],[64,-82]],[[10129,10615],[-72,69]],[[10284,10826],[16,-7],[15,-1],[13,14],[15,-2],[10,-22],[23,-9]],[[10068,10514],[-2,48],[-7,12],[-16,1],[-16,11],[-1,16],[-28,16]],[[9998,10618],[-17,24],[-4,25],[-13,13]],[[9756,11359],[186,-24]],[[9761,11275],[1,18]],[[9762,11293],[-6,66]],[[10307,11040],[-122,-139]],[[10203,11114],[69,10],[22,5]],[[9895,10660],[-17,-37]],[[9878,10623],[-54,30]],[[9769,10761],[62,43]],[[9732,11530],[135,20]],[[9867,11550],[6,-20]],[[9873,11530],[12,-48],[0,-76],[71,-55]],[[9756,11359],[-27,96],[-12,25],[9,28]],[[9726,11508],[6,22]],[[10184,11300],[29,27]],[[10213,11327],[71,-13]],[[10497,10168],[16,-2]],[[10599,10154],[15,-71]],[[10583,9993],[-48,63]],[[10535,10056],[-45,29],[4,42]],[[10494,10127],[3,41]],[[10282,10364],[33,28]],[[10315,10392],[125,-35],[39,34]],[[10487,10314],[-132,-69]],[[10355,10245],[-73,119]],[[10142,10415],[18,-9],[7,27],[17,-2],[2,-37],[35,-26],[15,17]],[[10236,10385],[23,-91],[-25,-39],[-14,-13],[-15,15],[-13,-11],[5,-17],[41,-30]],[[10238,10199],[31,-24],[39,-6]],[[10308,10169],[-57,-47]],[[10251,10122],[-54,-5]],[[10197,10117],[-74,85]],[[10123,10202],[3,22],[-7,31]],[[10119,10255],[-78,101]],[[10041,10356],[101,59]],[[9892,10221],[40,-29]],[[9932,10192],[56,-67]],[[9988,10125],[-95,-22]],[[9893,10103],[-40,27]],[[9853,10130],[-3,66],[42,25]],[[9728,10569],[24,25]],[[9752,10594],[134,-153]],[[9886,10441],[-59,-26]],[[9827,10415],[-80,67]],[[9747,10482],[-19,87]],[[10255,10459],[-19,-74]],[[10142,10415],[-2,22],[19,24],[-6,9]],[[10041,10356],[-35,14]],[[10006,10370],[54,107]],[[9878,10623],[73,-94]],[[9951,10529],[-10,-85]],[[9941,10444],[-55,-3]],[[9752,10594],[2,31]],[[10361,10020],[95,5],[79,31]],[[10416,9921],[-43,45],[-15,24]],[[10358,9990],[3,30]],[[9951,10529],[47,89]],[[10006,10370],[-38,30],[-27,44]],[[10361,10020],[9,30]],[[10370,10050],[24,-7],[14,63],[86,21]],[[10497,10168],[-82,-9],[-69,57]],[[10346,10216],[9,29]],[[10315,10392],[1,86]],[[9760,10149],[93,-19]],[[9893,10103],[58,-106]],[[9951,9997],[10,-40]],[[9961,9957],[-105,-2]],[[9856,9955],[-94,64]],[[9762,10019],[-24,38]],[[9738,10057],[22,92]],[[9988,10125],[3,-89],[-40,-39]],[[10238,10199],[22,30],[57,-28],[29,15]],[[10370,10050],[1,25],[-19,27],[0,31],[-19,20],[-25,16]],[[9760,10149],[-14,37],[-80,78]],[[9666,10264],[50,20],[53,103],[-38,79]],[[9731,10466],[16,16]],[[9827,10415],[65,-194]],[[10282,10364],[-46,21]],[[10119,10255],[-41,-3],[-30,20],[-116,-80]],[[9242,10769],[51,6]],[[9293,10775],[101,-17],[52,-42]],[[9446,10716],[-25,-12]],[[9421,10704],[-147,-27],[-66,6]],[[9184,10752],[58,17]],[[9738,10865],[-6,-83]],[[9732,10782],[-89,-25]],[[9643,10757],[-83,19]],[[9560,10776],[39,74],[139,15]],[[9773,10893],[80,29]],[[9753,10772],[-21,10]],[[9738,10865],[35,28]],[[9352,11034],[4,45],[23,44],[135,-2],[10,18]],[[9524,11139],[78,25],[28,28]],[[9630,11192],[99,92]],[[9729,11284],[33,9]],[[9763,11197],[-30,-27],[-33,-15],[-34,3],[-52,-89]],[[9614,11069],[-9,-20]],[[9605,11049],[-95,-40],[-3,-51]],[[9507,10958],[-12,-86]],[[9495,10872],[-32,6]],[[9463,10878],[-16,107],[-95,49]],[[9605,11049],[-10,-93]],[[9595,10956],[-88,2]],[[9614,11069],[88,-79]],[[9702,10990],[10,-25]],[[9712,10965],[-88,-8],[-29,-1]],[[9712,10965],[-7,-46],[68,-26]],[[9560,10776],[-13,3]],[[9547,10779],[-21,42],[-31,51]],[[9513,11648],[114,-37]],[[9627,11611],[10,-74]],[[9637,11537],[-115,-52]],[[9522,11485],[-43,115],[34,48]],[[9277,11393],[130,14]],[[9407,11407],[1,-92]],[[9408,11315],[-104,-13]],[[9304,11302],[-34,26],[-33,23]],[[9237,11351],[40,42]],[[9702,10990],[21,4]],[[9431,11429],[37,27],[38,-10]],[[9506,11446],[-25,-27],[164,-87]],[[9645,11332],[-72,-49]],[[9573,11283],[-40,-23]],[[9533,11260],[-3,44],[-122,11]],[[9407,11407],[24,22]],[[9573,11283],[57,-91]],[[9524,11139],[-47,66],[56,55]],[[9645,11332],[81,-15],[3,-33]],[[9157,10965],[33,8]],[[9190,10973],[43,-55],[9,-149]],[[9463,10878],[-2,-32],[-13,-36],[6,-58]],[[9454,10752],[-8,-36]],[[9293,10775],[50,93],[120,10]],[[9506,11446],[16,39]],[[9637,11537],[89,-29]],[[9352,11034],[-87,-47]],[[9265,10987],[-46,96]],[[9219,11083],[15,32],[61,37],[24,91],[-15,59]],[[9190,10973],[75,14]],[[9594,9845],[57,-7]],[[9651,9838],[11,-48],[12,-15],[4,-29],[28,-72]],[[9655,9642],[-5,16]],[[9650,9658],[-56,187]],[[9581,9990],[17,-28],[26,3]],[[9624,9965],[24,-111],[3,-16]],[[9594,9845],[-50,36]],[[9544,9881],[-6,72]],[[9538,9953],[43,37]],[[9391,10178],[76,-15]],[[9467,10163],[58,-85]],[[9525,10078],[-8,-5]],[[9517,10073],[-40,-12],[-39,-86]],[[9438,9975],[-14,11]],[[9424,9986],[-93,77]],[[9331,10063],[-8,30]],[[9323,10093],[35,-1],[33,86]],[[9301,9845],[59,54]],[[9360,9899],[83,-81]],[[9443,9818],[31,-41]],[[9474,9777],[-93,-100],[0,-39]],[[9326,9614],[-49,132],[47,43],[-23,56]],[[8958,10087],[-33,-67]],[[8925,10020],[-38,15]],[[8887,10035],[11,116],[54,9]],[[9443,9818],[88,34]],[[9531,9852],[14,-23],[-71,-52]],[[9517,10073],[64,-83]],[[9538,9953],[-100,22]],[[9538,9629],[112,29]],[[9172,9996],[97,20],[62,47]],[[9424,9986],[-64,-87]],[[9301,9845],[-41,12]],[[9260,9857],[-88,139]],[[9531,9852],[13,29]],[[9136,9995],[36,1]],[[9260,9857],[-99,-76]],[[9161,9781],[-8,90],[-98,26]],[[9055,9897],[-20,32]],[[9035,9929],[101,66]],[[9150,9735],[-6,9]],[[9144,9744],[17,37]],[[9121,10033],[15,-38]],[[9035,9929],[-130,28]],[[8905,9957],[20,63]],[[9377,10192],[14,-14]],[[9323,10093],[-33,0],[-46,52],[0,41]],[[8644,11543],[100,-14],[7,21],[47,33]],[[8798,11583],[1,-125]],[[8799,11458],[-42,-76]],[[8757,11382],[-41,28],[-20,-31]],[[8696,11379],[-60,28]],[[8636,11407],[8,136]],[[8757,11382],[103,-59],[56,50]],[[8916,11373],[10,-13],[27,-34]],[[8953,11326],[-25,-96]],[[8928,11230],[-53,-69]],[[8875,11161],[-77,114],[-124,17]],[[8674,11292],[22,87]],[[9239,11587],[133,-36],[19,-14],[40,-108]],[[9277,11393],[-53,62],[15,132]],[[8554,11179],[120,113]],[[8875,11161],[-13,-48],[-14,-44]],[[8848,11069],[-36,-21],[-69,66]],[[8743,11114],[-38,72],[-151,-7]],[[9117,11355],[-114,-68],[-50,39]],[[8916,11373],[-71,93],[-46,-8]],[[8798,11583],[56,-27],[103,32]],[[8957,11588],[121,-44],[16,-151],[23,-38]],[[8957,11588],[57,53],[62,-10],[45,-24],[50,19]],[[9171,11626],[14,-8],[54,-31]],[[9237,11351],[-68,13],[-25,11],[-27,-20]],[[8609,11553],[35,-10]],[[8636,11407],[-54,0]],[[8582,11407],[-19,33]],[[8563,11440],[46,113]],[[8692,10895],[109,61],[92,-25]],[[9292,11768],[43,11],[-2,44],[51,25],[47,-13]],[[9431,11835],[0,-60]],[[9431,11775],[-56,-46],[-52,15],[-31,24]],[[8614,11599],[184,-16]],[[8609,11553],[5,46]],[[8539,11143],[15,36]],[[8743,11114],[-81,-138]],[[8848,11069],[41,-73]],[[9056,11138],[28,33],[61,-42],[74,-46]],[[9080,11021],[-15,81],[-9,36]],[[9171,11626],[30,97],[36,45],[55,0]],[[9431,11775],[68,-80]],[[9499,11695],[14,-47]],[[9056,11138],[-128,92]],[[9629,10456],[81,-7]],[[9710,10449],[-67,-93]],[[9643,10356],[-71,14]],[[9572,10370],[57,86]],[[9525,10078],[43,17]],[[9568,10095],[51,-19]],[[9619,10076],[-7,-43],[12,-68]],[[9681,10691],[-27,11]],[[9654,10702],[-11,55]],[[9710,10449],[21,17]],[[9666,10264],[-23,92]],[[9498,10383],[74,-13]],[[9666,10264],[-123,-47]],[[9543,10217],[-56,97],[11,19],[2,23],[-2,27]],[[9856,9955],[11,-59]],[[9740,9804],[3,22],[-4,12]],[[9739,9838],[39,19],[-31,155],[15,7]],[[9467,10163],[54,41]],[[9521,10204],[14,-25],[33,-84]],[[9613,10567],[115,2]],[[9629,10456],[-16,111]],[[9547,10779],[-93,-27]],[[9259,10554],[79,-1]],[[9338,10553],[11,-60],[-57,-62]],[[9519,10658],[26,18],[68,-43]],[[9613,10633],[0,-66]],[[9498,10383],[-43,8]],[[9455,10391],[44,71],[6,36],[-121,94]],[[9384,10592],[25,32]],[[9409,10624],[84,-46],[66,-3],[11,32],[-51,51]],[[9679,10056],[59,1]],[[9739,9838],[-29,95],[-22,103],[-9,20]],[[9654,10702],[-41,-69]],[[9519,10658],[-35,36],[-56,-24]],[[9428,10670],[-7,34]],[[9409,10624],[19,46]],[[9384,10592],[-6,-13]],[[9378,10579],[-40,-26]],[[9378,10579],[49,-110],[-19,-65]],[[9408,10404],[-59,-72]],[[9679,10056],[-25,31],[-17,11],[-11,-3],[3,-13],[-10,-6]],[[9521,10204],[22,13]],[[9408,10404],[47,-13]],[[10215,9248],[98,7],[22,-77],[-38,-104]],[[10213,9999],[56,33]],[[10269,10032],[89,-42]],[[10429,9899],[-129,-82]],[[10300,9817],[-28,86],[-82,56]],[[10190,9959],[23,40]],[[10358,9568],[51,-99]],[[10409,9469],[-47,-123],[-66,38],[-121,-22]],[[10163,9415],[57,-3],[72,63],[1,88],[65,5]],[[10108,9598],[152,43]],[[10260,9641],[12,-44],[40,18],[40,-29]],[[10352,9586],[6,-18]],[[10251,10122],[18,-90]],[[10213,9999],[-13,17]],[[10200,10016],[-3,101]],[[9961,9957],[14,-20]],[[9975,9937],[63,-119]],[[10038,9818],[-5,-16]],[[10006,10128],[36,5]],[[10042,10133],[70,-66],[-5,-51],[93,0]],[[10190,9959],[-89,-105]],[[10101,9854],[-63,-36]],[[9975,9937],[71,100],[-40,91]],[[10042,10133],[81,69]],[[10101,9854],[52,-80],[-18,-56]],[[10135,9718],[-64,-48]],[[10368,8988],[32,113]],[[10400,9101],[29,7],[42,-58],[64,31]],[[10135,9718],[125,-68]],[[10260,9650],[0,-9]],[[9988,10125],[18,3]],[[10260,9650],[26,52],[14,115]],[[10500,9618],[-16,16],[-109,5],[-23,-53]],[[10454,9478],[-45,-9]],[[10400,9101],[-9,68],[82,77]],[[8467,11378],[62,-61]],[[8529,11317],[-13,-15]],[[8516,11302],[-151,-119]],[[8321,11269],[18,69],[128,40]],[[7726,11516],[42,-24]],[[7768,11492],[-58,-104]],[[7561,11480],[41,16],[124,20]],[[7871,11449],[68,35],[62,-30]],[[8001,11454],[63,-8]],[[7919,11223],[3,119],[-68,64],[17,43]],[[8080,11757],[49,5],[49,29],[100,5],[56,-31]],[[8334,11765],[-83,-91]],[[8251,11674],[-38,-102],[-67,-41],[-1,-76]],[[8001,11454],[79,303]],[[8333,11565],[47,16]],[[8380,11581],[39,-49],[65,0],[31,-14]],[[8515,11518],[-22,-11]],[[8493,11507],[-78,-40]],[[8415,11467],[-80,29]],[[8335,11496],[-2,69]],[[8493,11507],[70,-67]],[[8582,11407],[-53,-90]],[[8467,11378],[-52,89]],[[7768,11492],[103,-43]],[[7726,11516],[23,25],[157,53],[61,87],[24,98],[51,9],[38,-31]],[[8554,11179],[-38,123]],[[8515,11518],[61,77],[38,4]],[[8334,11765],[55,-87],[-9,-97]],[[8333,11565],[-82,109]],[[8335,11496],[-88,-120]],[[8428,10190],[-42,-177]],[[8386,10013],[-68,39]],[[8727,9926],[62,24],[70,-37]],[[8859,9913],[2,-136]],[[8861,9777],[-64,8]],[[8766,9839],[-3,26],[-70,6],[34,55]],[[8525,9807],[42,-1]],[[8332,9601],[-4,31]],[[8328,9632],[-8,69],[104,63]],[[8424,9764],[35,-23],[66,66]],[[9011,9821],[2,66],[42,10]],[[9144,9744],[-133,77]],[[8887,10035],[-72,32]],[[8815,10067],[-38,121]],[[8990,9764],[21,57]],[[9016,9688],[-6,25],[-20,51]],[[8149,9900],[106,-61]],[[8255,9839],[-22,-43],[44,-52],[-63,-37],[71,-73],[43,-2]],[[8621,10100],[54,-84]],[[8675,10016],[-54,-54],[-77,-24],[-69,16]],[[8475,9954],[-89,59]],[[8836,9728],[36,9],[25,35]],[[8897,9772],[93,-8]],[[8475,9954],[-92,-30]],[[8383,9924],[-128,-85]],[[8815,10067],[-112,-49]],[[8703,10018],[-28,-2]],[[8897,9772],[-36,5]],[[8859,9913],[46,44]],[[8475,9954],[50,-147]],[[8424,9764],[-41,160]],[[8727,9926],[-4,20],[-20,72]],[[9774,11762],[43,-44]],[[9817,11718],[16,-53],[-22,-39],[-69,-12],[-29,-27],[1,-29],[18,-28]],[[9627,11611],[67,18],[16,109],[64,24]],[[9909,11736],[16,-14]],[[9925,11722],[-58,-172]],[[9817,11718],[92,18]],[[10117,11541],[-136,-224]],[[9873,11530],[157,45]],[[10030,11575],[87,-34]],[[10435,11742],[59,-32]],[[10494,11710],[-21,-47],[49,-20]],[[10443,11503],[-34,102]],[[10409,11605],[1,10],[25,127]],[[9537,11907],[35,73],[64,26],[50,-27]],[[9686,11979],[-93,-151]],[[9593,11828],[-56,79]],[[9690,11861],[36,35],[45,-47],[99,12]],[[9870,11861],[38,-67],[1,-58]],[[9774,11762],[-84,99]],[[9701,11922],[65,41],[92,2],[25,-18]],[[9883,11947],[-13,-86]],[[9690,11861],[11,61]],[[9431,11835],[106,72]],[[9593,11828],[-94,-133]],[[10252,11543],[-60,-157],[21,-59]],[[10117,11541],[135,2]],[[9686,11979],[15,-57]],[[10179,11696],[103,-3]],[[10282,11693],[-13,-38],[-51,-63],[-47,27],[8,77]],[[10252,11543],[38,-21]],[[10290,11522],[-1,-61],[101,-26]],[[10290,11522],[119,83]],[[9925,11722],[92,10],[28,-40],[5,-41],[-20,-76]],[[10494,11710],[57,-26]],[[10282,11693],[78,-25],[26,7],[14,52],[35,15]],[[9883,11947],[90,-2],[40,-26],[-10,-78],[9,-28],[79,-65],[36,-38],[52,-14]],[[14648,11507],[21,49]],[[14669,11556],[49,-48],[36,-35],[51,-16],[11,-26],[-16,-19],[0,-34]],[[14725,11322],[-58,89],[36,43],[-55,53]],[[14252,11783],[33,78],[49,-27]],[[14334,11834],[-12,-59]],[[14322,11775],[-70,8]],[[14326,11585],[247,71]],[[14573,11656],[16,-44],[80,-56]],[[14648,11507],[-52,-13],[3,-86],[-64,-9],[-33,-59]],[[14392,11526],[-66,59]],[[14218,11813],[34,-30]],[[14322,11775],[9,-53]],[[14331,11722],[31,-82]],[[14362,11640],[-58,-29]],[[14304,11611],[-100,84]],[[14204,11695],[14,118]],[[14859,11346],[71,-30],[44,-43]],[[14274,11964],[76,-60]],[[14350,11904],[-16,-70]],[[14218,11813],[-9,9]],[[14209,11822],[5,94],[60,48]],[[14459,11840],[108,-58],[6,-19],[-11,-76]],[[14562,11687],[-69,-2],[-131,-45]],[[14331,11722],[128,118]],[[14562,11687],[11,-31]],[[14326,11585],[-22,26]],[[14116,11824],[93,-2]],[[14204,11695],[-128,55]],[[14076,11750],[-6,13]],[[14070,11763],[46,61]],[[14350,11904],[109,-64]],[[14200,11465],[-179,52]],[[14021,11517],[-15,110],[54,27],[16,96]],[[13951,11341],[48,-42],[18,37]],[[14017,11336],[45,-53],[-64,-88]],[[13717,11291],[63,111],[60,-37]],[[13840,11365],[21,-25],[2,-25],[42,-31],[46,57]],[[13994,11766],[62,30],[14,-33]],[[14021,11517],[-20,-14]],[[14001,11503],[-88,25]],[[13913,11528],[-111,34],[41,109]],[[13843,11671],[98,26],[53,69]],[[14017,11336],[78,9],[27,-25],[26,31],[14,-1],[4,-28],[38,-25],[30,-1],[8,26],[20,12]],[[14001,11503],[-50,-162]],[[13840,11365],[6,43],[-5,27],[9,59]],[[13850,11494],[63,34]],[[13629,11519],[35,24]],[[13664,11543],[19,-16],[27,-51],[140,18]],[[13667,11335],[-58,-16]],[[13609,11319],[-10,21],[60,71],[-46,34],[16,74]],[[13797,11705],[46,-34]],[[13664,11543],[14,99],[71,4],[48,59]],[[11776,12344],[48,26],[49,23],[91,20],[38,-68],[104,-22]],[[11829,12173],[-53,171]],[[11807,12495],[63,-9],[194,-94]],[[12105,12394],[19,-69]],[[11776,12344],[-29,60],[-25,-16],[-26,101]],[[11696,12489],[68,-8]],[[11563,12441],[85,68],[48,-20]],[[12596,11477],[3,-109],[81,-30]],[[12680,11338],[41,-63],[-77,-61],[67,-91]],[[12711,11123],[-30,-90],[-86,43],[-65,-23]],[[12494,11464],[23,51],[59,28],[20,-66]],[[12754,11856],[65,-165]],[[12819,11691],[-108,-8]],[[12711,11683],[-76,50],[-22,105]],[[12613,11838],[79,3],[62,15]],[[12332,11768],[71,6],[104,20],[106,44]],[[12711,11683],[25,-45],[-35,-18]],[[12701,11620],[-26,-16],[-28,-129],[-51,2]],[[12411,11476],[1,67],[50,32],[-66,137],[-61,-28]],[[12284,11732],[48,36]],[[12754,11856],[73,10],[68,-3]],[[12895,11863],[143,-51]],[[13038,11812],[-33,-130],[-32,-2]],[[12973,11680],[-70,46],[-84,-35]],[[12701,11620],[11,-76]],[[12712,11544],[37,-59],[-38,-116]],[[12711,11369],[-31,-31]],[[12135,11963],[27,-59]],[[12162,11904],[-50,-87]],[[12712,11544],[42,3],[133,-59]],[[12887,11488],[-54,-38],[30,-72]],[[12863,11378],[-152,-9]],[[12973,11680],[-11,-97],[55,-20]],[[13017,11563],[-1,-43]],[[13016,11520],[-129,-32]],[[12162,11904],[113,87],[109,-80]],[[12384,11911],[-52,-143]],[[12384,11911],[94,3]],[[12478,11914],[110,-40]],[[12588,11874],[25,-36]],[[14064,12103],[70,-37]],[[14134,12066],[-19,-135],[-57,-66]],[[14058,11865],[-94,182]],[[13964,12047],[100,56]],[[13815,12227],[60,-30]],[[13875,12197],[-29,-112]],[[13846,12085],[-60,61]],[[13786,12146],[29,81]],[[13223,12404],[22,1],[13,-21],[24,-1],[12,24],[32,-9],[8,-29],[19,-14],[85,-1]],[[13438,12354],[10,-29]],[[13448,12325],[-49,-160]],[[13399,12165],[-60,21],[-73,17]],[[13266,12203],[-14,16]],[[13252,12219],[21,84],[-67,67],[17,34]],[[13438,12354],[40,6],[52,-20]],[[13530,12340],[-23,-20],[-59,5]],[[14134,12066],[81,-42],[59,-60]],[[14116,11824],[-38,6],[-20,35]],[[13440,12084],[27,60],[75,6]],[[13542,12150],[49,-47],[29,-14],[14,70],[45,-2],[5,-75]],[[13684,12082],[45,-96]],[[13729,11986],[-43,-105],[-120,-26]],[[13566,11855],[-142,-7]],[[13424,11848],[-44,97]],[[13380,11945],[-4,43]],[[13376,11988],[37,50],[27,46]],[[13634,12325],[43,-25],[36,-1],[40,-49],[62,-23]],[[13786,12146],[-102,-64]],[[13542,12150],[92,175]],[[13994,11766],[-57,118],[-73,20]],[[13864,11904],[9,149]],[[13873,12053],[91,-6]],[[13846,12085],[27,-32]],[[13864,11904],[-52,11]],[[13812,11915],[-83,71]],[[13875,12197],[115,-49],[74,-45]],[[13530,12340],[40,20],[38,0],[15,-20],[11,-15]],[[13440,12084],[-24,27],[-17,54]],[[13376,11988],[-90,27],[-123,-15],[18,81]],[[13181,12081],[9,71],[62,8],[14,43]],[[13017,11563],[45,35],[87,11]],[[13149,11609],[-5,-46],[149,12],[31,-161]],[[13324,11414],[-73,15]],[[13251,11429],[-135,15],[-82,-66]],[[13034,11378],[-18,142]],[[12940,11311],[74,18]],[[13014,11329],[82,-30],[52,-28]],[[13023,11227],[-22,65],[-55,-15]],[[12946,11277],[-6,34]],[[12711,11123],[42,-34]],[[12753,11089],[9,-41],[-4,-90]],[[12758,10958],[-15,-24],[26,-84],[-81,5]],[[13324,11414],[49,-51]],[[13373,11363],[15,-23]],[[13388,11340],[-79,-70]],[[13148,11271],[6,94],[117,2],[-20,62]],[[12907,11093],[-3,-58],[-55,-14],[29,-58]],[[12878,10963],[-72,-26],[-48,21]],[[12753,11089],[63,29]],[[12816,11118],[91,-25]],[[12878,10963],[83,-32],[14,-48]],[[13034,11378],[-20,-49]],[[12940,11311],[-77,67]],[[13016,11112],[-101,13],[-8,-32]],[[12816,11118],[20,69],[43,-14],[67,104]],[[13138,10926],[21,78]],[[13561,11520],[68,-1]],[[13609,11319],[-52,-25],[-42,56],[-44,-15],[-38,50],[-45,-45]],[[13373,11363],[22,105],[127,-14],[39,66]],[[13087,11021],[-17,-96]],[[12970,12386],[43,20],[24,5],[96,-16]],[[13133,12395],[-27,-42],[15,-75]],[[13121,12278],[-36,8]],[[13085,12286],[-115,100]],[[12377,12265],[85,-30],[50,-35]],[[12512,12200],[21,-104]],[[12533,12096],[-69,-70],[-188,109]],[[12276,12135],[51,13],[2,92]],[[12655,12162],[136,-63]],[[12791,12099],[-203,-225]],[[12478,11914],[10,42],[42,8],[-3,51],[69,53],[-49,37]],[[12547,12105],[108,57]],[[12741,12238],[342,39]],[[13083,12277],[23,-114],[-67,-105]],[[13039,12058],[-156,-73]],[[12883,11985],[-68,10],[-24,104]],[[12655,12162],[86,76]],[[12533,12096],[14,9]],[[12220,12149],[56,-14]],[[12737,12273],[4,-35]],[[12512,12200],[49,3],[42,24],[34,-4],[28,29],[72,21]],[[13039,12058],[34,-92],[-67,-75],[32,-79]],[[12895,11863],[-12,122]],[[13121,12278],[50,-67],[81,8]],[[13181,12081],[-142,-23]],[[13083,12277],[2,9]],[[13133,12395],[24,12],[66,-3]],[[12737,12273],[50,12],[42,26],[7,27],[44,32],[90,16]],[[13038,11812],[96,-40],[35,-1]],[[13169,11771],[32,-4],[81,-9]],[[13282,11758],[-19,-37]],[[13263,11721],[-24,-61],[-90,-51]],[[13812,11915],[-67,-31],[40,-108]],[[13785,11776],[-53,-59],[-50,24],[-27,-63],[-96,14]],[[13559,11692],[7,163]],[[13797,11705],[-12,71]],[[13561,11520],[-56,95]],[[13505,11615],[54,77]],[[13263,11721],[55,-40],[30,-12],[40,-7],[62,-34],[30,-13],[25,0]],[[13424,11848],[-80,-10],[-62,-80]],[[13169,11771],[9,104],[23,50],[179,20]],[[13355,3309],[4,-107],[116,-77],[37,16]],[[13733,2933],[-260,31],[-18,18],[-50,2],[-36,105],[-74,1],[-5,45],[6,24],[-6,26],[-12,69],[-6,21],[-17,19],[100,15]],[[13279,2721],[-146,-15]],[[13133,2706],[-84,110],[-79,14],[-130,-7]],[[12840,2823],[-33,-6]],[[12807,2817],[5,29],[42,234],[7,61],[19,81],[-49,38]],[[12831,3260],[-63,33],[30,96]],[[12798,3389],[31,2],[82,107],[174,41],[-19,76],[39,18],[8,-95],[7,-14],[14,-9],[23,5],[17,-7],[-7,77],[138,84],[48,-25]],[[13390,3542],[-12,-77],[-23,-156]],[[13821,2877],[-8,-45],[-84,-53],[-65,-133],[-184,-83]],[[13480,2563],[-50,85]],[[13430,2648],[4,6],[-58,87],[-97,-20]],[[12840,2823],[30,-28],[79,-17],[108,-124]],[[13057,2654],[-38,-10],[0,-27]],[[13019,2617],[-147,24],[-38,34],[-5,23]],[[12829,2698],[50,1],[-29,73],[-58,12]],[[12792,2784],[-7,28]],[[12785,2812],[22,5]],[[13279,2721],[120,-90]],[[13399,2631],[-39,-64],[-113,17]],[[13247,2584],[-86,34],[-39,-28],[-43,-74]],[[13079,2516],[-57,63],[-3,38]],[[13057,2654],[76,52]],[[12506,4954],[139,29],[0,-59],[74,-42],[73,16],[27,44],[49,-26],[-13,-66],[-25,-44],[172,-51],[61,19]],[[13063,4774],[42,-166],[-103,-149],[-86,61],[-66,-7],[-100,-95]],[[12750,4418],[-20,16],[-76,109],[-88,107],[-43,89],[-1,72],[-7,61],[-9,82]],[[13262,4906],[-74,-32],[-61,-27],[-64,-73]],[[12506,4954],[-105,61],[-57,22],[-63,15],[-45,28],[-70,-35],[-70,42]],[[12096,5087],[71,281]],[[13481,4259],[-314,68],[-70,-45],[-1,-117],[-75,24],[-16,60],[-131,-18]],[[12874,4231],[-16,15]],[[12858,4246],[-58,106]],[[12800,4352],[-19,29],[-31,37]],[[11800,5396],[-43,-90],[-43,-34],[-220,-394]],[[11494,4878],[-120,51],[-169,-57]],[[11205,4872],[-63,224],[-110,71]],[[11205,4872],[-6,-82],[-90,-61]],[[11109,4729],[-51,31],[-265,-156]],[[10793,4604],[-41,23],[-24,51],[-92,-11],[-145,-49]],[[10491,4618],[0,262],[217,8],[146,205]],[[12102,4841],[34,-15],[46,-28],[40,-79],[-86,-58],[60,-78],[-82,-81],[-64,85],[-215,34]],[[11835,4621],[32,55]],[[11867,4676],[197,22],[38,143]],[[12800,4352],[-116,-114],[-77,92],[-73,112],[-45,0],[-2,-74],[-87,-99],[33,-63],[-57,-35]],[[12376,4171],[-181,94],[-196,73]],[[11999,4338],[-19,136],[-119,61],[-26,86]],[[12102,4841],[-86,23],[-41,14],[62,215],[59,-6]],[[12858,4246],[-57,-125]],[[12801,4121],[-39,16],[-111,45],[-214,-106]],[[12437,4076],[-51,21],[-10,74]],[[12801,4121],[10,-23],[18,-17],[85,-41]],[[12914,4040],[-231,-312]],[[12683,3728],[-64,-17],[-54,96],[-107,39],[64,129],[-85,101]],[[12874,4231],[91,-81],[-51,-110]],[[11867,4676],[-92,108],[-190,34],[-91,60]],[[11907,2782],[235,14],[23,27]],[[12165,2823],[109,-87]],[[12274,2736],[-36,-43],[-43,0],[-63,51],[-120,-37]],[[12012,2707],[-7,37],[-172,-52]],[[11833,2692],[-19,41]],[[11814,2733],[93,49]],[[12234,3090],[129,-24],[20,-43]],[[12383,3023],[49,-72]],[[12432,2951],[-110,-30],[15,99],[-108,32]],[[12229,3052],[5,38]],[[11833,2692],[105,-73]],[[11938,2619],[-31,-93],[-72,-117],[-48,-3],[-22,52],[-47,-3],[-54,20],[-42,66]],[[11622,2541],[39,9],[60,158],[93,25]],[[12476,3032],[29,46]],[[12505,3078],[106,-58]],[[12611,3020],[12,-84]],[[12623,2936],[-10,-37]],[[12613,2899],[-39,12],[-4,-60],[-67,-26]],[[12503,2825],[25,34],[-16,45],[-47,54],[11,74]],[[12623,2936],[71,-14],[4,-38]],[[12698,2884],[-85,15]],[[12792,2784],[-32,-21],[-21,30],[-220,-55]],[[12519,2738],[-5,24],[-11,63]],[[12698,2884],[76,8],[-21,-60],[32,-20]],[[12249,2875],[30,-22]],[[12279,2853],[18,-90],[-23,-27]],[[12165,2823],[-89,103]],[[12076,2926],[-15,14],[3,11],[15,5],[1,27]],[[12080,2983],[106,36],[41,-3]],[[12227,3016],[0,-80],[22,-61]],[[11907,2782],[24,116]],[[11931,2898],[15,0],[64,25],[66,3]],[[12258,3208],[72,27],[167,-45],[8,-112]],[[12476,3032],[-93,-9]],[[12234,3090],[-7,13],[31,105]],[[12432,2951],[33,-46],[-4,-30]],[[12461,2875],[-50,34],[-22,-26],[-72,-26]],[[12317,2857],[-16,44]],[[12301,2901],[-55,110],[-19,5]],[[12227,3016],[2,36]],[[12249,2875],[52,26]],[[12317,2857],[-38,-4]],[[12012,2707],[-74,-88]],[[12503,2825],[-42,50]],[[11280,2876],[-32,32],[-95,95],[-24,88],[-13,45],[-98,-3],[-40,47],[-136,44],[-24,75]],[[10818,3299],[54,54],[398,95]],[[11270,3448],[130,-37],[105,-34],[72,-125],[41,-27],[39,16],[58,-15],[35,-35],[74,-21],[15,-60],[26,-45]],[[11865,3065],[-66,-77],[8,-28]],[[11807,2960],[-118,-14],[-44,-9],[-118,-31],[-47,-2],[-200,-28]],[[12611,3020],[24,61],[160,41],[36,138]],[[12774,1807],[-18,-59]],[[12756,1748],[-38,-18],[-21,-30]],[[12697,1700],[-22,-4]],[[12675,1696],[-12,13]],[[12663,1709],[20,50]],[[12683,1759],[19,39],[35,68],[37,-59]],[[12639,1963],[9,-116]],[[12648,1847],[-51,-18]],[[12597,1829],[-22,23],[-15,15],[28,73]],[[12588,1940],[51,23]],[[13059,1678],[54,-33],[19,-48]],[[13132,1597],[9,-14],[87,-25],[14,-81],[-9,-44]],[[13233,1433],[-155,-3],[-28,-8]],[[13050,1422],[5,120]],[[13055,1542],[15,60],[-11,76]],[[12735,2193],[14,6],[39,-55],[57,-7]],[[12845,2137],[-19,-74]],[[12826,2063],[-59,4]],[[12767,2067],[-32,126]],[[12839,1910],[4,-5]],[[12843,1905],[-54,-98]],[[12789,1807],[-15,0]],[[12683,1759],[-33,19],[-56,5]],[[12594,1783],[3,46]],[[12648,1847],[37,-15],[58,75],[-31,105]],[[12712,2012],[38,10]],[[12750,2022],[20,-89],[69,-23]],[[13050,1422],[-49,-16]],[[13001,1406],[5,49],[-11,20],[-14,5],[5,22],[22,-2],[8,52],[39,-10]],[[12947,1383],[1,-145]],[[12948,1238],[-126,-34]],[[12822,1204],[-17,36],[32,17],[60,89],[36,35],[14,2]],[[12639,1963],[21,31],[38,14],[14,4]],[[12838,1998],[50,31]],[[12888,2029],[8,-49]],[[12896,1980],[-58,-13]],[[12838,1967],[0,31]],[[13003,2083],[28,-7]],[[13031,2076],[0,-36],[-2,-53],[-25,-33]],[[13004,1954],[-26,36]],[[12978,1990],[25,93]],[[12633,1663],[72,-37]],[[12705,1626],[-14,-20],[-30,-15],[-1,-13],[18,-32],[-4,-15],[-38,-13],[-38,13],[2,25],[13,16],[-12,21],[-11,4],[-24,-15]],[[12566,1582],[0,24]],[[12566,1606],[67,57]],[[12968,2095],[35,-12]],[[12978,1990],[-55,-11]],[[12923,1979],[12,93]],[[12935,2072],[33,23]],[[12889,2053],[46,19]],[[12923,1979],[-13,-16]],[[12910,1963],[-14,17]],[[12888,2029],[1,24]],[[12850,1616],[12,-4],[1,-39],[-23,-43],[-19,39]],[[12821,1569],[29,47]],[[12826,2063],[0,-42]],[[12826,2021],[-48,7]],[[12778,2028],[-11,39]],[[12845,2137],[22,-3]],[[12867,2134],[22,-81]],[[12838,1998],[-12,23]],[[13059,1678],[29,32],[71,30],[28,12],[15,22],[61,21],[28,-50],[-33,-9],[-6,-30],[-35,-2],[-9,-41],[-54,-11],[-10,-40],[-12,-15]],[[12974,1680],[3,-31],[-5,-21]],[[12972,1628],[-31,19],[-73,-230]],[[12868,1417],[-65,2]],[[12803,1419],[-39,24],[-19,6]],[[12745,1449],[-5,33],[-16,72]],[[12724,1554],[24,7],[1,-28],[15,-17],[27,40],[30,13]],[[12850,1616],[-1,33],[-21,21],[14,29],[48,18],[0,29]],[[12890,1746],[17,36],[-28,45],[-38,-53]],[[12841,1774],[-52,33]],[[12843,1905],[35,-17]],[[12878,1888],[17,-6]],[[12895,1882],[-16,-34],[44,-11],[15,26],[-2,24]],[[12936,1887],[17,44]],[[12953,1931],[51,23]],[[13031,2076],[19,93],[17,37],[55,41],[53,31],[48,17],[41,138],[13,39],[90,39]],[[13367,2511],[86,30]],[[13453,2541],[34,-78],[48,-85],[-8,-48],[-36,-47],[-6,-55],[-14,-33],[-105,-14],[-133,-70],[-14,-26],[-35,-109],[41,-51],[28,-34],[-44,-32],[-34,-43],[-48,-4],[-39,-25],[-34,-6],[-16,9],[-12,24],[-24,2],[-13,-18],[-14,10],[-28,-8],[-7,-20],[-15,-39]],[[12925,1741],[-32,-26],[0,-16],[81,-19]],[[12697,1700],[7,-45],[1,-29]],[[12633,1663],[42,33]],[[12750,2022],[28,6]],[[12838,1967],[1,-57]],[[12895,1882],[41,5]],[[12972,1628],[-26,-39],[-6,-42],[3,-38],[22,-6],[-9,-23],[-25,-2],[-18,-11],[-9,-38],[-15,-36]],[[12889,1393],[-21,24]],[[12902,2384],[-20,-52]],[[12882,2332],[-168,-11],[-106,124],[104,24],[133,-14],[57,-71]],[[12803,1419],[-13,-90],[35,-22]],[[12825,1307],[-20,-17],[-20,-4],[-25,29],[-40,34],[-2,23],[27,77]],[[12841,1774],[13,-20]],[[12854,1754],[-80,-33]],[[12774,1721],[-5,17],[-13,10]],[[12592,1731],[-1,34]],[[12591,1765],[72,-56]],[[12633,1663],[-41,68]],[[12872,2160],[73,-23]],[[12945,2137],[23,-42]],[[12867,2134],[5,26]],[[12925,1741],[33,-18],[14,-14],[2,-29]],[[12872,2160],[-1,68]],[[12871,2228],[-15,54]],[[12856,2282],[36,-13],[50,-81],[3,-51]],[[13367,2511],[-117,17],[-3,56]],[[13399,2631],[31,17]],[[13480,2563],[-27,-22]],[[12953,1931],[-62,-23]],[[12891,1908],[19,55]],[[12566,1606],[-26,20],[-31,84]],[[12509,1710],[23,9],[60,12]],[[12878,1888],[13,20]],[[12890,1746],[-36,8]],[[12856,2282],[26,50]],[[12902,2384],[27,-4],[53,44],[17,16],[7,23],[73,53]],[[12615,2297],[17,20],[148,-75],[91,-14]],[[12735,2193],[-120,104]],[[12591,1765],[3,18]],[[12889,1393],[-31,-48],[-33,-38]],[[12724,1554],[-6,26],[0,12],[10,21],[3,17],[31,43],[10,37],[2,11]],[[12566,2310],[49,-13]],[[12588,1940],[-33,66],[-116,45]],[[12439,2051],[-33,17],[27,50],[47,-14],[33,60],[0,85]],[[12513,2249],[13,-5],[12,34],[28,32]],[[12566,2310],[-2,124],[23,5],[95,232],[15,38],[67,-9],[65,-2]],[[12566,1582],[-10,-19],[-36,30],[-43,65],[-42,30],[-41,6],[-118,27],[-17,-25],[-25,8],[2,25],[23,92],[19,28]],[[12278,1849],[148,-24],[4,-7],[-15,-44],[78,14],[16,-78]],[[13219,1284],[-64,-76],[-70,25]],[[13085,1233],[3,40],[-29,59],[-14,13],[-23,21],[-21,40]],[[13233,1433],[35,-32],[-20,-56]],[[13248,1345],[-20,-21],[-9,-40]],[[13175,861],[42,-7]],[[13217,854],[52,-79]],[[13269,775],[-18,-49],[-69,14]],[[13182,740],[11,52],[-42,24]],[[13151,816],[24,45]],[[13235,884],[-18,-30]],[[13175,861],[-73,36]],[[13102,897],[45,66],[51,80],[25,131],[-4,110]],[[13248,1345],[45,-21]],[[13293,1324],[-4,-31],[-40,7],[-2,-108],[37,-78],[61,32],[7,-32],[-15,-28],[-11,-14],[-20,-53],[-23,-41],[-14,-19],[8,-9],[-42,-66]],[[13276,772],[52,4]],[[13328,776],[-2,-106],[-69,-34],[-106,23],[14,81]],[[13165,740],[17,0]],[[13269,775],[7,-3]],[[13039,882],[63,15]],[[13151,816],[-55,-2],[-57,68]],[[12948,1238],[65,-158],[11,-25],[38,32],[-2,45],[5,53]],[[13065,1185],[12,11],[8,37]],[[13039,882],[-54,-103]],[[12985,779],[-42,6]],[[12943,785],[38,75],[-72,59]],[[12909,919],[25,20],[-10,13],[-40,8],[-33,136],[-33,25],[15,43],[-11,40]],[[13235,884],[72,-12],[16,-8]],[[13323,864],[-47,-92]],[[13165,740],[-81,7],[-11,-31],[-67,16],[-21,47]],[[12947,1383],[44,-30],[39,-36],[13,-33],[6,-86],[16,-13]],[[12943,785],[-57,-25],[-11,-46],[-40,6],[-50,-19],[8,81],[86,138],[30,-1]],[[13323,864],[73,12]],[[13396,876],[-68,-100]],[[13293,1324],[56,7],[37,-34],[37,0],[-2,-33],[75,-31],[4,-77],[44,20],[-7,-41],[-22,-64],[-50,-72],[-57,-12],[-12,-111]],[[13421,3972],[-232,8],[-47,-91],[-117,-40],[-52,108],[-41,51],[-18,32]],[[12798,3389],[-48,24],[-38,127],[26,136],[-55,52]],[[10807,3924],[248,-42]],[[11055,3882],[-3,-181],[-76,-16]],[[10976,3685],[-172,-42],[-91,32]],[[10713,3675],[3,98],[44,23],[16,29],[28,27],[3,72]],[[10976,3685],[18,-23],[132,-52],[58,-86],[51,5]],[[11235,3529],[55,-23]],[[11290,3506],[-20,-58]],[[10818,3299],[-94,23],[1,65],[57,33],[-82,112],[-55,122],[68,21]],[[11055,3882],[71,42],[97,-67]],[[11223,3857],[70,-173],[-41,-82]],[[11252,3602],[-17,-73]],[[11109,4729],[9,-42],[48,-91],[-25,-93],[37,-76],[103,-109],[-1,-87],[71,-49],[71,24],[44,-44],[-6,-13],[-50,-117],[54,-66],[23,24],[30,0],[22,10],[38,-65],[170,-114]],[[11747,3821],[-75,-26],[-184,-11],[11,-127],[-209,-151]],[[11252,3602],[90,4],[25,59],[-14,111],[-74,81],[-56,0]],[[10807,3924],[-11,71],[35,57],[-13,106],[-21,45],[35,58],[-30,64],[22,33],[-46,74],[-14,63],[33,60],[-4,49]],[[12011,3066],[-38,-2],[-92,0],[-16,1]],[[11747,3821],[83,-79],[143,-83],[186,-191],[-14,-57]],[[12145,3411],[-107,-30],[-39,-75],[4,-41],[-41,-60],[39,-26],[28,-23],[6,-19],[-21,-29],[5,-24],[-8,-18]],[[11999,4338],[-46,-95],[20,-95],[-100,-106],[8,-32],[-81,-41],[-9,-64],[-44,-84]],[[12080,2983],[-12,13],[-9,20],[-19,2],[-22,25],[2,16],[-9,7]],[[12145,3411],[29,-80],[49,-5],[31,-42],[4,-76]],[[12278,1849],[35,61],[59,24],[11,8],[26,48],[30,61]],[[11931,2898],[-101,5],[-23,57]],[[11622,2541],[-156,-25],[-10,83],[-73,64],[46,68],[-132,66],[-3,16],[-14,63]],[[12513,2249],[-42,33],[-53,22],[-112,109],[-18,-25],[-80,-21],[-119,64],[50,40],[42,51],[23,37],[45,31],[51,46],[34,16],[37,14],[36,15],[40,17],[41,7],[31,33]],[[4655,3889],[17,-25]],[[4672,3864],[22,-46],[-391,-246]],[[4303,3572],[-36,21],[-20,25],[-2,43],[-16,62],[1,60]],[[4230,3783],[-3,22]],[[4227,3805],[200,9]],[[4427,3814],[29,-55],[199,130]],[[5170,3640],[184,2]],[[5354,3642],[59,-132],[-175,-138],[-88,-129]],[[5150,3243],[-87,-18]],[[5063,3225],[-46,-131],[-120,-94]],[[4897,3000],[-55,-14]],[[4842,2986],[-18,10]],[[4824,2996],[-65,153],[-102,20],[-103,-39]],[[4554,3130],[-17,14],[-8,20]],[[4529,3164],[3,13],[-6,12],[-17,17],[-12,18],[-24,55],[1,25],[-8,21],[-36,29]],[[4430,3354],[-38,44]],[[4392,3398],[192,46],[122,97],[67,-25]],[[4773,3516],[-28,-78],[58,-28],[237,111],[6,64],[124,55]],[[4036,4043],[69,-24]],[[4105,4019],[32,-88]],[[4137,3931],[-63,-46]],[[4074,3885],[-25,52],[-25,24],[-10,23]],[[4014,3984],[22,59]],[[4260,4074],[317,217]],[[4577,4291],[38,-150]],[[4615,4141],[-59,-60],[-9,-121],[-65,-60]],[[4482,3900],[-34,41],[-72,-75],[-48,-7],[-24,80],[21,70]],[[4325,4009],[-9,26],[-56,39]],[[4773,3516],[174,155],[157,2],[36,1]],[[5140,3674],[30,-34]],[[4824,2996],[-165,-87]],[[4659,2909],[-21,42],[-28,41],[-32,26],[-7,18],[-6,74],[-11,20]],[[4615,4141],[81,-24],[-41,-228]],[[4427,3814],[55,86]],[[3917,4230],[7,6],[35,-11],[38,8],[46,3],[26,-11],[27,12],[78,-6]],[[4174,4231],[39,-64]],[[4213,4167],[-89,-54],[-2,-75]],[[4122,4038],[-17,-19]],[[4036,4043],[1,41],[-10,29],[-60,57],[-50,60]],[[4672,3864],[232,-32],[32,-61],[95,30],[14,59]],[[5045,3860],[97,-76],[-1,-53],[-1,-57]],[[4392,3398],[-19,20],[-10,26],[-9,56]],[[4354,3500],[-9,27],[-42,45]],[[4713,4421],[120,-12],[23,-125],[81,79],[92,-35],[85,-194]],[[5114,4134],[-178,-52],[37,-215],[72,-7]],[[4577,4291],[136,130]],[[5114,4134],[240,-11]],[[5465,3793],[-82,-90]],[[5383,3703],[-29,-61]],[[4213,4167],[-12,-86]],[[4201,4081],[-79,-43]],[[4201,4081],[59,-7]],[[4325,4009],[-39,-4],[-47,-62],[-102,-12]],[[4621,4533],[9,-19]],[[4630,4514],[-43,-48],[13,-67],[100,32],[13,-10]],[[4174,4231],[19,16],[7,27],[27,41]],[[4227,4315],[394,218]],[[4227,3805],[-10,16],[-44,56],[-26,2],[-50,-7],[-23,13]],[[1939,4900],[30,-28],[12,-60]],[[1981,4812],[2,-18]],[[1983,4794],[-83,-36]],[[1900,4758],[-91,108],[-18,-13]],[[1791,4853],[-46,-29],[-47,48],[-19,-3]],[[1679,4869],[-18,47]],[[1661,4916],[20,15],[7,17]],[[1688,4948],[58,82]],[[1746,5030],[35,11]],[[1781,5041],[49,-56],[109,-85]],[[1777,5318],[46,-12],[97,75]],[[1920,5381],[46,-188],[-3,-23]],[[1963,5170],[-63,47],[-59,-55]],[[1841,5162],[-78,71]],[[1763,5233],[14,85]],[[1531,5465],[40,6]],[[1571,5471],[206,-153]],[[1763,5233],[-105,32],[-85,106],[21,31],[-87,36]],[[1507,5438],[24,27]],[[1841,5162],[-6,-10]],[[1835,5152],[-54,-111]],[[1746,5030],[-86,25],[-70,83]],[[1590,5138],[-207,168]],[[1383,5306],[124,132]],[[1791,4853],[6,-74]],[[1797,4779],[-45,-23],[-18,28]],[[1734,4784],[-55,85]],[[1900,4758],[-39,-51]],[[1861,4707],[-64,72]],[[1271,5208],[112,98]],[[1590,5138],[-27,-33],[31,-68],[94,-89]],[[1661,4916],[-62,1]],[[1599,4917],[-91,31],[-29,-48]],[[1479,4900],[-50,69]],[[1429,4969],[39,35],[-39,47],[27,46],[-185,111]],[[1195,5078],[26,42]],[[1221,5120],[50,-13],[46,-158],[50,-31],[62,51]],[[1479,4900],[-50,-44]],[[1429,4856],[-46,-48]],[[1383,4808],[-139,134],[-49,136]],[[1147,5079],[48,-1]],[[1383,4808],[-74,-24]],[[1309,4784],[-138,46]],[[1171,4830],[-55,94],[-28,59],[59,96]],[[1571,5471],[59,31],[149,-5],[132,-66]],[[1911,5431],[3,-40],[6,-10]],[[1221,5120],[50,88]],[[1835,5152],[138,-152]],[[1973,5000],[-46,-27],[22,-45],[-10,-28]],[[1599,4917],[-46,-62],[-111,-28]],[[1442,4827],[-13,29]],[[4713,7490],[31,-24],[29,-7]],[[4773,7459],[25,-65],[59,3]],[[4581,7360],[30,47],[48,35],[54,48]],[[4463,7705],[68,43],[121,76],[11,27],[31,28],[15,29]],[[4796,7756],[-72,-50],[-83,-43],[9,-38],[-32,-10],[-36,35],[-40,-32],[-79,87]],[[4773,7459],[44,2],[83,48]],[[4812,7688],[-21,-33],[-42,-21],[-38,-44],[-30,-28],[5,-34],[27,-38]],[[4379,7604],[73,65],[-2,18],[13,18]],[[2680,5750],[70,-10]],[[2750,5740],[28,-31]],[[2778,5709],[-9,-62]],[[2769,5647],[-30,-26]],[[2739,5621],[-90,39]],[[2649,5660],[31,90]],[[2739,5621],[-35,-65]],[[2704,5556],[-85,-18]],[[2619,5538],[-18,74]],[[2601,5612],[48,48]],[[2769,5647],[34,-36]],[[2803,5611],[-7,-92]],[[2796,5519],[-40,-25]],[[2756,5494],[-52,62]],[[2176,5791],[23,16]],[[2199,5807],[19,-39],[93,0]],[[2311,5768],[27,-51]],[[2338,5717],[-12,-116]],[[2326,5601],[-82,1]],[[2244,5602],[-17,-6]],[[2227,5596],[-26,71]],[[2201,5667],[-25,124]],[[2129,5640],[72,27]],[[2227,5596],[-82,-52]],[[2145,5544],[-48,61]],[[2097,5605],[32,35]],[[2286,5860],[44,40],[40,-1]],[[2370,5899],[-37,-78]],[[2333,5821],[-22,-53]],[[2199,5807],[87,53]],[[2338,5717],[107,29]],[[2445,5746],[32,-72]],[[2477,5674],[12,-137]],[[2489,5537],[-94,-29]],[[2395,5508],[-14,81],[-55,12]],[[2097,5868],[79,-77]],[[2129,5640],[-106,136]],[[2023,5776],[74,92]],[[2578,5793],[60,51]],[[2638,5844],[42,-94]],[[2601,5612],[-10,11]],[[2591,5623],[-68,82]],[[2523,5705],[28,38],[27,50]],[[2333,5821],[76,-3],[38,-50]],[[2447,5768],[-2,-22]],[[2655,5955],[43,-18]],[[2698,5937],[-60,-93]],[[2578,5793],[-99,23]],[[2479,5816],[6,72],[59,11],[20,15]],[[2564,5914],[76,17],[15,24]],[[2252,5995],[36,-13]],[[2288,5982],[117,-61],[-5,-22],[-30,0]],[[2286,5860],[-49,69],[15,66]],[[2489,5537],[28,3]],[[2517,5540],[-9,-64]],[[2508,5476],[-7,-83]],[[2501,5393],[-124,-12]],[[2377,5381],[-8,56]],[[2369,5437],[26,71]],[[2244,5602],[55,-121]],[[2299,5481],[-75,-52]],[[2224,5429],[-61,48],[-18,67]],[[1750,5773],[15,2],[49,35],[209,-34]],[[2097,5605],[-48,0],[-47,-52]],[[2002,5553],[-99,135],[-146,12],[-89,7]],[[1668,5707],[82,66]],[[2447,5768],[24,21],[8,27]],[[2523,5705],[-46,-31]],[[2097,5605],[-66,-59],[-29,7]],[[2601,5453],[110,-15]],[[2711,5438],[-8,-57]],[[2703,5381],[-17,3],[-60,-29],[-10,-45]],[[2616,5310],[-28,1]],[[2588,5311],[13,142]],[[2179,5954],[52,46],[21,-5]],[[2097,5868],[21,42]],[[2118,5910],[27,23]],[[2145,5933],[34,21]],[[1929,6003],[32,6]],[[1961,6009],[157,-99]],[[1750,5773],[1,14],[6,204]],[[1757,5991],[75,-24],[97,36]],[[2002,5553],[-24,-83],[-67,-39]],[[1531,5465],[15,64],[132,120],[-10,58]],[[2611,6069],[-1,-111],[38,0],[7,-3]],[[2564,5914],[-102,33]],[[2462,5947],[78,129],[71,-7]],[[2591,5623],[-74,-83]],[[2619,5538],[-12,-62]],[[2607,5476],[-99,0]],[[2609,6111],[2,-42]],[[2462,5947],[-87,44]],[[2375,5991],[126,111],[108,9]],[[2332,6015],[15,-9]],[[2347,6006],[28,-15]],[[2288,5982],[44,33]],[[2369,5437],[-70,44]],[[2756,5494],[-18,-58]],[[2738,5436],[-27,2]],[[2601,5453],[6,23]],[[2588,5311],[-73,-7]],[[2515,5304],[-14,89]],[[2884,5714],[78,-1],[63,-14]],[[3025,5699],[-18,-44],[-8,-16]],[[2999,5639],[-15,-47]],[[2984,5592],[-33,10],[-19,-40]],[[2932,5562],[-61,48],[-68,1]],[[2778,5709],[66,21],[28,-33],[12,17]],[[3254,6204],[41,24]],[[3295,6228],[40,-63]],[[3335,6165],[-8,-22]],[[3327,6143],[-55,-134]],[[3272,6009],[-57,68]],[[3215,6077],[39,127]],[[3025,5699],[17,37]],[[3042,5736],[100,-41]],[[3142,5695],[61,-69],[-4,-22]],[[3199,5604],[-38,13],[-58,-73]],[[3103,5544],[-38,-10]],[[3065,5534],[-41,30],[4,47],[-29,28]],[[3065,5534],[7,-21],[-26,-11]],[[3046,5502],[-50,-23]],[[2996,5479],[-32,35],[20,78]],[[3046,5502],[20,-117]],[[3066,5385],[-78,-36],[-44,60]],[[2944,5409],[52,70]],[[2926,5849],[138,-6]],[[3064,5843],[-22,-107]],[[2884,5714],[24,82],[-29,20]],[[2879,5816],[47,33]],[[2986,6421],[19,28]],[[3005,6449],[61,-72]],[[3066,6377],[54,-73]],[[3120,6304],[-8,-48]],[[3112,6256],[-33,-76]],[[3079,6180],[-114,-3]],[[2965,6177],[-59,37]],[[2906,6214],[20,48]],[[2926,6262],[54,41],[6,118]],[[2932,5562],[-53,-81]],[[2879,5481],[-83,38]],[[3120,6080],[66,32]],[[3186,6112],[29,-35]],[[3272,6009],[-8,-8]],[[3264,6001],[-29,-34]],[[3235,5967],[-31,-29],[-7,-31],[-61,32],[-47,-38]],[[3089,5901],[-27,29],[57,81],[-16,11]],[[3103,6022],[17,58]],[[3199,5604],[72,-25]],[[3271,5579],[24,-50]],[[3295,5529],[-6,-29]],[[3289,5500],[-15,-81]],[[3274,5419],[-171,125]],[[2944,5409],[-55,16]],[[2889,5425],[-10,56]],[[2698,5937],[39,-2]],[[2737,5935],[15,-16],[16,-138]],[[2768,5781],[-18,-41]],[[3112,6256],[40,-3]],[[3152,6253],[66,-57]],[[3218,6196],[-32,-84]],[[3120,6080],[-51,43],[10,57]],[[2939,6113],[-9,-45]],[[2930,6068],[-26,-56]],[[2904,6012],[-105,-12],[-34,47]],[[2765,6047],[-23,42]],[[2742,6089],[32,32],[64,-17],[77,35],[24,-26]],[[3245,5733],[26,-154]],[[3142,5695],[-13,55],[48,24],[68,-41]],[[3218,6196],[13,51],[22,-4],[1,-39]],[[2768,5781],[68,48],[43,-13]],[[2930,6068],[72,-97],[101,51]],[[3089,5901],[-11,-47],[-14,-11]],[[2926,5849],[41,122],[-63,41]],[[2939,6113],[26,64]],[[3288,5874],[-27,-102],[-16,-39]],[[3235,5967],[19,-69],[34,-24]],[[2737,5935],[28,112]],[[3085,7267],[85,23]],[[3170,7290],[21,-42]],[[3191,7248],[-48,-37],[65,-216]],[[3208,6995],[-18,-36]],[[3190,6959],[-63,22]],[[3127,6981],[-49,120]],[[3078,7101],[31,117],[-34,0],[-10,36],[20,13]],[[2744,7261],[14,-40]],[[2758,7221],[-18,-34],[53,-117]],[[2793,7070],[-48,-34]],[[2745,7036],[-89,-100]],[[2656,6936],[-151,109],[70,86]],[[2575,7131],[169,130]],[[3127,6981],[-112,-3]],[[3015,6978],[-16,50]],[[2999,7028],[-2,19]],[[2997,7047],[9,56],[39,6],[33,-8]],[[3170,7290],[53,24]],[[3223,7314],[73,15],[65,-61],[35,38],[36,-1]],[[3432,7305],[-13,-48],[86,-8]],[[3505,7249],[-13,-36],[-34,-28],[-25,-9],[-37,-44],[-21,-4],[-43,-25]],[[3332,7103],[-84,140],[-57,5]],[[3332,7103],[-58,-74]],[[3274,7029],[-83,219]],[[2871,6966],[128,62]],[[3015,6978],[-71,-32]],[[2944,6946],[-73,20]],[[2528,7185],[153,105]],[[2681,7290],[63,-29]],[[2575,7131],[-47,54]],[[2782,7343],[76,-95],[-38,-54],[87,-62]],[[2907,7132],[15,-72],[56,0],[19,-13]],[[2871,6966],[-16,-1]],[[2855,6965],[-4,59]],[[2851,7024],[45,25],[-138,172]],[[2681,7290],[32,20],[69,33]],[[2944,6946],[9,-90],[-40,-32]],[[2913,6824],[-92,24]],[[2821,6848],[-8,112]],[[2813,6960],[0,9]],[[2813,6969],[42,-4]],[[2851,7024],[-58,46]],[[3190,6959],[-20,-11],[-9,-14],[-26,-6],[-43,-24],[-105,-86],[2,-36]],[[2989,6782],[-67,-7]],[[2922,6775],[-9,49]],[[2782,7343],[70,14]],[[2852,7357],[9,-30],[29,-91],[54,19],[9,-67],[-46,-56]],[[3426,7339],[9,-3],[-3,-31]],[[3223,7314],[-11,32],[119,19],[95,-26]],[[2813,6969],[-68,67]],[[3274,7029],[-29,-9],[-17,-19],[-20,-6]],[[3356,7667],[12,-32],[-32,-158],[97,-88],[-7,-50]],[[3085,7267],[-73,56],[-44,66]],[[2968,7389],[66,91],[73,72],[249,115]],[[2656,6936],[-126,-79]],[[2530,6857],[-243,-96],[-120,120],[-37,-53]],[[2130,6828],[-15,69],[28,30],[20,110],[79,104]],[[2242,7141],[92,-31],[133,53],[61,22]],[[2852,7357],[78,14],[38,18]],[[3254,5150],[31,-12]],[[3285,5138],[-131,-149]],[[3154,4989],[-25,2]],[[3129,4991],[-12,47],[17,22],[120,90]],[[2889,5425],[-64,-10],[-43,-49]],[[2782,5366],[-50,18],[6,52]],[[2782,5366],[-46,-119],[24,-10]],[[2760,5237],[9,-41]],[[2769,5196],[-50,-43]],[[2719,5153],[-48,33]],[[2671,5186],[-7,102]],[[2664,5288],[39,93]],[[3017,5202],[66,91]],[[3083,5293],[36,29],[20,-9],[-12,-35],[56,-19],[-49,-113],[-117,56]],[[2760,5237],[45,68]],[[2805,5305],[33,-77]],[[2838,5228],[-36,-49]],[[2802,5179],[-33,17]],[[3274,5419],[62,-6],[-13,-50]],[[3323,5363],[-86,-190]],[[3237,5173],[-24,5],[-24,-28],[-68,-35],[-65,-92],[-12,-17],[-12,-18],[-44,-16],[5,-40]],[[2993,4932],[-40,13],[-53,15],[-79,27],[-41,33],[-23,-1]],[[2757,5019],[-14,20]],[[2743,5039],[-8,31]],[[2735,5070],[34,13]],[[2769,5083],[55,-19]],[[2824,5064],[23,34],[22,34],[0,42],[0,52]],[[2869,5226],[29,6]],[[2898,5232],[27,-55],[17,-16],[23,12],[29,16],[23,13]],[[3083,5293],[-17,92]],[[2893,5326],[-69,24],[-19,-45]],[[2944,5409],[-15,-51],[-36,-32]],[[2898,5232],[-5,94]],[[3154,4989],[-15,-65]],[[3139,4924],[-38,4]],[[3101,4928],[28,63]],[[2838,5228],[31,-2]],[[2824,5064],[-22,115]],[[3237,5173],[17,-23]],[[3101,4928],[-14,8],[-94,-4]],[[2769,5083],[-50,70]],[[3568,4774],[-57,38],[41,19],[10,35],[60,-27]],[[3622,4839],[-12,-44],[0,-31]],[[3610,4764],[-42,10]],[[3453,5334],[50,-13],[67,-31]],[[3570,5290],[63,-35],[15,-30],[39,-21]],[[3687,5204],[-175,-176],[-31,-91]],[[3481,4937],[-28,17],[-36,18],[-28,26],[-27,24],[-18,19]],[[3344,5041],[129,145],[10,67],[-57,38],[27,43]],[[3285,5138],[42,-120]],[[3327,5018],[-75,-142]],[[3252,4876],[-56,29],[-57,19]],[[3687,5204],[40,-23],[-38,-94],[36,-23]],[[3775,4976],[-110,-202]],[[3665,4774],[-43,65]],[[3568,4774],[-7,-14],[7,-28]],[[3568,4732],[-76,39],[-34,40]],[[3458,4811],[23,126]],[[3610,4764],[0,-36]],[[3610,4728],[-42,4]],[[3665,4774],[-1,-61]],[[3664,4713],[-54,15]],[[3323,5363],[106,5]],[[3429,5368],[24,-34]],[[3344,5041],[-17,-23]],[[3458,4811],[-34,18],[-29,0],[-26,-18],[-39,0],[-34,25],[-44,40]],[[2515,5304],[-4,-12]],[[2511,5292],[-15,0]],[[2496,5292],[-115,2]],[[2381,5294],[-14,3]],[[2367,5297],[10,84]],[[2511,5292],[27,-51]],[[2538,5241],[-56,-80]],[[2482,5161],[-63,6]],[[2419,5167],[-16,6],[12,44]],[[2415,5217],[39,15],[42,60]],[[1982,4749],[94,7]],[[2076,4756],[32,-28]],[[2108,4728],[-64,-10],[-49,-36],[-9,-16],[-35,-10],[-35,13]],[[1916,4669],[66,80]],[[2616,5310],[48,-22]],[[2671,5186],[-65,-13]],[[2606,5173],[-68,68]],[[2735,5070],[-54,-15],[-14,22],[21,54],[31,22]],[[2259,5002],[9,48],[37,-4]],[[2305,5046],[26,-45],[-46,-15]],[[2285,4986],[-10,-13]],[[2275,4973],[-16,29]],[[2178,5307],[20,-100]],[[2198,5207],[-24,-40]],[[2174,5167],[-19,55],[7,72],[16,13]],[[2116,5058],[81,29]],[[2197,5087],[49,-79]],[[2246,5008],[-56,-40]],[[2190,4968],[-41,4]],[[2149,4972],[-24,65]],[[2125,5037],[-9,21]],[[2526,5107],[59,-9]],[[2585,5098],[-19,-100]],[[2566,4998],[-27,10],[-19,56]],[[2520,5064],[6,43]],[[2606,5173],[-21,-75]],[[2526,5107],[-44,54]],[[2178,5307],[48,38]],[[2226,5345],[106,-80],[35,32]],[[2381,5294],[34,-77]],[[2419,5167],[0,-108]],[[2419,5059],[-114,4]],[[2305,5063],[-30,39]],[[2275,5102],[-10,95],[-67,10]],[[2743,5039],[-177,-41]],[[2060,4905],[44,-1]],[[2104,4904],[17,-52],[-45,-96]],[[1982,4749],[1,45]],[[1981,4812],[20,9],[2,41],[57,43]],[[1973,5000],[52,-20]],[[2025,4980],[35,-75]],[[2520,5064],[-77,-39]],[[2443,5025],[-24,34]],[[2246,5008],[13,-6]],[[2275,4973],[-27,-48],[34,-46]],[[2282,4879],[-40,1],[-20,31]],[[2222,4911],[-32,57]],[[2222,4911],[-41,-40],[-70,39]],[[2111,4910],[38,62]],[[2443,5025],[-9,-13]],[[2434,5012],[-26,-15],[-38,-62],[-41,-13]],[[2329,4922],[-44,64]],[[2305,5046],[0,17]],[[2566,4998],[-20,-41]],[[2546,4957],[-60,45],[-52,10]],[[2104,4904],[7,6]],[[2282,4879],[14,-24]],[[2296,4855],[-34,1],[-39,-36],[-1,-40],[-9,-7],[-21,6],[-29,-31],[-55,-20]],[[2757,5019],[-30,-3],[-25,-24],[-65,-36],[-91,1]],[[2329,4922],[-20,-53],[-13,-14]],[[2275,5102],[-72,33]],[[2203,5135],[-37,21],[8,11]],[[2025,4980],[100,57]],[[2197,5087],[-12,22],[18,26]],[[2226,5345],[-2,84]],[[1963,5170],[87,-53],[66,-59]],[[3327,6143],[21,-11],[43,-113],[-92,-73],[-35,55]],[[3702,6148],[27,26],[60,-57]],[[3789,6117],[-62,-61],[-83,27]],[[3644,6083],[58,65]],[[3786,6010],[77,-51],[3,-42]],[[3698,5837],[-26,9]],[[3672,5846],[114,164]],[[3942,6293],[24,-24]],[[3966,6269],[-2,-77]],[[3964,6192],[-57,-83]],[[3907,6109],[-53,-60],[-11,12]],[[3843,6061],[-40,50]],[[3803,6111],[21,28],[28,11],[-6,34],[29,25],[67,84]],[[3966,6269],[80,5],[53,-58]],[[4074,6180],[-82,7]],[[3992,6187],[-28,5]],[[3514,5866],[23,-12]],[[3537,5854],[23,-13]],[[3560,5841],[-32,-99]],[[3528,5742],[-17,-11]],[[3511,5731],[-46,-44]],[[3465,5687],[-51,0]],[[3414,5687],[11,98],[89,81]],[[3992,6187],[22,-40],[-36,-45],[31,-20]],[[3955,6016],[-19,25],[-29,68]],[[3786,6010],[57,51]],[[3803,6111],[-14,6]],[[3702,6148],[-18,36]],[[3684,6184],[78,88],[-32,72]],[[3947,6320],[-5,-27]],[[3672,5846],[-38,-3]],[[3634,5843],[-32,57]],[[3602,5900],[-40,12],[-25,-58]],[[3514,5866],[-12,27]],[[3502,5893],[13,41],[-26,39],[-28,43],[26,18],[40,-21],[50,79],[14,27],[53,-36]],[[3296,6270],[87,10]],[[3383,6280],[38,-57],[-9,-31],[-77,-27]],[[3295,6228],[1,42]],[[3602,5900],[-42,-59]],[[3634,5843],[-12,-58]],[[3622,5785],[-23,-1],[-44,-53],[-27,11]],[[3684,6184],[-62,-7],[-9,42],[95,119]],[[3622,5785],[-32,-150]],[[3590,5635],[-56,23]],[[3534,5658],[-23,73]],[[3502,5893],[-41,22],[-144,-4],[-4,-20],[-25,-17]],[[3383,6280],[5,33],[2,30]],[[3390,6343],[58,54]],[[3448,6397],[15,-26]],[[3615,6392],[40,2]],[[986,4119],[71,58]],[[1057,4177],[41,-58]],[[1098,4119],[-16,-30],[-39,16],[-40,-31]],[[1003,4074],[-17,45]],[[919,5221],[68,-76],[88,-17]],[[1075,5128],[-180,-200],[153,-163],[156,-53],[30,-123]],[[1234,4589],[-9,-3]],[[1225,4586],[-72,8],[-65,-51]],[[1088,4543],[-37,-9],[-37,71]],[[1014,4605],[1,44],[-98,34],[-184,20],[-76,117]],[[657,4820],[70,180],[192,221]],[[1075,5128],[72,-49]],[[1171,4830],[10,-29],[96,-101],[26,-18]],[[1303,4682],[-49,-91]],[[1254,4591],[-20,-2]],[[1303,4682],[73,-23]],[[1376,4659],[11,-115]],[[1387,4544],[-67,-36]],[[1320,4508],[-21,-8],[-45,91]],[[959,4084],[18,-23]],[[977,4061],[-6,-36],[97,-47],[-10,-45]],[[1058,3933],[-46,2]],[[1012,3935],[-51,41],[-19,-18]],[[942,3958],[-35,33]],[[907,3991],[7,53],[45,40]],[[986,4226],[55,-8]],[[1041,4218],[7,-8]],[[1048,4210],[9,-33]],[[986,4119],[-28,94]],[[958,4213],[28,13]],[[942,3958],[-3,-44]],[[939,3914],[-18,-27]],[[921,3887],[-98,1]],[[823,3888],[2,31],[82,72]],[[758,3789],[32,37]],[[790,3826],[68,-23],[-11,-28]],[[847,3775],[-8,-36]],[[839,3739],[-13,-41]],[[826,3698],[-68,91]],[[661,4462],[28,63],[148,-58],[75,-41],[51,-103],[58,-9]],[[1021,4314],[10,-39],[-45,-49]],[[958,4213],[-8,7]],[[950,4220],[-195,210],[-94,32]],[[1193,4432],[74,70]],[[1267,4502],[41,-68],[0,-42]],[[1308,4392],[-17,0]],[[1291,4392],[-98,40]],[[921,3887],[71,-38]],[[992,3849],[32,-50],[-28,-46]],[[996,3753],[-149,22]],[[790,3826],[33,62]],[[992,3849],[7,15],[90,-42]],[[1089,3822],[-25,-56],[-35,-39]],[[1029,3727],[-33,26]],[[1098,4119],[51,7]],[[1149,4126],[54,-44]],[[1203,4082],[-63,-83]],[[1140,3999],[-137,75]],[[1003,4074],[-26,-13]],[[959,4084],[-38,57],[-11,30]],[[910,4171],[40,49]],[[1148,4410],[45,22]],[[1291,4392],[-43,-119]],[[1248,4273],[-98,64]],[[1150,4337],[-2,73]],[[1048,4210],[99,6]],[[1147,4216],[2,-90]],[[1058,3933],[60,-25]],[[1118,3908],[-29,-86]],[[939,3914],[73,21]],[[1225,4586],[42,-84]],[[1193,4432],[-105,111]],[[556,4510],[40,46]],[[596,4556],[60,50],[348,-169]],[[1004,4437],[74,-90]],[[1078,4347],[-57,-33]],[[661,4462],[-105,48]],[[999,4540],[-50,43],[3,13],[62,9]],[[1148,4410],[-149,130]],[[1387,4544],[44,-65]],[[1431,4479],[80,-28]],[[1511,4451],[-27,-16],[-5,-57],[-36,-53],[2,-51],[-21,-12]],[[1424,4262],[-95,117]],[[1329,4379],[17,58],[-26,71]],[[1078,4347],[37,-30]],[[1115,4317],[1,-16]],[[1116,4301],[-75,-83]],[[839,3739],[166,-49]],[[1005,3690],[-25,-35],[-23,-17]],[[957,3638],[-131,60]],[[1115,4317],[35,20]],[[1248,4273],[48,-67]],[[1296,4206],[-64,-94],[-29,-30]],[[1147,4216],[4,63],[-35,22]],[[1308,4392],[21,-13]],[[1424,4262],[-16,-32],[-45,17],[-21,-1],[-46,-40]],[[910,4171],[-38,-13],[-134,124],[-39,4],[-58,70],[-110,35],[-23,20],[48,99]],[[999,4540],[-25,-42],[38,-35],[-8,-26]],[[596,4556],[-52,91],[9,74],[104,99]],[[1029,3727],[-24,-37]],[[1309,4784],[-6,-102]],[[2174,6632],[37,-20]],[[2211,6612],[193,-59]],[[2404,6553],[-45,-91]],[[2359,6462],[-52,11]],[[2307,6473],[-162,136]],[[2145,6609],[29,23]],[[2355,6360],[23,2]],[[2378,6362],[13,-10],[31,-5],[18,7],[28,-8],[26,11]],[[2494,6357],[13,-139]],[[2507,6218],[-56,-13]],[[2451,6205],[-99,84]],[[2352,6289],[3,71]],[[2507,6218],[60,-55]],[[2567,6163],[40,-11]],[[2607,6152],[2,-41]],[[2347,6006],[49,82]],[[2396,6088],[55,117]],[[1897,6396],[38,37],[-14,29],[54,50],[75,7]],[[2050,6519],[79,-152]],[[2129,6367],[-27,-32]],[[2102,6335],[-71,-31],[-22,0],[-18,25],[-14,3],[-80,64]],[[2530,6857],[93,-93]],[[2623,6764],[-72,-110]],[[2551,6654],[-102,-46],[-151,57],[-87,-53]],[[2174,6632],[41,105],[-85,91]],[[2607,6152],[86,14],[49,-77]],[[2396,6088],[-19,4],[-12,73],[-36,2]],[[2329,6167],[-19,34]],[[2310,6201],[42,88]],[[2194,6342],[91,10],[29,-7],[25,2],[16,13]],[[2310,6201],[-58,-10]],[[2252,6191],[-58,151]],[[2567,6163],[10,85],[140,174],[20,20]],[[2737,6442],[66,-37]],[[2803,6405],[-43,-107],[5,-5],[95,-39],[4,-51],[24,-5],[18,16]],[[2359,6462],[58,-16]],[[2417,6446],[-39,-84]],[[2194,6342],[-62,-24]],[[2132,6318],[-30,17]],[[2129,6367],[49,49],[104,-20],[25,77]],[[2332,6015],[-59,121],[56,31]],[[1929,6003],[50,118],[108,21]],[[2087,6142],[108,4],[48,-68],[-57,-77],[-7,-47]],[[2145,5933],[-5,92],[-70,38],[-109,-54]],[[2050,6519],[74,56],[21,34]],[[2417,6446],[103,-23]],[[2520,6423],[-26,-66]],[[2715,6470],[24,-9]],[[2739,6461],[-2,-19]],[[2520,6423],[44,58],[100,-50],[51,39]],[[2252,6191],[-163,-14]],[[2089,6177],[-20,29],[-61,-22],[-13,28]],[[1995,6212],[114,47],[23,59]],[[2551,6654],[53,-54]],[[2604,6600],[-10,-55]],[[2594,6545],[-157,-11]],[[2437,6534],[-33,19]],[[2087,6142],[2,35]],[[2437,6534],[-20,-88]],[[2594,6545],[20,-55],[101,-20]],[[1995,6212],[-155,-49],[-80,-75]],[[1760,6088],[-57,9]],[[1703,6097],[-125,87]],[[1578,6184],[227,144],[26,52],[66,16]],[[1757,5991],[3,97]],[[2656,6936],[23,-32]],[[2679,6904],[25,-70]],[[2704,6834],[15,-47],[-1,-7],[-95,-16]],[[3465,5687],[-31,-220]],[[3434,5467],[-34,-26],[-55,-4],[-56,63]],[[3295,5529],[15,-1],[47,92],[13,-2],[44,69]],[[3965,5161],[-15,121],[31,56]],[[3434,5467],[21,6]],[[3455,5473],[13,-27],[-12,-36]],[[3456,5410],[-27,-42]],[[3534,5658],[-79,-185]],[[3456,5410],[85,-38],[28,70],[102,-13]],[[3652,5376],[-82,-86]],[[3668,5532],[-16,-4],[-62,107]],[[3608,6593],[28,25]],[[3636,6618],[37,-59]],[[3673,6559],[0,-30],[-49,-59]],[[3568,6494],[15,38]],[[3583,6532],[25,61]],[[4226,7384],[-65,-77]],[[4078,7352],[45,41],[0,19],[90,56]],[[4407,7227],[54,-5]],[[4360,6919],[-45,43],[37,158],[-25,67]],[[4327,7187],[39,28]],[[4327,7187],[-85,-49]],[[4080,6489],[15,-86]],[[4095,6403],[-13,-10],[-50,31],[-44,-66],[-22,15]],[[4033,6480],[14,25],[33,-16]],[[4276,6679],[-93,31]],[[4171,6562],[-28,74],[14,33]],[[3758,6655],[-85,-96]],[[3636,6618],[40,74]],[[4080,6489],[74,12]],[[4190,6314],[14,18],[-32,37],[-15,-19],[-62,53]],[[5261,5097],[20,-61],[-45,-68],[81,-110],[-21,-112],[88,-148],[-23,-91]],[[4630,4514],[97,-3],[196,118],[63,102],[-14,74]],[[4621,4533],[-20,26]],[[1916,4669],[-28,24],[-27,2]],[[1861,4695],[0,12]],[[1520,4573],[82,5]],[[1602,4578],[7,-16]],[[1609,4562],[-17,-31],[-29,-37]],[[1563,4494],[-44,35]],[[1519,4529],[1,44]],[[1401,4673],[35,62]],[[1436,4735],[84,-162]],[[1519,4529],[-38,3]],[[1481,4532],[-19,17]],[[1462,4549],[4,26],[-65,98]],[[1442,4827],[11,-35]],[[1453,4792],[-17,-57]],[[1401,4673],[-15,-6]],[[1386,4667],[-10,-8]],[[1563,4494],[-10,-17],[-42,-26]],[[1431,4479],[50,53]],[[1679,4869],[-42,-55],[7,-97],[-15,-27]],[[1629,4690],[-25,16],[-46,80],[-16,6]],[[1542,4792],[-89,0]],[[1542,4792],[22,-97],[43,-20]],[[1607,4675],[-5,-97]],[[1386,4667],[38,-90],[38,-28]],[[1734,4784],[-8,-24],[14,-65]],[[1740,4695],[-111,-5]],[[1861,4695],[-115,-21]],[[1746,4674],[-6,21]],[[1746,4674],[-20,0],[-31,-27],[-26,-39],[-60,-46]],[[1607,4675],[22,15]],[[1531,5465],[-185,188]],[[1346,5653],[15,11],[9,15],[14,1],[7,15],[24,15],[28,8],[155,139],[40,25],[9,17],[-2,27],[28,42],[-5,12],[-15,2]],[[1653,5982],[50,115]],[[1193,5848],[96,-111],[62,-1]],[[1351,5736],[-40,-59],[-21,-16],[-1,-21],[12,-9],[26,25],[10,-8],[9,5]],[[919,5221],[-22,24],[-172,177],[181,181],[86,46],[201,199]],[[1653,5982],[-24,-31],[-148,-108],[-130,-107]],[[1193,5848],[71,85],[140,129],[7,33],[167,89]],[[3811,4930],[37,-90],[-7,-98]],[[3841,4742],[-1,-9]],[[3840,4733],[-113,-1],[-2,-31]],[[3725,4701],[-61,12]],[[3840,4733],[-19,-35]],[[3821,4698],[-15,-10]],[[3806,4688],[-81,13]],[[4081,4946],[-188,-225]],[[3893,4721],[-47,-27],[-25,4]],[[3841,4742],[44,23],[34,90]],[[4035,4603],[164,58],[10,92],[143,29],[87,-115]],[[4456,4501],[-261,-105]],[[4195,4396],[-10,30],[-17,18],[-23,-4],[-14,14],[-1,29],[-30,31],[-34,-7],[-61,19],[-5,27]],[[4000,4553],[35,50]],[[3939,4667],[27,-3],[69,-61]],[[4000,4553],[-57,11],[-28,14],[-25,43]],[[3890,4621],[49,46]],[[3893,4721],[46,-54]],[[3890,4621],[-52,12],[-21,15],[-11,40]],[[4227,4315],[-32,81]],[[2887,6532],[70,27],[8,-95],[21,-43]],[[2926,6262],[-38,123]],[[2888,6385],[30,98],[-31,49]],[[3244,6392],[45,20],[58,-25],[43,-44]],[[3296,6270],[-28,84]],[[3268,6354],[-24,38]],[[2798,6713],[76,6],[27,-30]],[[2901,6689],[-100,-88]],[[2801,6601],[-25,77]],[[2776,6678],[22,35]],[[2704,6834],[62,3]],[[2766,6837],[1,-38],[25,-9]],[[2792,6790],[13,-48],[-7,-29]],[[2776,6678],[-15,10],[-30,-52]],[[2731,6636],[-70,25],[-57,-61]],[[3608,6593],[-33,47],[-45,8]],[[3530,6648],[-5,3]],[[3525,6651],[67,77]],[[3583,6532],[-59,35]],[[3524,6567],[6,81]],[[3335,6845],[20,-40],[-75,-65]],[[3280,6740],[-58,-34],[8,-17]],[[3230,6689],[-100,-44]],[[3130,6645],[-42,73]],[[3088,6718],[14,10],[28,2],[22,21],[183,94]],[[3301,6632],[64,-2]],[[3365,6630],[-88,-180],[-72,-30]],[[3205,6420],[-23,5]],[[3182,6425],[-27,41]],[[3155,6466],[52,67]],[[3207,6533],[94,99]],[[3230,6689],[6,-30],[42,23]],[[3278,6682],[23,-50]],[[3207,6533],[-73,101]],[[3134,6634],[-4,11]],[[3448,6397],[-12,43]],[[3436,6440],[88,127]],[[3365,6630],[46,-15]],[[3411,6615],[0,-19],[-3,-142],[28,-14]],[[3244,6392],[-39,28]],[[2842,6536],[22,21]],[[2864,6557],[23,-25]],[[2888,6385],[-85,20]],[[2739,6461],[46,27]],[[2785,6488],[57,48]],[[2731,6636],[-13,-70],[67,-78]],[[3484,6671],[41,-20]],[[3411,6615],[73,56]],[[2989,6782],[3,-19]],[[2992,6763],[-41,-21],[-45,-58]],[[2906,6684],[-5,5]],[[2792,6790],[130,-15]],[[3152,6253],[116,101]],[[2679,6904],[134,56]],[[2821,6848],[-55,-11]],[[3120,6304],[62,121]],[[3155,6466],[-36,0]],[[3119,6466],[-72,67]],[[3047,6533],[-5,31],[92,70]],[[3484,6671],[-19,37],[89,63],[33,47]],[[2801,6601],[41,-65]],[[2906,6684],[12,-42],[-70,-57],[16,-28]],[[3066,6377],[53,89]],[[3005,6449],[42,84]],[[3280,6740],[-2,-58]],[[2992,6763],[24,-26],[22,-23],[50,4]],[[3335,6845],[59,4],[22,-9],[20,7],[36,-28],[38,3],[36,36]],[[8824,3783],[6,-29]],[[8830,3754],[0,-109],[80,-93],[45,-118]],[[8955,3434],[-209,-127]],[[8746,3307],[-124,77],[-37,137],[-64,-2]],[[8521,3519],[-17,101],[-63,-9]],[[8441,3611],[-6,34]],[[8435,3645],[176,43],[60,29],[61,34],[25,4],[67,28]],[[8303,3849],[43,30]],[[8346,3879],[10,-103],[56,-22],[-4,-107]],[[8408,3647],[-108,10]],[[8300,3657],[-45,7],[7,30],[50,29],[-8,47]],[[8304,3770],[-1,79]],[[8358,4380],[200,175],[93,148]],[[8651,4703],[125,-20]],[[8776,4683],[331,-213],[-60,-128]],[[9047,4342],[-181,-131],[-66,-224]],[[8800,3987],[21,-120],[54,-49]],[[8875,3818],[-4,-16],[-15,-8],[-15,-3],[-17,-8]],[[8435,3645],[-27,2]],[[8346,3879],[-26,55],[61,28],[-1,73],[58,50],[-13,115],[-1,135],[-66,45]],[[9263,3722],[113,-17],[50,-58]],[[9426,3647],[-75,-67],[-31,-70],[-42,-22],[-32,-54],[-41,-19],[4,-27],[-24,-12],[30,-25],[67,-21]],[[9282,3330],[-94,-55]],[[9188,3275],[-99,-10],[-109,100],[-25,69]],[[8830,3754],[200,39],[23,-70],[-71,-50],[2,-37],[143,29],[45,-35],[88,46],[3,46]],[[9188,3275],[131,-297],[-176,-84],[-35,-120],[-126,-119],[9,-141],[-89,-31]],[[8902,2483],[-23,53]],[[8879,2536],[-33,143],[4,111]],[[8850,2790],[-55,65]],[[8795,2855],[-7,48]],[[8788,2903],[-52,278],[10,126]],[[8929,3901],[7,11]],[[8936,3912],[237,-116],[40,18]],[[9213,3814],[50,-92]],[[8875,3818],[3,14],[5,12],[18,22],[15,7],[12,14],[1,14]],[[9282,3330],[34,-85],[31,-6],[26,-51],[58,-12],[37,-110],[19,-95],[51,-48],[19,-66],[-74,-94],[26,-91],[-42,-75],[-43,-20],[-36,10],[-50,-39],[-17,-80],[-65,-57],[-126,-21],[-80,-29],[-73,-9]],[[8977,2352],[-75,131]],[[5462,3380],[75,-16],[50,-129],[9,-114],[137,-139]],[[5733,2982],[-64,-39]],[[5669,2943],[-101,29],[7,54],[-98,137],[-120,80]],[[5357,3243],[105,137]],[[5150,3243],[92,-25],[115,25]],[[5669,2943],[-75,-57]],[[5594,2886],[-33,-13],[-36,-10],[-16,-18],[-15,1],[-14,6]],[[5480,2852],[-15,115],[-182,31],[-220,227]],[[5383,3703],[435,-7],[104,-79],[17,-121],[-86,-202],[6,-102]],[[5859,3192],[5,-142]],[[5864,3050],[-19,-11],[-28,-26]],[[5817,3013],[-47,174],[-48,10],[-83,-52],[2,105],[-54,163],[-65,17],[-60,-50]],[[5864,3050],[21,4],[39,-6],[28,5],[14,10],[23,-45]],[[5989,3018],[-29,-17],[-25,-61],[78,5]],[[6013,2945],[89,-98]],[[6102,2847],[-20,-112]],[[6082,2735],[-24,-20],[-40,-162],[74,-302],[-59,-79],[8,-69]],[[6041,2103],[-311,229]],[[5730,2332],[-21,119]],[[5709,2451],[62,81],[5,174],[-135,65],[-36,87]],[[5605,2858],[-11,28]],[[5733,2982],[52,10],[32,21]],[[5102,1176],[103,65],[44,217],[83,8],[52,84],[268,-92]],[[5652,1458],[13,-81],[144,-54],[-31,-124]],[[5778,1199],[-22,-18],[-40,-91],[-82,-89],[-34,-8],[-17,36],[-47,-22],[-40,13],[-38,-15],[-13,-33],[-62,-43],[1,-80],[-47,-27],[-72,30],[-62,42],[-4,41],[-26,6]],[[5173,941],[-71,235]],[[5102,1176],[-53,81],[75,201],[35,238],[-21,66],[101,95],[84,-11],[35,69]],[[5358,1915],[154,-136],[41,-110],[117,-63],[-18,-148]],[[4731,1897],[61,17],[90,146],[88,40]],[[4970,2100],[26,-49],[152,51],[156,-47]],[[5304,2055],[54,-140]],[[5173,941],[-68,-36],[-15,-40],[-76,-47],[-63,-7],[-37,49],[-24,51],[15,29],[-60,57],[-14,43],[-53,41],[-8,72],[-82,72],[-38,102],[7,104],[-75,31],[-37,66],[16,43],[44,29]],[[4605,1600],[137,67],[-68,98],[16,102]],[[4690,1867],[41,30]],[[4958,2265],[71,17],[20,-66],[36,9],[97,5],[15,-8],[68,0],[36,12],[34,1],[10,-41],[-41,-139]],[[4970,2100],[-12,165]],[[5479,2502],[90,-27],[100,-148],[61,5]],[[6041,2103],[17,-101],[46,-44],[8,-136],[72,-38],[71,-92],[121,-30]],[[6376,1662],[7,-42],[94,42],[53,-38],[97,-201]],[[6627,1423],[-48,-15],[-19,-27],[12,-80],[-63,-3],[-31,-24],[-38,-6],[-43,-70],[-104,-76],[-43,14],[-31,-55],[-51,-33],[-69,48],[-42,4],[-25,46],[-44,17],[-74,-35],[-33,20],[-17,33],[-86,18]],[[4958,2265],[-22,28]],[[4936,2293],[178,86],[50,64]],[[5164,2443],[197,0],[118,59]],[[9506,4752],[-2,-27],[-6,-33],[82,-146],[-24,-84]],[[9556,4462],[-33,-51],[12,-25],[-37,-37],[-22,-10],[-23,-25]],[[9453,4314],[-14,55]],[[9439,4369],[31,55],[-85,251],[121,77]],[[9973,4340],[90,-9]],[[10063,4331],[52,-29],[38,11],[31,-48],[-3,-65],[-11,-70],[-129,-93],[-55,18],[-30,-40],[15,-37],[4,-68],[-72,9],[-19,-43],[-100,-27],[8,-63],[-39,-36],[-4,-62],[-39,-35]],[[9710,3653],[-105,174],[-45,76],[9,106],[-87,62]],[[9482,4071],[121,93],[136,44],[234,132]],[[9482,4071],[-72,88],[-108,-58],[-31,29]],[[9271,4130],[28,27],[31,16],[23,40]],[[9353,4213],[6,9],[11,8],[83,84]],[[9556,4462],[26,-27],[5,12],[22,23],[10,4],[90,-140],[55,24],[81,63],[32,-10],[14,15],[82,-86]],[[9214,4444],[110,12],[115,-87]],[[9353,4213],[-181,172]],[[9172,4385],[42,59]],[[9599,5045],[24,-53],[-23,-47],[-78,-55],[-16,-138]],[[9214,4444],[-77,109],[-232,201],[-58,-3],[-71,-68]],[[8651,4703],[-142,160]],[[9271,4130],[-2,43]],[[9269,4173],[-34,98],[-85,71],[22,43]],[[10491,4618],[-48,-24],[-73,7],[-86,-112],[-84,-56],[-73,6]],[[10127,4439],[13,85],[60,57],[-35,114],[19,16],[151,83],[-68,104],[-123,-15],[-23,44],[-51,-33],[-159,207]],[[10127,4439],[-64,-108]],[[6489,4106],[-155,-118],[103,-195],[-121,-373]],[[6316,3420],[-29,-58],[23,-31]],[[6310,3331],[-57,-13]],[[6253,3318],[-52,91]],[[6201,3409],[28,60],[-39,162],[35,30],[-57,149],[-104,67]],[[6064,3877],[2,79]],[[6365,2449],[72,50],[63,141],[48,11],[10,-76],[199,62]],[[6757,2637],[241,-372],[83,-196],[60,-4],[13,-128]],[[7154,1937],[-42,-205],[-115,-93]],[[6997,1639],[-52,-22],[-63,0],[-24,-65],[18,-94],[-36,-35],[-62,15],[-30,24],[-40,-7],[-44,8],[-37,-40]],[[6376,1662],[48,46],[-37,88],[-30,174],[29,131],[-21,348]],[[6082,2735],[43,-15],[49,88],[32,109],[96,-2]],[[6302,2915],[20,-54],[30,-31],[31,-40],[-63,-104],[45,-237]],[[6302,2915],[-2,10]],[[6300,2925],[154,13],[167,-86],[61,-104],[62,24]],[[6744,2772],[13,-135]],[[6278,3130],[18,-145],[4,-60]],[[6102,2847],[55,160],[-8,84],[129,39]],[[6278,3130],[70,76]],[[6348,3206],[130,29],[37,-66],[96,-29],[60,-97],[124,-28]],[[6795,3015],[22,-61],[-40,-39],[-33,-143]],[[7462,3665],[-25,-89],[5,-46]],[[7442,3530],[-29,-13],[-31,-221],[-51,-61]],[[7331,3235],[-45,32],[-2,23]],[[7284,3290],[74,130],[1,183],[103,62]],[[7178,4005],[141,107],[84,-8]],[[7403,4104],[-9,-192],[-52,-38]],[[7342,3874],[-121,-49]],[[7221,3825],[-43,180]],[[7726,3540],[28,-49],[-72,-40],[48,-110]],[[7730,3341],[20,-61],[-46,-80],[73,-86]],[[7777,3114],[-14,-112]],[[7763,3002],[-17,-11]],[[7746,2991],[-189,80],[32,284],[-20,120]],[[7569,3475],[-37,119],[123,35],[47,-89],[24,0]],[[6979,4065],[34,90]],[[7013,4155],[78,-4],[34,-154],[53,8]],[[7221,3825],[-28,-24]],[[7193,3801],[-214,264]],[[7540,4145],[41,-136]],[[7581,4009],[-16,-25],[-20,-33],[-2,-87],[-21,-135],[-4,-43]],[[7518,3686],[-56,-21]],[[7284,3290],[-85,29],[-149,159]],[[7050,3478],[-15,189]],[[7035,3667],[24,1],[21,10],[22,23],[22,10],[71,7],[-2,83]],[[7342,3874],[30,-49],[-38,-66],[51,-19],[38,-29],[57,125],[-1,48],[-45,7],[25,180],[81,74]],[[7549,4357],[-53,-181]],[[7496,4176],[-93,-72]],[[7013,4155],[-61,-3],[-45,32]],[[7442,3530],[69,11],[23,-73],[35,7]],[[7746,2991],[-60,-36],[-1,-343],[39,-116]],[[7724,2496],[-149,-59]],[[7575,2437],[-155,132],[-3,202],[-65,100],[14,246],[-35,118]],[[6884,3777],[95,40],[15,71]],[[6994,3888],[81,-66],[-40,-155]],[[7050,3478],[-33,-9]],[[7017,3469],[-62,142],[-14,29]],[[6941,3640],[-19,40],[-38,97]],[[6994,3888],[-11,63],[-61,20],[10,77],[47,17]],[[7496,4176],[44,-31]],[[7581,4009],[72,47],[118,-42]],[[7771,4014],[-53,-256],[4,-97]],[[7722,3661],[-119,23],[-42,5],[-43,-3]],[[7722,3661],[-2,-28]],[[7720,3633],[6,-93]],[[4731,1897],[26,111],[83,96],[-58,91]],[[4782,2195],[43,65],[111,33]],[[4897,3000],[28,-25]],[[4925,2975],[41,-60],[173,-36]],[[5139,2879],[11,-32]],[[5150,2847],[81,-142]],[[5231,2705],[-104,-65]],[[5127,2640],[-50,-46],[-60,-84],[-129,-4],[-59,-22],[-19,4]],[[4810,2488],[86,239],[-35,77]],[[4861,2804],[-19,182]],[[5709,2451],[-205,334],[101,73]],[[5480,2852],[-53,-2],[-27,-8]],[[5400,2842],[-65,40],[-185,-35]],[[5139,2879],[-54,98],[-160,-2]],[[5127,2640],[65,-128],[-28,-69]],[[4782,2195],[-15,-4],[-19,5],[-7,19],[14,57],[15,10],[-3,31],[30,58],[-148,43]],[[4649,2414],[87,184]],[[4736,2598],[63,-77],[11,-33]],[[4507,2242],[35,98],[107,74]],[[4690,1867],[-215,302],[32,73]],[[5479,2502],[-45,172],[-74,78]],[[5360,2752],[12,16],[9,54],[19,20]],[[5360,2752],[-24,-14],[-63,-14],[-42,-19]],[[4457,2255],[50,-13]],[[4605,1600],[-54,40],[-12,75],[-44,-8],[-58,43],[-18,84],[-54,72],[-31,1],[-27,76],[-33,58]],[[4274,2041],[183,214]],[[3708,2880],[141,-37],[45,66],[129,23],[14,-25],[-45,-53],[136,-144]],[[4128,2710],[-115,-93],[-116,8],[-42,-103]],[[3855,2522],[-44,34],[-95,-7],[-74,47],[-32,89],[9,74],[89,121]],[[4137,3751],[93,32]],[[4354,3500],[-38,-22],[21,-85],[-68,-8],[-21,63],[-56,39],[-82,-54],[157,-99],[-15,-38]],[[4252,3296],[-103,45],[-69,-19],[-57,47],[-95,-32],[-36,35]],[[3892,3372],[10,86],[26,48],[-14,63]],[[3914,3569],[72,-13],[179,87],[-28,108]],[[3832,2996],[-78,-44],[-13,57],[-74,10]],[[3667,3019],[68,125],[0,62]],[[3735,3206],[109,-40],[-53,-96],[41,-74]],[[4430,3354],[-56,-186],[19,-44]],[[4393,3124],[-72,-90],[-46,-8]],[[4275,3026],[-45,202],[22,68]],[[3867,4191],[22,-8],[19,-13],[13,19],[-10,36],[6,5]],[[4014,3984],[-86,-42],[-173,61]],[[3755,4003],[58,37],[54,151]],[[3755,4003],[-192,-85]],[[3563,3918],[-33,44],[6,76],[91,32],[54,48],[-10,85],[17,26],[80,-44],[31,-8],[68,14]],[[3735,3206],[58,36],[25,59],[55,41],[19,30]],[[4275,3026],[-3,-39]],[[4272,2987],[-174,128],[-187,-12],[-79,-107]],[[4272,2987],[19,-165]],[[4291,2822],[-10,-5]],[[4281,2817],[-153,-107]],[[3708,2880],[-41,139]],[[3746,3730],[314,61],[77,-40]],[[3914,3569],[-58,-4],[-79,67],[2,40],[-33,58]],[[3746,3730],[-46,21],[-45,-2],[-10,70],[-55,6],[-27,93]],[[9118,4063],[112,-145],[-17,-104]],[[9213,3814],[-157,203],[33,28],[29,18]],[[8800,3987],[77,-5],[52,-81]],[[9710,3653],[-190,-47],[-94,41]],[[9118,4063],[-16,26]],[[9102,4089],[60,29],[32,55],[45,-13],[30,13]],[[9062,4073],[-39,-20],[-46,-38],[-41,-103]],[[9047,4342],[36,-45],[-25,-30],[20,-21],[19,-21],[-66,-103],[31,-49]],[[8197,3971],[40,19],[66,-141]],[[8304,3770],[-161,-99]],[[8143,3671],[-93,42],[-6,44],[102,106],[51,108]],[[8358,4380],[-168,-106],[-18,-62]],[[8172,4212],[-81,-26]],[[8091,4186],[-270,321]],[[7960,3624],[156,-84]],[[8116,3540],[-9,-45],[60,-53]],[[8167,3442],[-157,-167],[-84,-12]],[[7926,3263],[74,210],[-40,151]],[[7720,3633],[206,-28]],[[7926,3605],[-62,-153],[-134,-111]],[[7686,4404],[22,-115],[98,-68],[-38,-54],[47,-85],[112,-8]],[[7927,4074],[-24,-68]],[[7903,4006],[-132,8]],[[7724,4431],[245,-319]],[[7969,4112],[-42,-38]],[[7969,4112],[56,33]],[[8025,4145],[0,-217],[-85,-171],[-10,-122]],[[7930,3635],[-4,-30]],[[7722,3661],[42,20],[48,-7],[34,-4],[46,258],[11,78]],[[8172,4212],[25,-241]],[[8143,3671],[-7,-50]],[[8136,3621],[-20,-81]],[[7960,3624],[-30,11]],[[8025,4145],[66,41]],[[7926,3263],[9,-49]],[[7935,3214],[-60,-109],[-98,9]],[[9062,4073],[40,16]],[[4861,2804],[-61,21],[-135,-98]],[[4665,2727],[-29,112],[14,31],[15,17]],[[4665,2887],[-6,22]],[[4736,2598],[-19,25],[-37,29],[-11,18],[-3,36]],[[4666,2706],[-1,21]],[[4666,2706],[-116,-12]],[[4550,2694],[-122,-22],[12,-116],[-55,-65],[-300,21]],[[4085,2512],[-35,0],[-48,-22],[-35,24],[-112,8]],[[4281,2817],[124,-34],[119,83],[141,21]],[[4042,2197],[44,-21],[179,84],[81,-18],[42,73],[-29,32],[40,21],[67,-37],[-9,-76]],[[4274,2041],[-45,40],[13,39],[-18,15],[-29,-17],[-70,-87],[-58,-10],[-20,-43],[-74,37],[-17,40],[35,114],[51,28]],[[4529,3164],[-14,-14]],[[4515,3150],[-122,-26]],[[4291,2822],[147,105],[13,76],[40,33],[24,114]],[[4550,2694],[87,-127],[-20,-122],[32,-31]],[[4042,2197],[-2,67],[-41,52],[52,93],[-10,47],[44,56]],[[6905,3394],[20,-25],[30,-66],[-37,-125],[-111,-92]],[[6807,3086],[-80,58],[-47,158],[-97,61]],[[6583,3363],[209,111]],[[6792,3474],[85,-92],[28,12]],[[6792,3474],[93,48],[29,-30]],[[6914,3492],[-45,-50],[36,-48]],[[6365,3280],[28,-22],[190,105]],[[6807,3086],[-12,-71]],[[6348,3206],[-12,45]],[[6336,3251],[29,29]],[[6613,4069],[-8,-155],[-30,-70]],[[6575,3844],[-72,-49],[3,-95],[-60,-61],[-1,-108],[-47,-23],[-38,-126]],[[6360,3382],[-44,38]],[[6575,3844],[50,-72],[-35,-27],[-45,-11],[6,-50],[-58,-84],[61,-146]],[[6554,3454],[-126,-74]],[[6428,3380],[-68,2]],[[6428,3380],[15,-25],[-78,-75]],[[6336,3251],[-26,80]],[[7017,3469],[-71,-16],[-32,39]],[[6554,3454],[109,34],[50,36],[35,54]],[[6748,3578],[57,35],[77,6],[59,21]],[[7575,2437],[28,-73],[-98,-208]],[[7505,2156],[-14,-28]],[[7491,2128],[-82,-168],[-165,-72],[-90,49]],[[6884,3777],[-62,-60],[-100,-75],[26,-64]],[[6201,3409],[-86,-18]],[[6115,3391],[-48,108],[-40,92],[37,286]],[[6253,3318],[-170,-40]],[[6083,3278],[32,113]],[[6083,3278],[-224,-86]],[[6013,2945],[-10,15],[-14,58]],[[8300,3657],[-15,-36]],[[8285,3621],[-16,-1],[-133,1]],[[8267,3036],[61,47]],[[8328,3083],[157,-108],[90,14]],[[8575,2989],[213,-86]],[[8795,2855],[-276,-16],[-63,-47],[40,-45],[-127,-57],[-59,-109]],[[8310,2581],[-59,89],[-31,153]],[[8220,2823],[59,94],[-12,119]],[[7935,3214],[107,-64],[36,27],[73,-67]],[[8151,3110],[-26,-33],[-31,-21],[-25,-28]],[[8069,3028],[-65,47],[-82,-9],[-41,-69],[-118,5]],[[8151,3110],[16,10]],[[8167,3120],[100,-84]],[[8220,2823],[-143,76],[-45,84],[37,45]],[[8441,3611],[-44,-6],[-29,1],[-83,15]],[[7724,2496],[90,-33],[281,13],[167,-49]],[[8262,2427],[-41,-177]],[[8221,2250],[-162,-63],[-187,72],[-367,-103]],[[8977,2352],[-14,-100],[-30,-41],[2,-88],[45,-114],[-78,-73],[16,-47],[-28,-39],[1,-56],[-48,5],[-55,-106],[-62,14],[-66,-13],[-56,12],[-164,-9]],[[8440,1697],[-19,108],[-92,58]],[[8329,1863],[46,154]],[[8375,2017],[216,275],[-6,114]],[[8585,2406],[122,30],[172,100]],[[8850,2790],[-151,-103],[-147,-45],[-12,-83],[8,-46]],[[8548,2513],[-241,-24]],[[8307,2489],[3,92]],[[8548,2513],[5,-27],[24,-38],[8,-42]],[[8375,2017],[-115,53],[-39,180]],[[8262,2427],[45,62]],[[8228,3357],[73,1]],[[8301,3358],[35,-75],[126,-72]],[[8462,3211],[-9,-54],[-149,59],[-26,-36],[33,-79],[17,-18]],[[8167,3120],[28,25],[42,87],[-9,125]],[[8462,3211],[100,-65],[13,-157]],[[8329,1863],[-196,-26],[-106,50],[-88,139],[-76,-15],[-135,65],[-188,11],[-49,41]],[[8167,3442],[61,-85]],[[8521,3519],[-71,-21],[-65,47],[-68,-24],[-11,-25],[3,-56]],[[8309,3440],[-45,10],[-3,84],[-145,6]],[[8301,3358],[-4,49],[12,33]],[[8440,1697],[-66,-108],[-56,-40],[4,-134],[-33,-36],[-6,-61],[33,-62],[-20,-42],[-62,-33],[-24,27],[-96,12],[-66,28],[-66,-72],[-160,141],[-69,13],[-67,-97],[-63,-3],[-55,71],[5,86],[-53,40],[-64,6],[-59,109],[-44,13],[-72,-36],[-80,12],[-50,-18],[-121,19],[-33,107]],[[3787,7883],[53,-69],[69,1],[103,-26]],[[4012,7789],[-16,-31],[-1,-36]],[[3995,7722],[-33,28],[-51,19],[-18,-2],[-14,-19],[-15,-5],[-49,-42]],[[3815,7701],[-132,-19],[-70,70],[-38,-30],[-80,-36],[-22,31]],[[3473,7717],[2,36]],[[3475,7753],[17,-1],[15,19],[32,8],[16,17],[18,16],[50,10],[3,14],[33,9],[128,38]],[[3995,7722],[-45,-29],[-59,-16],[-32,-37]],[[3859,7640],[-44,61]],[[3676,8156],[210,-154]],[[3886,8002],[6,-37]],[[3892,7965],[-20,-44],[-85,-38]],[[3475,7753],[-21,20],[-14,47]],[[3440,7820],[163,89],[-67,117],[140,130]],[[4097,7935],[-43,-20],[-47,-39],[5,-87]],[[3892,7965],[75,-38],[88,34],[37,0],[5,-26]],[[3356,7667],[-6,25],[123,25]],[[3859,7640],[1,-34],[-10,-10],[-25,6],[-110,-71],[-95,-119],[-19,-21],[-34,-19],[-23,-32],[-20,-41],[-13,-22],[-6,-28]],[[3983,8605],[-89,-116]],[[3894,8489],[-75,114],[-179,-142]],[[3640,8461],[-25,41],[-27,48],[-46,79]],[[3542,8629],[176,136],[-48,109]],[[3670,8874],[21,19],[34,7],[11,27],[19,3],[64,66],[36,18],[7,20],[23,19],[21,2],[45,62]],[[3951,9117],[13,0]],[[3427,8640],[42,29],[3,39],[-23,26],[0,27],[24,6],[26,28],[45,37],[61,12],[65,30]],[[3542,8629],[-115,11]],[[3894,8489],[-82,-128],[-42,-71],[-39,-59],[-28,-42],[-27,-33]],[[3676,8156],[-62,30]],[[3614,8186],[-120,64]],[[3494,8250],[146,211]],[[2810,8020],[104,-58],[150,113]],[[3064,8075],[56,-138]],[[3120,7937],[5,-51]],[[3125,7886],[-117,-77],[-162,-46],[-162,-20],[-109,-18],[-142,52],[-73,99]],[[2360,7876],[45,42],[35,-54],[280,104],[90,52]],[[3440,7820],[-99,28],[-8,30]],[[3333,7878],[13,49],[268,259]],[[3269,8319],[70,-55]],[[3339,8264],[-275,-189]],[[2810,8020],[51,28],[59,-7],[83,58],[72,143],[100,69],[94,8]],[[3339,8264],[126,-47]],[[3465,8217],[-146,-174],[-199,-106]],[[3494,8250],[-29,-33]],[[3269,8319],[87,83],[-76,37],[-39,63],[43,19],[14,28],[2,19],[-11,16],[-1,17],[13,13],[38,17],[88,9]],[[3333,7878],[-99,50],[-109,-42]],[[4601,8335],[66,-2],[36,-51]],[[4686,8213],[-23,5],[-1,34],[-25,-2],[-49,-54],[-49,33],[62,106]],[[4512,8391],[38,54],[23,-8],[28,-51],[38,32],[33,78]],[[4672,8496],[87,-66],[14,-94]],[[4601,8335],[-89,56]],[[4701,8592],[85,-72],[87,22]],[[4918,8429],[-20,1],[-36,-20],[-5,-11],[9,-13]],[[4672,8496],[-18,35],[47,61]],[[4701,8592],[-98,72]],[[4603,8664],[44,110]],[[4480,8451],[32,-60]],[[4512,8391],[-118,-150],[-33,-28],[42,-87],[10,-20]],[[4413,8106],[-36,-32],[-3,-17],[-18,-17],[-28,-1],[-7,-16],[-50,-18],[-25,-15],[-18,6],[-45,-26],[-7,-12],[-25,-18],[-54,-5]],[[3886,8002],[44,36],[82,49],[27,14],[8,65],[85,21],[12,86],[30,-26],[1,-122],[35,27],[153,121],[117,178]],[[4603,8664],[-61,-125],[-62,-88]],[[2256,7295],[142,39]],[[2398,7334],[99,-114],[31,-35]],[[2242,7141],[14,154]],[[2256,7295],[1,110],[-126,229],[85,66],[76,111]],[[2292,7811],[86,-68],[47,-256],[49,-47],[-76,-106]],[[2292,7811],[68,65]],[[4672,8104],[-20,-6],[-18,-21],[-11,14],[-19,0],[-13,-13],[-59,15],[-15,24],[-27,14],[-29,8],[-48,-33]],[[349,3037],[38,-11],[38,-28],[36,2]],[[461,3000],[-36,-70]],[[425,2930],[-87,25]],[[338,2955],[10,19],[-17,42],[18,21]],[[1232,3592],[39,-33]],[[1271,3559],[-31,-40],[35,-37],[17,-62]],[[1292,3420],[-34,-2],[-109,65]],[[1149,3483],[52,88],[31,21]],[[171,2898],[17,5],[43,-11],[20,5]],[[251,2897],[41,-84]],[[292,2813],[-63,-37]],[[229,2776],[-50,45],[-79,-24]],[[100,2797],[29,48],[3,28],[25,-15],[9,5],[5,35]],[[292,2813],[-15,-64],[80,-40]],[[357,2709],[-51,-42]],[[306,2667],[-68,-7],[-60,20],[-51,-1]],[[127,2679],[15,59],[87,38]],[[631,2769],[175,-22]],[[806,2747],[28,-49]],[[834,2698],[-69,-41],[-150,14],[-18,50]],[[597,2721],[34,48]],[[731,3421],[95,71]],[[826,3492],[7,-73],[63,-38]],[[896,3381],[-21,-28],[0,-31]],[[875,3322],[-51,34],[-57,-35]],[[767,3321],[-20,36]],[[747,3357],[-16,64]],[[526,3056],[27,0],[40,51],[20,-15],[-9,-49],[-18,-27],[6,-20]],[[592,2996],[-10,-7]],[[582,2989],[-17,-16],[24,-70],[-44,-8],[-9,-46],[44,-25]],[[580,2824],[-42,-34],[-1,-43],[-17,-45]],[[520,2702],[-50,81],[-54,-45]],[[416,2738],[-44,118]],[[372,2856],[53,74]],[[461,3000],[29,2],[36,54]],[[758,2954],[29,19],[33,-9],[14,-13],[32,-3],[9,-14],[-5,-29]],[[870,2905],[-57,-39],[10,-30],[-10,-3]],[[813,2833],[-43,48],[-12,73]],[[372,2856],[-80,-43]],[[251,2897],[20,5],[23,26],[44,27]],[[1140,3999],[-17,-38],[-5,-53]],[[127,2679],[-26,-57],[-85,-33],[-16,24],[48,27],[13,24],[-13,28],[52,105]],[[1051,3074],[25,8]],[[1076,3082],[-63,-115]],[[1013,2967],[-24,-67]],[[989,2900],[-36,-25],[-15,4],[10,25],[-4,30],[-13,17]],[[931,2951],[6,15],[30,74]],[[967,3040],[84,34]],[[1076,3082],[12,5]],[[1088,3087],[5,-62],[-32,-56],[-48,-2]],[[1082,3237],[50,24]],[[1132,3261],[43,-41],[35,36],[45,-64]],[[1255,3192],[-36,-48]],[[1219,3144],[-33,-6],[-35,-52]],[[1151,3086],[-12,8]],[[1139,3094],[13,92],[-70,51]],[[738,3653],[55,-39],[-7,-65],[49,-2],[-9,-55]],[[731,3421],[-78,110],[-3,62],[49,54],[39,6]],[[1119,3443],[78,-74]],[[1197,3369],[-65,-108]],[[1082,3237],[-34,36]],[[1048,3273],[-7,45],[10,77],[23,40],[45,8]],[[1082,3237],[-61,-76],[30,-87]],[[967,3040],[-14,67]],[[953,3107],[95,166]],[[582,2989],[52,-119]],[[634,2870],[-10,-49]],[[624,2821],[-44,3]],[[1119,3443],[30,40]],[[1292,3420],[-22,-38]],[[1270,3382],[-73,-13]],[[221,3186],[-35,-81]],[[186,3105],[65,-208]],[[171,2898],[6,37],[-55,51],[-84,39],[34,44],[1,41],[36,52],[41,-1],[9,26],[62,-1]],[[718,3175],[39,36],[26,24]],[[783,3235],[56,-25],[19,-9]],[[858,3201],[16,-36],[1,-32],[1,-26],[-23,-25],[-6,-6],[26,-16],[80,47]],[[931,2951],[-18,3],[-6,-25],[-16,-38],[-21,14]],[[758,2954],[-1,63],[-65,0],[-6,37]],[[686,3054],[17,36],[20,45],[-12,12],[7,28]],[[826,3492],[123,-16]],[[949,3476],[-15,-45],[-21,-11],[-17,-39]],[[767,3321],[16,-86]],[[718,3175],[-23,20]],[[695,3195],[-45,97]],[[650,3292],[53,22],[44,43]],[[1292,3420],[58,-44],[-4,-29],[27,-7],[53,36],[44,63],[33,-4],[-2,-27],[-14,-31]],[[1487,3377],[-65,-68],[-58,-19],[-44,14]],[[1320,3304],[-50,78]],[[1232,3592],[32,58],[-3,33],[42,-8],[17,-74],[-20,-28],[-29,-14]],[[1487,3377],[59,15],[15,-21],[-13,-70],[-60,-127]],[[1488,3174],[-62,14],[-130,-28],[-21,37]],[[1275,3197],[-16,64],[61,43]],[[416,2738],[-59,-29]],[[653,3017],[33,37]],[[813,2833],[-1,-13]],[[812,2820],[-129,63]],[[683,2883],[-30,134]],[[1275,3197],[-20,-5]],[[407,3258],[42,58],[37,25],[29,-27],[84,32],[51,-54]],[[695,3195],[-184,-46]],[[511,3149],[-104,109]],[[592,2996],[33,-7],[28,28]],[[683,2883],[-49,-13]],[[624,2821],[7,-52]],[[597,2721],[-25,-4],[-52,-15]],[[812,2820],[-6,-73]],[[875,3322],[-9,-80],[-8,-41]],[[1488,3174],[-85,-64],[-71,-17],[-48,-33],[-36,4]],[[1248,3064],[30,62],[-59,18]],[[1248,3064],[-73,-27]],[[1175,3037],[-24,49]],[[186,3105],[163,-68]],[[221,3186],[56,71],[40,17],[42,28],[48,-44]],[[511,3149],[15,-93]],[[520,2702],[-84,14],[-21,-51],[-61,-40],[-48,42]],[[1088,3087],[51,7]],[[1175,3037],[-25,-45],[-49,-26],[-35,-47],[-58,-26]],[[1008,2893],[-19,7]],[[813,2833],[148,-65]],[[961,2768],[-127,-70]],[[957,3638],[-14,-84],[15,-40],[-9,-38]],[[738,3653],[-10,45],[8,58],[22,33]],[[1008,2893],[11,-75],[-58,-50]],[[5517,10487],[104,-40]],[[5621,10447],[-9,-75]],[[5612,10372],[-126,-158],[-125,54]],[[5361,10268],[89,157]],[[5450,10425],[67,62]],[[5552,10664],[115,-20],[71,-98],[77,1]],[[5815,10547],[-32,-81]],[[5783,10466],[-162,-19]],[[5517,10487],[-9,145],[44,32]],[[5971,10205],[76,-16]],[[6047,10189],[14,-137],[-33,-35],[1,-20]],[[6024,9995],[-45,2]],[[5979,9997],[-9,2]],[[5970,9999],[1,206]],[[6489,10411],[26,-241],[-64,-33],[-47,114],[65,174]],[[6047,10189],[-3,71]],[[6044,10260],[46,54]],[[6090,10314],[29,-10],[66,-28],[43,-123],[44,24]],[[6272,10177],[141,-43],[8,-120]],[[6102,10519],[23,9],[89,8],[87,-9]],[[6395,10454],[-149,-151],[26,-126]],[[6090,10314],[-4,54],[1,22],[-11,18],[11,19],[3,16],[-10,14],[2,22],[20,40]],[[5802,10268],[81,70]],[[5883,10338],[79,-75]],[[5962,10263],[9,-58]],[[5970,9999],[-152,22],[-16,247]],[[5815,10547],[261,9]],[[6076,10556],[26,-37]],[[6044,10260],[-23,30],[-59,-27]],[[5883,10338],[-100,128]],[[5802,10268],[-98,17],[-92,87]],[[5878,10729],[54,68]],[[6063,10689],[-185,40]],[[6752,10119],[-142,67],[8,95],[202,-4]],[[5827,10602],[205,0]],[[6032,10602],[30,-3],[14,-43]],[[5815,10547],[12,55]],[[6088,10687],[-56,-85]],[[5827,10602],[-11,75],[62,52]],[[5592,10740],[97,37],[54,48],[51,-16],[38,34],[108,11]],[[5552,10664],[-7,32],[47,44]],[[5131,9970],[36,-14],[100,120],[98,-47],[-74,-105]],[[5244,9917],[-38,-41],[-124,36]],[[5082,9912],[-5,35],[54,23]],[[5979,9997],[-127,-113]],[[5131,9970],[95,142]],[[5226,10112],[135,156]],[[4666,9852],[56,1]],[[4722,9853],[-38,-65],[150,-106],[-36,-87]],[[4794,9586],[-240,156],[22,69],[90,41]],[[3951,9117],[-57,6],[-23,40],[102,52],[20,26],[22,-1],[4,45],[28,51],[38,30]],[[4085,9366],[111,-9],[123,-118]],[[4530,9262],[-50,-2],[-52,105]],[[4428,9365],[43,63]],[[4471,9428],[134,26],[31,88]],[[4636,9542],[114,-42]],[[4828,9952],[42,-22],[-148,-77]],[[4666,9852],[-18,45],[-93,-39],[-21,87]],[[4534,9945],[50,39]],[[4584,9984],[10,-26],[82,-36],[152,30]],[[4977,9759],[47,-38],[157,45]],[[4888,9632],[20,111],[69,16]],[[4982,9883],[100,29]],[[4977,9759],[37,104],[-32,20]],[[4828,9952],[65,96]],[[4893,10048],[73,-1]],[[4966,10047],[20,-61],[-84,-65],[-24,-62],[37,-17],[67,41]],[[4348,9252],[22,10],[-25,62],[83,41]],[[4358,9567],[61,78],[13,18],[70,0],[134,-121]],[[4471,9428],[-29,142],[-84,-3]],[[4311,9551],[47,16]],[[4085,9366],[169,153],[57,32]],[[4311,9551],[40,64],[-22,48],[22,105],[-48,110],[29,30],[62,14],[44,-6],[24,24],[72,5]],[[4966,10047],[93,82],[54,24],[14,36],[48,-27],[24,-22],[27,-28]],[[4701,10144],[44,-57],[88,12],[60,-51]],[[4584,9984],[39,72],[-29,46],[20,31],[87,11]],[[5077,10882],[125,-38]],[[5202,10844],[0,-89]],[[5202,10755],[-72,-90]],[[5130,10665],[-123,30]],[[5007,10695],[-27,124]],[[4980,10819],[97,63]],[[4718,11216],[-156,-192]],[[4562,11024],[-39,-1],[-28,70],[10,46],[-16,59],[94,53],[69,9],[66,-44]],[[4564,10995],[62,-33],[30,-77]],[[4656,10885],[17,-88]],[[4673,10797],[-23,-11]],[[4650,10786],[-89,-57]],[[4561,10729],[-93,-18]],[[4468,10711],[-61,115]],[[4407,10826],[28,72],[108,15],[21,82]],[[4852,11007],[202,-5]],[[5054,11002],[23,-120]],[[4980,10819],[-129,38]],[[4851,10857],[-3,57]],[[4848,10914],[4,93]],[[5202,10755],[99,-67],[32,-81],[13,-78],[-43,-26]],[[5303,10503],[-46,-19]],[[5257,10484],[-127,181]],[[4656,10885],[192,29]],[[4851,10857],[-32,-69],[-97,-25],[-49,34]],[[5257,10484],[-145,-31],[-187,-52],[-5,2]],[[4920,10403],[45,73],[-11,184]],[[4954,10660],[53,35]],[[4650,10786],[100,-82],[47,-100]],[[4797,10604],[-115,-39]],[[4682,10565],[-121,164]],[[4468,10711],[-59,-77],[-29,-1]],[[4380,10633],[-81,5]],[[4299,10638],[9,173],[99,15]],[[4797,10604],[24,-3],[133,59]],[[4920,10403],[-147,6],[-72,-14]],[[4701,10395],[-93,31]],[[4608,10426],[74,139]],[[4380,10633],[-46,-157],[27,-45],[-47,2],[-5,45],[-125,-4],[-27,17]],[[4157,10491],[10,84],[26,16],[-3,49],[109,-2]],[[5054,11002],[5,12]],[[5059,11014],[53,-37],[199,25]],[[5311,11002],[0,-50],[-35,-84]],[[5276,10868],[-74,-24]],[[4718,11216],[14,2],[105,-19],[39,-43]],[[4876,11156],[-4,-90],[-32,-24],[12,-35]],[[4564,10995],[-2,29]],[[4701,10144],[50,6],[46,31],[23,61],[-88,36],[22,73],[-44,8],[-9,36]],[[5303,10503],[11,-35],[27,-24],[109,-19]],[[4608,10426],[-49,-60],[-118,-17],[-163,-13],[-57,-18],[-61,24],[-114,-33],[20,122],[48,48],[43,12]],[[5276,10868],[94,-26],[42,-14],[79,27],[62,-15],[39,-100]],[[4876,11156],[45,35],[44,18],[67,-10]],[[5032,11199],[31,-61],[39,-40],[-43,-84]],[[5032,11199],[67,57],[52,-12],[55,-37],[26,-37],[85,8],[86,19],[11,-34],[-35,-25],[-68,-136]],[[11894,11270],[-34,-7],[-47,-74],[20,-95],[54,-52],[-6,0]],[[11881,11042],[-1,0]],[[11880,11042],[-19,-6],[1,-26],[-10,-5]],[[11852,11005],[-12,5],[-6,23],[-1,0]],[[11833,11033],[-27,38],[-64,14],[28,118],[-51,68]],[[11719,11271],[23,35]],[[11742,11306],[55,-9],[12,107]],[[11809,11404],[27,-1],[6,9]],[[11842,11412],[9,0],[39,-38],[4,-104]],[[11083,10481],[10,-54],[-21,-27],[-2,0]],[[11070,10400],[-5,13]],[[11063,10218],[-27,-35],[-63,-29],[-77,-35]],[[10896,10119],[-4,106]],[[10892,10225],[18,37],[49,11],[-10,31],[35,26],[-8,66],[22,32]],[[10998,10428],[43,90]],[[11041,10518],[42,-37]],[[12171,11126],[-15,30],[-22,-12],[-54,32],[-7,64],[-105,7],[-9,-25]],[[11959,11222],[-65,48]],[[11842,11412],[2,4],[17,30],[73,131]],[[11934,11577],[88,-21],[1,0],[41,-63],[-20,-19],[-70,-64],[20,-16],[13,-11],[15,-12]],[[12022,11371],[88,-2]],[[12110,11369],[11,-30],[-82,-48],[40,-49],[11,-14]],[[12090,11228],[62,2]],[[12152,11230],[10,-46]],[[12162,11184],[5,-30],[4,-28]],[[10892,10225],[0,1],[-66,98]],[[10826,10324],[-14,35]],[[10812,10359],[78,98],[-18,23],[19,24]],[[10891,10504],[107,-76]],[[12171,11126],[-59,-51],[-40,-14],[-102,-43]],[[11970,11018],[-15,18],[-4,36],[-10,4]],[[11941,11076],[-28,94],[46,52]],[[11016,10540],[25,-22]],[[10891,10504],[8,31],[-32,15],[32,42]],[[10899,10592],[117,-52]],[[11833,11033],[-29,-12],[-50,-68]],[[11754,10953],[-24,12],[8,95],[-27,18],[-77,107]],[[11634,11185],[-1,0],[0,1],[64,54],[-14,26],[36,5]],[[11111,10635],[57,-59]],[[11168,10576],[-85,-95]],[[11016,10540],[14,32],[-41,99]],[[10989,10671],[47,-2],[42,-48],[33,14]],[[11742,11306],[7,100]],[[11749,11406],[59,-2],[1,0]],[[11228,10555],[95,-90],[50,-47],[19,-41],[14,-34],[-148,-34],[-82,-19],[-15,-3],[-15,-3]],[[11120,10324],[-6,2],[-20,4]],[[11071,10398],[-1,2]],[[11168,10576],[59,-21],[1,0]],[[11634,11185],[-39,-29]],[[11595,11156],[-51,49]],[[11544,11205],[-10,47]],[[11534,11252],[9,102],[1,17]],[[11544,11371],[28,-4],[17,11],[16,1],[6,5],[73,98]],[[11684,11482],[24,-2]],[[11708,11480],[2,-72]],[[11710,11408],[37,-1],[2,-1]],[[10812,10359],[-4,10],[-80,48],[24,41],[-92,37],[98,142]],[[10758,10637],[20,26]],[[10778,10663],[6,-16],[115,-55]],[[11941,11076],[-2,1]],[[11939,11077],[-19,-43],[-16,-5]],[[11904,11029],[-23,13]],[[10778,10663],[10,13],[-47,31],[21,33]],[[10762,10740],[52,46],[2,2]],[[10816,10788],[8,-25],[58,-57],[107,-35]],[[11142,10727],[-1,0],[-30,-92]],[[10816,10788],[65,56]],[[10881,10844],[111,-11],[115,-11]],[[11107,10822],[-5,-63],[40,-32]],[[11142,10727],[43,28]],[[11185,10755],[1,-55],[63,-19],[38,-12]],[[11287,10669],[-59,-114]],[[9582,8861],[-10,-18],[-12,-17]],[[10670,7923],[-27,5],[-46,6]],[[12243,8663],[-18,-11],[-11,-6]],[[14284,8923],[-1,-12],[-1,-13]],[[12428,12274],[80,-26],[37,17],[38,0],[48,38],[50,-6],[94,76],[32,-3],[24,14],[7,26],[37,17],[50,35],[31,39],[16,28],[-3,20],[-48,55],[-92,29],[-61,48],[-52,19],[-25,23],[1,31],[27,26],[52,15],[60,-11],[170,-97],[12,25],[-42,26],[-31,35],[-45,12],[-25,31],[16,20],[33,-2],[31,-35],[85,-50],[191,-92],[142,-71],[30,-49],[5,-28],[-38,-10],[-65,5],[-47,49],[-55,36],[-39,1],[-13,28],[-25,-1],[9,-34],[-12,-19],[12,-20],[-3,-20],[162,-62],[47,14],[83,5],[26,-47],[24,-47],[63,-13],[94,21],[191,-51],[45,24],[-34,62],[5,42],[-38,52],[-62,50],[20,18],[36,5],[-1,30],[-39,9],[-34,-44],[-18,15],[5,45],[-10,44],[-5,44],[-20,55],[-35,14],[-34,28],[-27,27],[-7,16],[-11,3],[-17,-11],[-29,1],[-100,85],[-88,37],[-104,77],[-85,107],[-70,51],[17,42],[19,10],[-4,26],[19,3],[47,-24],[30,7],[44,-52],[97,-72],[47,-13],[92,-74],[22,-51],[46,-26],[36,0],[126,-66],[50,-42],[72,-21],[65,-45],[5,-105],[47,-70],[52,-51],[164,-121],[110,-63],[46,-7],[32,-31],[66,-38],[39,-3],[60,36],[58,0],[22,18],[128,-10],[64,-60],[33,5],[54,-31],[40,-23],[25,17],[35,-10],[33,18],[59,-32],[11,-30],[53,-61],[5,-60],[21,-38],[18,-5],[5,-56],[29,-60],[36,-14],[36,-43],[53,-16],[42,-3],[85,23],[30,-12],[27,-81],[43,-24],[47,13],[48,-26],[23,-36],[37,-24],[75,9],[38,-5],[19,-37],[-31,-15],[-9,-15],[24,-20],[27,-2],[21,46],[85,10],[36,-31],[30,-45],[10,-29],[50,-30],[40,-53],[9,-59],[-14,-29],[-25,-12],[-142,20],[-42,-15],[-41,-20],[-3,-62],[-41,-31],[-17,0],[-6,28],[-30,16],[-29,-6],[-27,-45],[-18,-1],[-34,38],[-9,32],[40,40],[-27,10],[-36,-42],[-41,-42],[-62,-36],[-39,-10],[-46,2],[-67,45],[-18,33],[-28,-1]],[[13712,12299],[-17,52],[-65,17],[-21,-9]],[[13253,1892],[36,29],[41,9],[31,18],[16,-8],[66,-2],[92,6],[43,17],[16,24],[47,32],[14,4],[27,-19],[10,-30],[-12,-17],[-30,-31],[-15,-8],[-23,-18],[-3,-14],[-53,-36],[-32,2],[-16,-6],[-28,10],[-32,5],[-41,5],[-24,5],[-18,-4],[-25,3],[-27,-19],[-50,-54]],[[13059,1678],[-15,-24],[2,-31],[-21,-22],[0,-19],[-9,-30]],[[12805,1240],[-26,-16],[-16,-43],[-12,-13],[-19,6],[-10,13],[14,47],[-3,32],[-36,27],[-12,35],[-7,45],[13,33],[13,12],[0,21],[-11,11],[-7,12],[6,19],[-10,12],[-55,-6],[-11,13],[-27,14],[-29,27],[-4,22]],[[12089,2432],[-83,-8],[-8,-57],[-60,-60],[-3,-32],[48,-71],[14,-110],[-8,-76],[53,-30],[33,-66],[-17,-105],[-60,-69],[-89,-56],[-7,-50],[-68,-76],[-141,-106],[1,-65],[-47,-13],[-69,-79],[-74,-39],[-24,-46],[40,-31],[-11,-19],[-66,3],[-39,-93],[29,-70],[54,-170],[34,-24],[33,-147],[-29,-27],[-52,-30],[-5,-83],[-40,-41],[-81,11],[-45,-19],[-20,-125],[106,-147],[44,-64],[11,-72],[88,-25],[37,-22],[0,-23],[-42,12],[-85,8],[-47,-18],[-28,96],[-57,51],[-27,99],[-64,57],[-36,164],[30,111],[45,-3],[40,39],[35,126],[-38,179],[-52,75],[-145,64],[-71,147],[-73,71],[-24,40],[51,55],[71,-6],[124,-58],[37,-56],[55,-36],[54,126],[190,128],[40,100],[99,129],[51,105],[56,81],[100,29],[51,46],[-19,52],[-4,87],[-52,125],[-22,123],[24,61]],[[3688,4229],[-21,3],[-33,-8],[-140,51],[-8,12],[-36,11],[-60,4],[-44,19],[-121,4],[-86,-5],[-29,-13],[-28,-2],[-41,6],[-76,4],[-74,-17],[-152,-14],[-168,-41],[-32,11],[-22,17],[-49,30],[-26,8],[-27,-6],[-22,-15],[-48,-19],[-35,-32],[-7,-16],[-2,-56],[-22,-40],[-202,-95],[-74,0],[-41,-59],[-25,-7],[-20,-45],[-20,-14],[-63,21],[-57,30],[-15,42],[-22,26],[-8,26],[4,28],[-33,21],[-72,-1],[-100,-23],[-6,-12],[-51,-36],[-35,-38],[-19,-11],[-4,-9],[2,-20],[-45,-81],[-46,-55],[8,-20],[-38,-90],[-36,-20]]],"transform":{"scale":[17.921079885453988,17.537428303071966],"translate":[2485202.2317714165,1064131.9945786665]},"objects":{"K4suis_18480101_gf":{"type":"GeometryCollection","geometries":[{"arcs":[[[0,1,2,3,4,5,6,7,8,9,10,11,12,13,14,15,16,17,18,19,20,21,22,23,24,25,26,27,28,29,30,31,32,33,34,35,36,37,38,39,40,41,42,43,44,45,46,47,48,49,50,51,52,53,54,55,56,57,58,59,60,61,62,63,64,65,66,67,68,69,70,71,72,73,74,75,76,77,78,79,80,81,82,83,84,85,86,87,88,89,90,91,92,93,94,95,96,97,98,99,100,101,102,103,104,105,106,107,108,109,110,111,112,113,114,115,116,117,118,119,120,121,122,123,124,125,126,127,128,129,130,131,132,133,134,135,136,137,138,139,140,141,142,143,144,145,146,147,148,149,150,151,152,153,154,155,156,157,158,159,160,161,162,163,164,165],[166,167,168,169,170],[171,172,173,174,175,176,177,178,179,180,181,182,183,184,185,186,187],[188,189,190],[191,192,193,194,195,196,197],[198,199,200,201,202,203,204,205,206,207,208,209,210,211,212,213,214],[215,216],[217,218,219,220],[221,222,223,224],[225],[226,227,228,229,230,231,232,233,234,235,236,237,238,239,240,241,242,243],[244,245,246,247],[248,249,250,251,252],[253,254],[255,256],[257,258],[259,260,261,262,263,264,265],[266,267],[268,269,270,271,272],[273,274,275,276,277],[278,279]],[[280,281,282,283,284,285,286,287,288,289,290]]],"type":"MultiPolygon","properties":{"id":"1","name":"Schweiz/Suisse/Svizzera/Svizra"}}]},"k4kant_20260101_gf_ohne_seen":{"type":"GeometryCollection","geometries":[{"arcs":[[291,292,293,294,295,296,297,298,299,300,301,302,162,163,303,304,305,165,0,306,307,308,166,309,310,311,312,313,314,315,316,317,318,319,320,321,322,323,324]],"type":"Polygon","properties":{"kantId":1,"kantName":"Zürich"}},{"arcs":[[[325,326,327]],[[328,329,330,331,332,333,334,335,336,337,338,339,340,341,342,343,344,345,346,213,347,-200,348,349,350,351,352,353,354,355,356,357,358,359,360,361,362,363,364,365,366,367,368,369,370,371,372,373,374,375,376,377,378,379,380,381,382,383,384,385,386,387,388,389,390,391,392,393,394,395,396,397,398,399,400,401,402,403,404,405,406,407,408,409,410,411,412,413,414,415,416,417,418,419,420,421,422,423,424,425,426,427,428,429,430,431,432,433,434,435,436,437,438],[439,440],[441]]],"type":"MultiPolygon","properties":{"kantId":2,"kantName":"Bern / Berne"}},{"arcs":[[442,443,-419,-418,-417,-416,-415,-414,-413,-412,-411,-410,444,445,446,447,448,449,450,451,452,453,454,455,456,457,458,459,460,461,462,463,464,465,466,467,468,469,470,471,472,242,473,474,475,476,477,478,479,480,481]],"type":"Polygon","properties":{"kantId":3,"kantName":"Luzern"}},{"arcs":[[482,483,-428,-427,484,485,486,487,488,489,490,491,492,493,494]],"type":"Polygon","properties":{"kantId":4,"kantName":"Uri"}},{"arcs":[[-490,-489,495,496,-474,-243,-473,-472,497,-470,-469,-468,-467,-466,498,499,500,501,-325,-324,-323,502,503,504,505,506,507,508,509]],"type":"Polygon","properties":{"kantId":5,"kantName":"Schwyz"}},{"arcs":[[[510,-485,-426]],[[-444,511,-482,-481,512,513,514,515,516,517,-424,-423,-422,-421,-420]]],"type":"MultiPolygon","properties":{"kantId":6,"kantName":"Obwalden"}},{"arcs":[[-511,-425,-518,-517,-516,-515,-514,-513,-480,-479,-478,-477,-476,-475,-497,518,-488,-487,-486]],"type":"Polygon","properties":{"kantId":7,"kantName":"Nidwalden"}},{"arcs":[[519,520,521,522,523,524,-491,-510,-509,-508,-507]],"type":"Polygon","properties":{"kantId":8,"kantName":"Glarus"}},{"arcs":[[525,526,-298,-297,-296,-295,-294,-293,-292,-502,-501,-500,-499,-465,-464]],"type":"Polygon","properties":{"kantId":9,"kantName":"Zug"}},{"arcs":[[[-441,527]],[[528,529,530,531,532]],[[533,534,535,536]],[[537,538,539,540,541,542,543,544,545,546,212,-347,-346,-345,-344,-343,-342,-341,-340,-339,-338,-337,-336,-335,-334,-333,-332,547,548,549,550,551,552,553,554,555,556,557,558,559,560,561,562,563,564,565,566,567,568,569],[-328,-327,-326]],[[570,571,572,573,574,575,576,577,578,579]]],"type":"MultiPolygon","properties":{"kantId":10,"kantName":"Fribourg / Freiburg"}},{"arcs":[[[-442]],[[580,581,140]],[[582,583,584,585,586,142,143]],[[-408,-407,-406,-405,-404,-403,-402,-401,-400,-399,-398,-397,-396,-395,-394,-393,-392,-391,-390,-389,-388,-387,-386,-385,-384,-383,-382,-381,-380,-379,-378,587,588,589,590,591,592,593,594,595,596,597,598,599,600,601,602,603,604,605,606,607,608,609,610,611,612,613,614,615,616,617]]],"type":"MultiPolygon","properties":{"kantId":11,"kantName":"Solothurn"}},{"arcs":[[618,619,620,621,622,623,146,147]],"type":"Polygon","properties":{"kantId":12,"kantName":"Basel-Stadt"}},{"arcs":[[141,-587,-586,-585,-584,-583,144,145,-624,-623,-622,-621,-620,-619,148,149,150,624,625,626,627,628,629,-608,-607,-606,-605,-604,-603,-602,-601,-600,-599,-598,-597,-596,-595,-594,-593,-592,630,631,632,633,139,-582,-581]],"type":"Polygon","properties":{"kantId":13,"kantName":"Basel-Landschaft"}},{"arcs":[[[164,-306,-305,-304]],[[634,13,635]],[[636,169,170,-309,-308,-307,1,2,3,4,5,6,7,8,9,10,11]]],"type":"MultiPolygon","properties":{"kantId":14,"kantName":"Schaffhausen"}},{"arcs":[[637,638,639,640,641,642,643,644,645,646,647,648,649,650,651,652,653,654,655,656,657,658,659,660,661,662,663,664]],"type":"Polygon","properties":{"kantId":15,"kantName":"Appenzell Ausserrhoden"}},{"arcs":[[[665,-658,-657,-656]],[[666,-654]],[[667,668,-665,-664,-663,-662,-661,-660]]],"type":"MultiPolygon","properties":{"kantId":16,"kantName":"Appenzell Innerrhoden"}},{"arcs":[[-523,-522,-521,-520,-506,-505,-504,-503,-322,-321,-320,-319,-318,669,670,671,672,673,674,675,676,677,678,679,680,681,682,683,684,685,28,29,30,31,32,686,687,688,689],[-669,-668,-659,-666,-655,-667,-653,-652,-651,-650,-649,-648,-647,-646,-645,-644,-643,-642,-641,-640,-639,-638],[690,691,692]],"type":"Polygon","properties":{"kantId":17,"kantName":"St. Gallen"}},{"arcs":[[693,694,695,696,697,698,699,700,701,702,703,704,-494,-493,-492,-525,-524,-690,-689,-688,-687,33,34,35,36,37,38,39,40,41,42,43,44,45,46,47,48,49,50,51]],"type":"Polygon","properties":{"kantId":18,"kantName":"Graubünden / Grigioni / Grischun"}},{"arcs":[[-409,-618,-617,-616,-615,-614,-613,-612,-611,-610,-609,-630,-629,-628,-627,-626,-625,151,152,153,154,155,156,157,158,159,160,161,-303,-302,-301,-300,-299,-527,-526,-463,-462,-461,-460,-459,-458,-457,-456,-455,-454,-453,-452,-451,-450,-449,-448,-447,-446,-445]],"type":"Polygon","properties":{"kantId":19,"kantName":"Aargau"}},{"arcs":[[[-693,-692,-691]],[[-317,-316,-315,-314,-313,-312,-311,-310,167,168,-637,12,-635,705,17,18,706,-685,-684,-683,-682,-681,-680,-679,-678,-677,-676,-675,-674,-673,-672,-671,-670]]],"type":"MultiPolygon","properties":{"kantId":20,"kantName":"Thurgau"}},{"arcs":[[707,-495,-705,-704,-703,-702,-701,-700,-699,-698,-697,-696,-695,-694,52,53,708,290,280,281,282,283,284,709,61,710,66,67,68,69],[288,711]],"type":"Polygon","properties":{"kantId":21,"kantName":"Ticino"}},{"arcs":[[[712,-214,-213,-547,-546,-545,-544,-543,-542,-541,-540,-539]],[[114,115,116,117,118,119,120,713,714,715,716,717,-580,-579,-578,-577,-576,-575,-574,-573,-572,718,-570,-569,-568,-567,-566,-565,-564,-563,-562,-561,-560,-559,-558,-557,-556,-555,-554,-553,-552,-551,-550,-549,-548,-331,-330,-329,719,720,721,722,723,724,725,726,727,728,729,730,731,732,733,734,735,736,737,738],[-533,-532,-531,-530,-529],[-537,-536,-535,-534]]],"type":"MultiPolygon","properties":{"kantId":22,"kantName":"Vaud"}},{"arcs":[[-732,-731,-730,-729,-728,-727,-726,-725,-724,-723,-722,-721,-720,-439,-438,-437,-436,-435,-434,-433,-432,-431,-430,-429,-484,-483,-708,70,71,72,73,74,75,76,77,78,79,80,81,82,83,84,85,86,739]],"type":"Polygon","properties":{"kantId":23,"kantName":"Valais / Wallis"}},{"arcs":[[121,122,123,124,125,740,-357,-356,-355,-354,-353,-352,-351,-350,-349,199,-348,-713,-538,-719,-571,-718,-717,-716,-715,-714]],"type":"Polygon","properties":{"kantId":24,"kantName":"Neuchâtel"}},{"arcs":[[[741,742]],[[743,-736,-735,-734]],[[-739,-738,744,106,107,108,109,110,111,112,113]]],"type":"MultiPolygon","properties":{"kantId":25,"kantName":"Genève"}},{"arcs":[[-741,126,127,128,129,130,131,132,133,134,135,136,137,138,-634,-633,-632,-631,-591,-590,-589,-588,-377,-376,-375,-374,-373,-372,-371,-370,-369,-368,-367,-366,-365,-364,-363,-362,-361,-360,-359,-358]],"type":"Polygon","properties":{"kantId":26,"kantName":"Jura"}}]},"k4bezk_20260101_gf":{"type":"GeometryCollection","geometries":[{"arcs":[[745,746,747,748,749,750]],"type":"Polygon","properties":{"bezkId":101,"bezkName":"Affoltern","kantId":1,"kantName":"Zürich"}},{"arcs":[[751,752,753,754,755,756,757]],"type":"Polygon","properties":{"bezkId":102,"bezkName":"Andelfingen","kantId":1,"kantName":"Zürich"}},{"arcs":[[758,759,-752,760,761,762,763,764]],"type":"Polygon","properties":{"bezkId":103,"bezkName":"Bülach","kantId":1,"kantName":"Zürich"}},{"arcs":[[765,766,767,-765,768,769]],"type":"Polygon","properties":{"bezkId":104,"bezkName":"Dielsdorf","kantId":1,"kantName":"Zürich"}},{"arcs":[[770,771,772,773,774]],"type":"Polygon","properties":{"bezkId":105,"bezkName":"Hinwil","kantId":1,"kantName":"Zürich"}},{"arcs":[[775,-750,776,777,778]],"type":"Polygon","properties":{"bezkId":106,"bezkName":"Horgen","kantId":1,"kantName":"Zürich"}},{"arcs":[[779,780,-771,781,782]],"type":"Polygon","properties":{"bezkId":107,"bezkName":"Meilen","kantId":1,"kantName":"Zürich"}},{"arcs":[[783,-762,784,785,-773]],"type":"Polygon","properties":{"bezkId":108,"bezkName":"Pfäffikon","kantId":1,"kantName":"Zürich"}},{"arcs":[[-772,-781,786,-763,-784],[787]],"type":"Polygon","properties":{"bezkId":109,"bezkName":"Uster","kantId":1,"kantName":"Zürich"}},{"arcs":[[-758,788,789,-785,-761]],"type":"Polygon","properties":{"bezkId":110,"bezkName":"Winterthur","kantId":1,"kantName":"Zürich"}},{"arcs":[[790,791,-770,792,-748]],"type":"Polygon","properties":{"bezkId":111,"bezkName":"Dietikon","kantId":1,"kantName":"Zürich"}},{"arcs":[[-780,793,-777,-749,-793,-769,-764,-787]],"type":"Polygon","properties":{"bezkId":112,"bezkName":"Zürich","kantId":1,"kantName":"Zürich"}},{"arcs":[[794,795,796,797,368,798,370,799,372,800,801,802,803,804,805,806]],"type":"Polygon","properties":{"bezkId":241,"bezkName":"Jura bernois","kantId":2,"kantName":"Bern"}},{"arcs":[[[807,808]],[[809,-806,810,811]]],"type":"MultiPolygon","properties":{"bezkId":242,"bezkName":"Biel/Bienne","kantId":2,"kantName":"Bern"}},{"arcs":[[812,813,814,-808,815,-812,816,817,818,819]],"type":"Polygon","properties":{"bezkId":243,"bezkName":"Seeland","kantId":2,"kantName":"Bern"}},{"arcs":[[820,821,822,823,824,825,826],[827]],"type":"Polygon","properties":{"bezkId":244,"bezkName":"Oberaargau","kantId":2,"kantName":"Bern"}},{"arcs":[[828,829,-827,830,831,832,833,834]],"type":"Polygon","properties":{"bezkId":245,"bezkName":"Emmental","kantId":2,"kantName":"Bern"}},{"arcs":[[[835,836,-819,837,-835,838,839],[840]],[[841]]],"type":"MultiPolygon","properties":{"bezkId":246,"bezkName":"Bern-Mittelland","kantId":2,"kantName":"Bern"}},{"arcs":[[-839,-834,842,843,844]],"type":"Polygon","properties":{"bezkId":247,"bezkName":"Thun","kantId":2,"kantName":"Bern"}},{"arcs":[[845,846,847,848,849,850,851,852,853]],"type":"Polygon","properties":{"bezkId":248,"bezkName":"Obersimmental-Saanen","kantId":2,"kantName":"Bern"}},{"arcs":[[-854,854,-840,-845,855,856,857,858]],"type":"Polygon","properties":{"bezkId":249,"bezkName":"Frutigen-Niedersimmental","kantId":2,"kantName":"Bern"}},{"arcs":[[859,-857,860,-843,-833,861,862,863,864,865,866],[867]],"type":"Polygon","properties":{"bezkId":250,"bezkName":"Interlaken-Oberhasli","kantId":2,"kantName":"Bern"}},{"arcs":[[[868,869]],[[870,871,872,873,874]]],"type":"MultiPolygon","properties":{"bezkId":311,"bezkName":"Luzern-Stadt","kantId":3,"kantName":"Luzern"}},{"arcs":[[[875,876,877,-873,878,879]],[[880,-871,881,882,883,884,885]],[[886,887,888,889]]],"type":"MultiPolygon","properties":{"bezkId":312,"bezkName":"Luzern-Land","kantId":3,"kantName":"Luzern"}},{"arcs":[[890,891,892,-882,-875,893],[894]],"type":"Polygon","properties":{"bezkId":313,"bezkName":"Hochdorf","kantId":3,"kantName":"Luzern"}},{"arcs":[[895,896,897,-894,-874,-878,898,899],[900]],"type":"Polygon","properties":{"bezkId":314,"bezkName":"Sursee","kantId":3,"kantName":"Luzern"}},{"arcs":[[-831,-826,901,-900,902]],"type":"Polygon","properties":{"bezkId":315,"bezkName":"Willisau","kantId":3,"kantName":"Luzern"}},{"arcs":[[-862,-832,-903,-899,-877,903]],"type":"Polygon","properties":{"bezkId":316,"bezkName":"Entlebuch","kantId":3,"kantName":"Luzern"}},{"arcs":[[904,-866,905,906,907,908,909,910,911]],"type":"Polygon","properties":{"bezkId":400,"bezkName":"Kt. Uri","kantId":4,"kantName":"Uri"}},{"arcs":[[912,913,914,915],[916]],"type":"Polygon","properties":{"bezkId":501,"bezkName":"Einsiedeln","kantId":5,"kantName":"Schwyz"}},{"arcs":[[917,918,-889]],"type":"Polygon","properties":{"bezkId":502,"bezkName":"Gersau","kantId":5,"kantName":"Schwyz"}},{"arcs":[[919,-779,920,921,-916]],"type":"Polygon","properties":{"bezkId":503,"bezkName":"Höfe","kantId":5,"kantName":"Schwyz"}},{"arcs":[[922,923,-887,924,-886]],"type":"Polygon","properties":{"bezkId":504,"bezkName":"Küssnacht (SZ)","kantId":5,"kantName":"Schwyz"}},{"arcs":[[925,-913,-922,926,927,928]],"type":"Polygon","properties":{"bezkId":505,"bezkName":"March","kantId":5,"kantName":"Schwyz"}},{"arcs":[[929,-918,-888,-924,930,931,-914,-926,932,-909]],"type":"Polygon","properties":{"bezkId":506,"bezkName":"Schwyz","kantId":5,"kantName":"Schwyz"}},{"arcs":[[[-904,-876,933,934,935,-863],[936]],[[-906,-865,937]]],"type":"MultiPolygon","properties":{"bezkId":600,"bezkName":"Kt. Obwalden","kantId":6,"kantName":"Obwalden"}},{"arcs":[[-938,-864,-936,938,-934,-880,939,-870,940,-907]],"type":"Polygon","properties":{"bezkId":700,"bezkName":"Kt. Nidwalden","kantId":7,"kantName":"Nidwalden"}},{"arcs":[[-929,941,942,943,944,945,-910,-933]],"type":"Polygon","properties":{"bezkId":800,"bezkName":"Kt. Glarus","kantId":8,"kantName":"Glarus"}},{"arcs":[[946,-884,947,-751,-776,-920,-915,-932],[948]],"type":"Polygon","properties":{"bezkId":900,"bezkName":"Kt. Zug","kantId":9,"kantName":"Zug"}},{"arcs":[[[949,950]],[[951,952,953]],[[954,955,956]],[[957,958,959,960,961,962]]],"type":"MultiPolygon","properties":{"bezkId":1001,"bezkName":"La Broye","kantId":10,"kantName":"Freiburg"}},{"arcs":[[963,-962,964,965,966,967]],"type":"Polygon","properties":{"bezkId":1002,"bezkName":"La Glâne","kantId":10,"kantName":"Freiburg"}},{"arcs":[[-966,968,969,970,971,-852,972,973]],"type":"Polygon","properties":{"bezkId":1003,"bezkName":"La Gruyère","kantId":10,"kantName":"Freiburg"}},{"arcs":[[974,-969,-965,-961,975,976,-971]],"type":"Polygon","properties":{"bezkId":1004,"bezkName":"La Sarine","kantId":10,"kantName":"Freiburg"}},{"arcs":[[[977,978,979,-820,-837,980,-976,-960,981],[-842]],[[-841]]],"type":"MultiPolygon","properties":{"bezkId":1005,"bezkName":"See / Lac","kantId":10,"kantName":"Freiburg"}},{"arcs":[[-977,-981,-836,-855,-853,-972]],"type":"Polygon","properties":{"bezkId":1006,"bezkName":"Sense","kantId":10,"kantName":"Freiburg"}},{"arcs":[[-967,-974,982,983]],"type":"Polygon","properties":{"bezkId":1007,"bezkName":"La Veveyse","kantId":10,"kantName":"Freiburg"}},{"arcs":[[-824,984,985,986,987]],"type":"Polygon","properties":{"bezkId":1101,"bezkName":"Gäu","kantId":11,"kantName":"Solothurn"}},{"arcs":[[988,989,-985,-823,990,-804]],"type":"Polygon","properties":{"bezkId":1102,"bezkName":"Thal","kantId":11,"kantName":"Solothurn"}},{"arcs":[[-818,991,992,-829,-838]],"type":"Polygon","properties":{"bezkId":1103,"bezkName":"Bucheggberg","kantId":11,"kantName":"Solothurn"}},{"arcs":[[[993,994,995]],[[996,997,998,999,1000]]],"type":"MultiPolygon","properties":{"bezkId":1104,"bezkName":"Dorneck","kantId":11,"kantName":"Solothurn"}},{"arcs":[[1001,1002,1003,1004,1005]],"type":"Polygon","properties":{"bezkId":1105,"bezkName":"Gösgen","kantId":11,"kantName":"Solothurn"}},{"arcs":[[[-993,1006,1007,1008,-821,-830]],[[-828]]],"type":"MultiPolygon","properties":{"bezkId":1106,"bezkName":"Wasseramt","kantId":11,"kantName":"Solothurn"}},{"arcs":[[-811,-805,-991,-822,-1009,1009,-1007,-992,-817]],"type":"Polygon","properties":{"bezkId":1107,"bezkName":"Lebern","kantId":11,"kantName":"Solothurn"}},{"arcs":[[-987,1010,-1006,1011,1012]],"type":"Polygon","properties":{"bezkId":1108,"bezkName":"Olten","kantId":11,"kantName":"Solothurn"}},{"arcs":[[-1008,-1010]],"type":"Polygon","properties":{"bezkId":1109,"bezkName":"Solothurn","kantId":11,"kantName":"Solothurn"}},{"arcs":[[[1013,-1000,1014,-989,-803,1015]],[[1016,1017]]],"type":"MultiPolygon","properties":{"bezkId":1110,"bezkName":"Thierstein","kantId":11,"kantName":"Solothurn"}},{"arcs":[[1018,1019]],"type":"Polygon","properties":{"bezkId":1200,"bezkName":"Kt. Basel-Stadt","kantId":12,"kantName":"Basel-Stadt"}},{"arcs":[[-996,1020,-1019,1021,1022,-997,1023]],"type":"Polygon","properties":{"bezkId":1301,"bezkName":"Arlesheim","kantId":13,"kantName":"Basel-Landschaft"}},{"arcs":[[1024,-994,-1024,-1001,-1014,1025,1026,-1018]],"type":"Polygon","properties":{"bezkId":1302,"bezkName":"Laufen","kantId":13,"kantName":"Basel-Landschaft"}},{"arcs":[[-998,-1023,1027,1028,1029,1030]],"type":"Polygon","properties":{"bezkId":1303,"bezkName":"Liestal","kantId":13,"kantName":"Basel-Landschaft"}},{"arcs":[[1031,-1030,1032,1033,-1003]],"type":"Polygon","properties":{"bezkId":1304,"bezkName":"Sissach","kantId":13,"kantName":"Basel-Landschaft"}},{"arcs":[[-1015,-999,-1031,-1032,-1002,-1011,-986,-990]],"type":"Polygon","properties":{"bezkId":1305,"bezkName":"Waldenburg","kantId":13,"kantName":"Basel-Landschaft"}},{"arcs":[[1034,1035,1036,1037]],"type":"Polygon","properties":{"bezkId":1401,"bezkName":"Oberklettgau","kantId":14,"kantName":"Schaffhausen"}},{"arcs":[[1038,1039,1040,1041]],"type":"Polygon","properties":{"bezkId":1402,"bezkName":"Reiat","kantId":14,"kantName":"Schaffhausen"}},{"arcs":[[[1042,-753,-760]],[[1043,-1035,1044,1045,-1041,1046,-755]]],"type":"MultiPolygon","properties":{"bezkId":1403,"bezkName":"Schaffhausen","kantId":14,"kantName":"Schaffhausen"}},{"arcs":[[-1038,1047,1048,-1045]],"type":"Polygon","properties":{"bezkId":1404,"bezkName":"Schleitheim","kantId":14,"kantName":"Schaffhausen"}},{"arcs":[[1049,1050]],"type":"Polygon","properties":{"bezkId":1405,"bezkName":"Stein","kantId":14,"kantName":"Schaffhausen"}},{"arcs":[[1051,-1048,-1037]],"type":"Polygon","properties":{"bezkId":1406,"bezkName":"Unterklettgau","kantId":14,"kantName":"Schaffhausen"}},{"arcs":[[1052,1053,1054,1055,1056]],"type":"Polygon","properties":{"bezkId":1501,"bezkName":"Hinterland","kantId":15,"kantName":"Appenzell Ausserrhoden"}},{"arcs":[[1057,-1056,1058,1059,1060,1061]],"type":"Polygon","properties":{"bezkId":1502,"bezkName":"Mittelland","kantId":15,"kantName":"Appenzell Ausserrhoden"}},{"arcs":[[-1060,1062,1063,1064,1065,1066,1067]],"type":"Polygon","properties":{"bezkId":1503,"bezkName":"Vorderland","kantId":15,"kantName":"Appenzell Ausserrhoden"}},{"arcs":[[[-1057,-1058,1068,1069,1070]],[[1071,-1061,-1068]],[[-1066,1072]]],"type":"MultiPolygon","properties":{"bezkId":1600,"bezkName":"Kt. Appenzell i.Rh.","kantId":16,"kantName":"Appenzell Innerrhoden"}},{"arcs":[[-1063,-1059,-1055,1073,1074,1075,1076,1077,1078]],"type":"Polygon","properties":{"bezkId":1721,"bezkName":"St. Gallen","kantId":17,"kantName":"St. Gallen"}},{"arcs":[[[-1079,1079,1080,1081,1082,1083,-1064]],[[-1077,1084]]],"type":"MultiPolygon","properties":{"bezkId":1722,"bezkName":"Rorschach","kantId":17,"kantName":"St. Gallen"}},{"arcs":[[-1069,-1062,-1072,-1067,-1073,-1065,-1084,1085,1086]],"type":"Polygon","properties":{"bezkId":1723,"bezkName":"Rheintal","kantId":17,"kantName":"St. Gallen"}},{"arcs":[[1087,1088,-1070,-1087,1089]],"type":"Polygon","properties":{"bezkId":1724,"bezkName":"Werdenberg","kantId":17,"kantName":"St. Gallen"}},{"arcs":[[1090,1091,-944,1092,1093,1094,-1088,1095,1096]],"type":"Polygon","properties":{"bezkId":1725,"bezkName":"Sarganserland","kantId":17,"kantName":"St. Gallen"}},{"arcs":[[-1094,1097,-942,-928,1098,-782,-775,1099]],"type":"Polygon","properties":{"bezkId":1726,"bezkName":"See-Gaster","kantId":17,"kantName":"St. Gallen"}},{"arcs":[[-1100,-774,1100,1101,-1053,-1071,-1089,-1095]],"type":"Polygon","properties":{"bezkId":1727,"bezkName":"Toggenburg","kantId":17,"kantName":"St. Gallen"}},{"arcs":[[-1102,1102,1103,-1074,-1054]],"type":"Polygon","properties":{"bezkId":1728,"bezkName":"Wil","kantId":17,"kantName":"St. Gallen"}},{"arcs":[[1104,1105,1106,1107]],"type":"Polygon","properties":{"bezkId":1841,"bezkName":"Albula","kantId":18,"kantName":"Graubünden"}},{"arcs":[[1108,1109]],"type":"Polygon","properties":{"bezkId":1842,"bezkName":"Bernina","kantId":18,"kantName":"Graubünden"}},{"arcs":[[1110,1111,1112]],"type":"Polygon","properties":{"bezkId":1843,"bezkName":"Engiadina B./Val Müstair","kantId":18,"kantName":"Graubünden"}},{"arcs":[[1113,-945,-1092,1114,1115]],"type":"Polygon","properties":{"bezkId":1844,"bezkName":"Imboden","kantId":18,"kantName":"Graubünden"}},{"arcs":[[1116,-1097,1117,1118]],"type":"Polygon","properties":{"bezkId":1845,"bezkName":"Landquart","kantId":18,"kantName":"Graubünden"}},{"arcs":[[1119,-1108,1120,-1111,1121,-1109,1122]],"type":"Polygon","properties":{"bezkId":1846,"bezkName":"Maloja","kantId":18,"kantName":"Graubünden"}},{"arcs":[[1123,1124,1125,1126,1127]],"type":"Polygon","properties":{"bezkId":1847,"bezkName":"Moesa","kantId":18,"kantName":"Graubünden"}},{"arcs":[[1128,-1115,-1091,-1117,1129,-1106]],"type":"Polygon","properties":{"bezkId":1848,"bezkName":"Plessur","kantId":18,"kantName":"Graubünden"}},{"arcs":[[-1119,1130,-1112,-1121,-1107,-1130]],"type":"Polygon","properties":{"bezkId":1849,"bezkName":"Prättigau / Davos","kantId":18,"kantName":"Graubünden"}},{"arcs":[[1131,-911,-946,-1114,1132,1133]],"type":"Polygon","properties":{"bezkId":1850,"bezkName":"Surselva","kantId":18,"kantName":"Graubünden"}},{"arcs":[[-1133,-1116,-1129,-1105,-1120,1134,-1127,1135]],"type":"Polygon","properties":{"bezkId":1851,"bezkName":"Viamala","kantId":18,"kantName":"Graubünden"}},{"arcs":[[1136,-1012,-1005,1137,1138,1139,1140]],"type":"Polygon","properties":{"bezkId":1901,"bezkName":"Aarau","kantId":19,"kantName":"Aargau"}},{"arcs":[[1141,1142,1143,-766,-792,1144]],"type":"Polygon","properties":{"bezkId":1902,"bezkName":"Baden","kantId":19,"kantName":"Aargau"}},{"arcs":[[1145,-1145,-791,-747,1146]],"type":"Polygon","properties":{"bezkId":1903,"bezkName":"Bremgarten","kantId":19,"kantName":"Aargau"}},{"arcs":[[-1139,1147,1148,-1143,1149]],"type":"Polygon","properties":{"bezkId":1904,"bezkName":"Brugg","kantId":19,"kantName":"Aargau"}},{"arcs":[[1150,-1141,1151,1152,-897]],"type":"Polygon","properties":{"bezkId":1905,"bezkName":"Kulm","kantId":19,"kantName":"Aargau"}},{"arcs":[[-1034,1153,1154,1155,-1148,-1138,-1004]],"type":"Polygon","properties":{"bezkId":1906,"bezkName":"Laufenburg","kantId":19,"kantName":"Aargau"}},{"arcs":[[-1140,-1150,-1142,-1146,1156,-892,1157,-1152]],"type":"Polygon","properties":{"bezkId":1907,"bezkName":"Lenzburg","kantId":19,"kantName":"Aargau"}},{"arcs":[[-1157,-1147,-746,-948,-883,-893]],"type":"Polygon","properties":{"bezkId":1908,"bezkName":"Muri","kantId":19,"kantName":"Aargau"}},{"arcs":[[-1029,1158,-1154,-1033]],"type":"Polygon","properties":{"bezkId":1909,"bezkName":"Rheinfelden","kantId":19,"kantName":"Aargau"}},{"arcs":[[-825,-988,-1013,-1137,-1151,-896,-902]],"type":"Polygon","properties":{"bezkId":1910,"bezkName":"Zofingen","kantId":19,"kantName":"Aargau"}},{"arcs":[[-1149,-1156,1159,-767,-1144]],"type":"Polygon","properties":{"bezkId":1911,"bezkName":"Zurzach","kantId":19,"kantName":"Aargau"}},{"arcs":[[[1160,1161,1162,-1080,-1078,-1085,-1076]],[[-1082,1163]]],"type":"MultiPolygon","properties":{"bezkId":2011,"bezkName":"Arbon","kantId":20,"kantName":"Thurgau"}},{"arcs":[[-757,1164,-1039,1165,-1050,1166,1167,1168,1169,-789]],"type":"Polygon","properties":{"bezkId":2012,"bezkName":"Frauenfeld","kantId":20,"kantName":"Thurgau"}},{"arcs":[[-1168,1170,-1162,1171]],"type":"Polygon","properties":{"bezkId":2013,"bezkName":"Kreuzlingen","kantId":20,"kantName":"Thurgau"}},{"arcs":[[-786,-790,-1170,1172,-1103,-1101]],"type":"Polygon","properties":{"bezkId":2014,"bezkName":"Münchwilen","kantId":20,"kantName":"Thurgau"}},{"arcs":[[-1173,-1169,-1172,-1161,-1075,-1104]],"type":"Polygon","properties":{"bezkId":2015,"bezkName":"Weinfelden","kantId":20,"kantName":"Thurgau"}},{"arcs":[[1173,1174,-1124,1175,1176]],"type":"Polygon","properties":{"bezkId":2101,"bezkName":"Bellinzona","kantId":21,"kantName":"Tessin"}},{"arcs":[[-1126,1177,1178,-1134,-1136]],"type":"Polygon","properties":{"bezkId":2102,"bezkName":"Blenio","kantId":21,"kantName":"Tessin"}},{"arcs":[[1179,1180,1181,1182,-912,-1132,-1179,1183]],"type":"Polygon","properties":{"bezkId":2103,"bezkName":"Leventina","kantId":21,"kantName":"Tessin"}},{"arcs":[[1184,-1180,1185,-1174,1186,1187]],"type":"Polygon","properties":{"bezkId":2104,"bezkName":"Locarno","kantId":21,"kantName":"Tessin"}},{"arcs":[[[-1187,-1177,1188]],[[1189,1190]],[[1191,1192]]],"type":"MultiPolygon","properties":{"bezkId":2105,"bezkName":"Lugano","kantId":21,"kantName":"Tessin"}},{"arcs":[[-1191,1193,-1192,1194]],"type":"Polygon","properties":{"bezkId":2106,"bezkName":"Mendrisio","kantId":21,"kantName":"Tessin"}},{"arcs":[[-1178,-1125,-1175,-1186,-1184]],"type":"Polygon","properties":{"bezkId":2107,"bezkName":"Riviera","kantId":21,"kantName":"Tessin"}},{"arcs":[[1195,-1181,-1185]],"type":"Polygon","properties":{"bezkId":2108,"bezkName":"Vallemaggia","kantId":21,"kantName":"Tessin"}},{"arcs":[[1196,1197,-850,1198,1199,1200,1201,1202]],"type":"Polygon","properties":{"bezkId":2221,"bezkName":"Aigle","kantId":22,"kantName":"Waadt"}},{"arcs":[[[1203,1204,-950,1205,-954,1206,-957,1207,-963,-964]],[[-959,1208,-979,1209,-982]]],"type":"MultiPolygon","properties":{"bezkId":2222,"bezkName":"Broye-Vully","kantId":22,"kantName":"Waadt"}},{"arcs":[[1210,1211,-952,-1206,-951,-1205,1212,1213,1214]],"type":"Polygon","properties":{"bezkId":2223,"bezkName":"Gros-de-Vaud","kantId":22,"kantName":"Waadt"}},{"arcs":[[1215,1216,1217,1218,-955,-1207,-953,-1212,1219],[1220]],"type":"Polygon","properties":{"bezkId":2224,"bezkName":"Jura-Nord vaudois","kantId":22,"kantName":"Waadt"}},{"arcs":[[1221,1222,1223,-1214]],"type":"Polygon","properties":{"bezkId":2225,"bezkName":"Lausanne","kantId":22,"kantName":"Waadt"}},{"arcs":[[-1222,-1213,-1204,-968,-984,1224,1225]],"type":"Polygon","properties":{"bezkId":2226,"bezkName":"Lavaux-Oron","kantId":22,"kantName":"Waadt"}},{"arcs":[[1226,-1220,-1211,1227,1228]],"type":"Polygon","properties":{"bezkId":2227,"bezkName":"Morges","kantId":22,"kantName":"Waadt"}},{"arcs":[[1229,-1216,-1227,1230,1231,1232,1233],[1234]],"type":"Polygon","properties":{"bezkId":2228,"bezkName":"Nyon","kantId":22,"kantName":"Waadt"}},{"arcs":[[-1228,-1215,-1224,1235]],"type":"Polygon","properties":{"bezkId":2229,"bezkName":"Ouest lausannois","kantId":22,"kantName":"Waadt"}},{"arcs":[[-1225,-983,-973,-851,-1198,1236]],"type":"Polygon","properties":{"bezkId":2230,"bezkName":"Riviera-Pays-d'Enhaut","kantId":22,"kantName":"Waadt"}},{"arcs":[[1237,1238,1239,1240,1241,1242,1243,1244]],"type":"Polygon","properties":{"bezkId":2301,"bezkName":"Brig","kantId":23,"kantName":"Wallis"}},{"arcs":[[1245,1246,1247,-1200,1248]],"type":"Polygon","properties":{"bezkId":2302,"bezkName":"Conthey","kantId":23,"kantName":"Wallis"}},{"arcs":[[1249,-1247,1250,1251]],"type":"Polygon","properties":{"bezkId":2303,"bezkName":"Entremont","kantId":23,"kantName":"Wallis"}},{"arcs":[[1252,-1243,1253,-867,-905,-1183,1254]],"type":"Polygon","properties":{"bezkId":2304,"bezkName":"Goms","kantId":23,"kantName":"Wallis"}},{"arcs":[[[1255,1256,-1251,-1246,1257,1258]],[[1259,1260,-848]]],"type":"MultiPolygon","properties":{"bezkId":2305,"bezkName":"Hérens","kantId":23,"kantName":"Wallis"}},{"arcs":[[-846,-859,1261,1262,1263]],"type":"Polygon","properties":{"bezkId":2306,"bezkName":"Leuk","kantId":23,"kantName":"Wallis"}},{"arcs":[[1264,1265,-1201,-1248,-1250]],"type":"Polygon","properties":{"bezkId":2307,"bezkName":"Martigny","kantId":23,"kantName":"Wallis"}},{"arcs":[[1266,-1203,1267]],"type":"Polygon","properties":{"bezkId":2308,"bezkName":"Monthey","kantId":23,"kantName":"Wallis"}},{"arcs":[[[-1262,-858,-860,-1254,-1242,1268,1269,1270,1271,1272,1273]],[[1274,-1244,-1253]]],"type":"MultiPolygon","properties":{"bezkId":2309,"bezkName":"Raron","kantId":23,"kantName":"Wallis"}},{"arcs":[[-1268,-1202,-1266,1275]],"type":"Polygon","properties":{"bezkId":2310,"bezkName":"Saint-Maurice","kantId":23,"kantName":"Wallis"}},{"arcs":[[1276,-1259,1277,-1260,-847,-1264]],"type":"Polygon","properties":{"bezkId":2311,"bezkName":"Sierre","kantId":23,"kantName":"Wallis"}},{"arcs":[[-1199,-849,-1261,-1278,-1258,-1249]],"type":"Polygon","properties":{"bezkId":2312,"bezkName":"Sion","kantId":23,"kantName":"Wallis"}},{"arcs":[[[-1256,-1277,-1263,-1274,1278,-1272,1279,1280,-1238,1281]],[[-1270,1282]]],"type":"MultiPolygon","properties":{"bezkId":2313,"bezkName":"Visp","kantId":23,"kantName":"Wallis"}},{"arcs":[[1283,1284,-795,1285,-814,1286,-1218]],"type":"Polygon","properties":{"bezkId":2400,"bezkName":"Cant. de Neuchâtel","kantId":24,"kantName":"Neuenburg"}},{"arcs":[[[-1234,1287]],[[-1235]],[[1288,-1232]]],"type":"MultiPolygon","properties":{"bezkId":2500,"bezkName":"Cant. de Genève","kantId":25,"kantName":"Genf"}},{"arcs":[[1289,1290,-1026,-1016,-802,1291,-797,1292]],"type":"Polygon","properties":{"bezkId":2601,"bezkName":"Delémont","kantId":26,"kantName":"Jura"}},{"arcs":[[-1285,1293,1294,-1293,-796]],"type":"Polygon","properties":{"bezkId":2602,"bezkName":"Les Franches-Montagnes","kantId":26,"kantName":"Jura"}},{"arcs":[[-1290,-1295,1295]],"type":"Polygon","properties":{"bezkId":2603,"bezkName":"Porrentruy","kantId":26,"kantName":"Jura"}},{"arcs":[[-801,-373,-800,-371,-799,-369,-798,-1292]],"type":"Polygon","properties":{"bezkId":2604,"bezkName":"Moutier","kantId":26,"kantName":"Jura"}}]},"k4voge_20260101_gf":{"type":"GeometryCollection","geometries":[{"arcs":[[1296,1297,1298,1299,1300,1301]],"type":"Polygon","properties":{"vogeId":1,"vogeName":"Aeugst am Albis","bezkId":101,"bezkName":"Affoltern","kantId":1,"kantName":"Zürich"}},{"arcs":[[1302,1303,1304,-1302,1305,1306,1307]],"type":"Polygon","properties":{"vogeId":2,"vogeName":"Affoltern am Albis","bezkId":101,"bezkName":"Affoltern","kantId":1,"kantName":"Zürich"}},{"arcs":[[1308,1309,1310,1311,1312]],"type":"Polygon","properties":{"vogeId":3,"vogeName":"Bonstetten","bezkId":101,"bezkName":"Affoltern","kantId":1,"kantName":"Zürich"}},{"arcs":[[1313,1314,1315,1316,1317,1318,-1299]],"type":"Polygon","properties":{"vogeId":4,"vogeName":"Hausen am Albis","bezkId":101,"bezkName":"Affoltern","kantId":1,"kantName":"Zürich"}},{"arcs":[[1319,-1312,1320,-1304,1321]],"type":"Polygon","properties":{"vogeId":5,"vogeName":"Hedingen","bezkId":101,"bezkName":"Affoltern","kantId":1,"kantName":"Zürich"}},{"arcs":[[1322,-1318,1323,1324,1325,1326]],"type":"Polygon","properties":{"vogeId":6,"vogeName":"Kappel am Albis","bezkId":101,"bezkName":"Affoltern","kantId":1,"kantName":"Zürich"}},{"arcs":[[1327,1328,-1326,1329,1330]],"type":"Polygon","properties":{"vogeId":7,"vogeName":"Knonau","bezkId":101,"bezkName":"Affoltern","kantId":1,"kantName":"Zürich"}},{"arcs":[[1331,-1328,1332,1333,1334]],"type":"Polygon","properties":{"vogeId":8,"vogeName":"Maschwanden","bezkId":101,"bezkName":"Affoltern","kantId":1,"kantName":"Zürich"}},{"arcs":[[-1306,-1301,1335,-1327,-1329,-1332,1336]],"type":"Polygon","properties":{"vogeId":9,"vogeName":"Mettmenstetten","bezkId":101,"bezkName":"Affoltern","kantId":1,"kantName":"Zürich"}},{"arcs":[[1337,-1307,-1337,-1335,1338,1339]],"type":"Polygon","properties":{"vogeId":10,"vogeName":"Obfelden","bezkId":101,"bezkName":"Affoltern","kantId":1,"kantName":"Zürich"}},{"arcs":[[1340,-1308,-1338,1341,1342]],"type":"Polygon","properties":{"vogeId":11,"vogeName":"Ottenbach","bezkId":101,"bezkName":"Affoltern","kantId":1,"kantName":"Zürich"}},{"arcs":[[-1300,-1319,-1323,-1336]],"type":"Polygon","properties":{"vogeId":12,"vogeName":"Rifferswil","bezkId":101,"bezkName":"Affoltern","kantId":1,"kantName":"Zürich"}},{"arcs":[[1343,1344,1345,1346,-1297,-1305,-1321,-1311,1347,1348]],"type":"Polygon","properties":{"vogeId":13,"vogeName":"Stallikon","bezkId":101,"bezkName":"Affoltern","kantId":1,"kantName":"Zürich"}},{"arcs":[[1349,-1348,-1310]],"type":"Polygon","properties":{"vogeId":14,"vogeName":"Wettswil am Albis","bezkId":101,"bezkName":"Affoltern","kantId":1,"kantName":"Zürich"}},{"arcs":[[1350,1351,1352,1353,1354]],"type":"Polygon","properties":{"vogeId":22,"vogeName":"Benken (ZH)","bezkId":102,"bezkName":"Andelfingen","kantId":1,"kantName":"Zürich"}},{"arcs":[[1355,1356,1357,1358,1359]],"type":"Polygon","properties":{"vogeId":23,"vogeName":"Berg am Irchel","bezkId":102,"bezkName":"Andelfingen","kantId":1,"kantName":"Zürich"}},{"arcs":[[1360,1361,1362,1363,1364,-1357]],"type":"Polygon","properties":{"vogeId":24,"vogeName":"Buch am Irchel","bezkId":102,"bezkName":"Andelfingen","kantId":1,"kantName":"Zürich"}},{"arcs":[[1365,-1355,1366,1367]],"type":"Polygon","properties":{"vogeId":25,"vogeName":"Dachsen","bezkId":102,"bezkName":"Andelfingen","kantId":1,"kantName":"Zürich"}},{"arcs":[[1368,1369,-1362,1370]],"type":"Polygon","properties":{"vogeId":26,"vogeName":"Dorf","bezkId":102,"bezkName":"Andelfingen","kantId":1,"kantName":"Zürich"}},{"arcs":[[1371,1372,1373,1374,1375]],"type":"Polygon","properties":{"vogeId":27,"vogeName":"Feuerthalen","bezkId":102,"bezkName":"Andelfingen","kantId":1,"kantName":"Zürich"}},{"arcs":[[1376,1377,1378,1379,-1360,1380]],"type":"Polygon","properties":{"vogeId":28,"vogeName":"Flaach","bezkId":102,"bezkName":"Andelfingen","kantId":1,"kantName":"Zürich"}},{"arcs":[[1381,-1376,1382,1383]],"type":"Polygon","properties":{"vogeId":29,"vogeName":"Flurlingen","bezkId":102,"bezkName":"Andelfingen","kantId":1,"kantName":"Zürich"}},{"arcs":[[1384,1385,1386,1387]],"type":"Polygon","properties":{"vogeId":31,"vogeName":"Henggart","bezkId":102,"bezkName":"Andelfingen","kantId":1,"kantName":"Zürich"}},{"arcs":[[1388,1389,1390,-1378,1391]],"type":"Polygon","properties":{"vogeId":33,"vogeName":"Kleinandelfingen","bezkId":102,"bezkName":"Andelfingen","kantId":1,"kantName":"Zürich"}},{"arcs":[[-1375,1392,1393,-1351,-1366,1394,1395,-1383]],"type":"Polygon","properties":{"vogeId":34,"vogeName":"Laufen-Uhwiesen","bezkId":102,"bezkName":"Andelfingen","kantId":1,"kantName":"Zürich"}},{"arcs":[[-1353,1396,-1392,-1377,1397,1398,1399]],"type":"Polygon","properties":{"vogeId":35,"vogeName":"Marthalen","bezkId":102,"bezkName":"Andelfingen","kantId":1,"kantName":"Zürich"}},{"arcs":[[1400,1401,1402,1403,1404,1405,-1390]],"type":"Polygon","properties":{"vogeId":37,"vogeName":"Ossingen","bezkId":102,"bezkName":"Andelfingen","kantId":1,"kantName":"Zürich"}},{"arcs":[[-1367,-1354,-1400,1406]],"type":"Polygon","properties":{"vogeId":38,"vogeName":"Rheinau","bezkId":102,"bezkName":"Andelfingen","kantId":1,"kantName":"Zürich"}},{"arcs":[[1407,1408,1409,1410,1411,-1405]],"type":"Polygon","properties":{"vogeId":39,"vogeName":"Thalheim an der Thur","bezkId":102,"bezkName":"Andelfingen","kantId":1,"kantName":"Zürich"}},{"arcs":[[-1394,1412,1413,-1401,-1389,-1397,-1352]],"type":"Polygon","properties":{"vogeId":40,"vogeName":"Trüllikon","bezkId":102,"bezkName":"Andelfingen","kantId":1,"kantName":"Zürich"}},{"arcs":[[1414,1415,-1402,-1414,1416]],"type":"Polygon","properties":{"vogeId":41,"vogeName":"Truttikon","bezkId":102,"bezkName":"Andelfingen","kantId":1,"kantName":"Zürich"}},{"arcs":[[1417,-1371,-1361,-1356,-1380]],"type":"Polygon","properties":{"vogeId":43,"vogeName":"Volken","bezkId":102,"bezkName":"Andelfingen","kantId":1,"kantName":"Zürich"}},{"arcs":[[1418,1419,1420,1421]],"type":"Polygon","properties":{"vogeId":51,"vogeName":"Bachenbülach","bezkId":103,"bezkName":"Bülach","kantId":1,"kantName":"Zürich"}},{"arcs":[[1422,1423,1424,1425,1426]],"type":"Polygon","properties":{"vogeId":52,"vogeName":"Bassersdorf","bezkId":103,"bezkName":"Bülach","kantId":1,"kantName":"Zürich"}},{"arcs":[[1427,1428,1429,1430,-1419,1431,1432,1433]],"type":"Polygon","properties":{"vogeId":53,"vogeName":"Bülach","bezkId":103,"bezkName":"Bülach","kantId":1,"kantName":"Zürich"}},{"arcs":[[1434,-1427,1435,1436,1437]],"type":"Polygon","properties":{"vogeId":54,"vogeName":"Dietlikon","bezkId":103,"bezkName":"Bülach","kantId":1,"kantName":"Zürich"}},{"arcs":[[1438,1439,1440,-1428,1441,1442,1443,1444]],"type":"Polygon","properties":{"vogeId":55,"vogeName":"Eglisau","bezkId":103,"bezkName":"Bülach","kantId":1,"kantName":"Zürich"}},{"arcs":[[1445,1446,1447,1448,1449,1450,-1430,1451]],"type":"Polygon","properties":{"vogeId":56,"vogeName":"Embrach","bezkId":103,"bezkName":"Bülach","kantId":1,"kantName":"Zürich"}},{"arcs":[[-1358,-1365,1452,-1446,1453,-1440,1454]],"type":"Polygon","properties":{"vogeId":57,"vogeName":"Freienstein-Teufen","bezkId":103,"bezkName":"Bülach","kantId":1,"kantName":"Zürich"}},{"arcs":[[1455,-1442,-1434,1456,1457,1458]],"type":"Polygon","properties":{"vogeId":58,"vogeName":"Glattfelden","bezkId":103,"bezkName":"Bülach","kantId":1,"kantName":"Zürich"}},{"arcs":[[-1457,-1433,1459,1460,1461]],"type":"Polygon","properties":{"vogeId":59,"vogeName":"Hochfelden","bezkId":103,"bezkName":"Bülach","kantId":1,"kantName":"Zürich"}},{"arcs":[[-1460,-1432,-1422,1462,1463,1464]],"type":"Polygon","properties":{"vogeId":60,"vogeName":"Höri","bezkId":103,"bezkName":"Bülach","kantId":1,"kantName":"Zürich"}},{"arcs":[[1465,-1444,1466,1467]],"type":"Polygon","properties":{"vogeId":61,"vogeName":"Hüntwangen","bezkId":103,"bezkName":"Bülach","kantId":1,"kantName":"Zürich"}},{"arcs":[[1468,1469,-1423,-1435,1470,1471,1472,1473,1474]],"type":"Polygon","properties":{"vogeId":62,"vogeName":"Kloten","bezkId":103,"bezkName":"Bülach","kantId":1,"kantName":"Zürich"}},{"arcs":[[-1450,1475,-1475,1476]],"type":"Polygon","properties":{"vogeId":63,"vogeName":"Lufingen","bezkId":103,"bezkName":"Bülach","kantId":1,"kantName":"Zürich"}},{"arcs":[[1477,1478,1479,-1424,-1470]],"type":"Polygon","properties":{"vogeId":64,"vogeName":"Nürensdorf","bezkId":103,"bezkName":"Bülach","kantId":1,"kantName":"Zürich"}},{"arcs":[[1480,1481,1482,-1478,-1469,-1476,-1449]],"type":"Polygon","properties":{"vogeId":65,"vogeName":"Oberembrach","bezkId":103,"bezkName":"Bülach","kantId":1,"kantName":"Zürich"}},{"arcs":[[-1472,1483,1484,1485]],"type":"Polygon","properties":{"vogeId":66,"vogeName":"Opfikon","bezkId":103,"bezkName":"Bülach","kantId":1,"kantName":"Zürich"}},{"arcs":[[1486,1487,1488]],"type":"Polygon","properties":{"vogeId":67,"vogeName":"Rafz","bezkId":103,"bezkName":"Bülach","kantId":1,"kantName":"Zürich"}},{"arcs":[[-1441,-1454,-1452,-1429]],"type":"Polygon","properties":{"vogeId":68,"vogeName":"Rorbas","bezkId":103,"bezkName":"Bülach","kantId":1,"kantName":"Zürich"}},{"arcs":[[-1471,-1438,1489,1490,-1484]],"type":"Polygon","properties":{"vogeId":69,"vogeName":"Wallisellen","bezkId":103,"bezkName":"Bülach","kantId":1,"kantName":"Zürich"}},{"arcs":[[1491,-1468,1492]],"type":"Polygon","properties":{"vogeId":70,"vogeName":"Wasterkingen","bezkId":103,"bezkName":"Bülach","kantId":1,"kantName":"Zürich"}},{"arcs":[[1493,-1489,1494,-1445,-1466,-1492]],"type":"Polygon","properties":{"vogeId":71,"vogeName":"Wil (ZH)","bezkId":103,"bezkName":"Bülach","kantId":1,"kantName":"Zürich"}},{"arcs":[[-1431,-1451,-1477,-1474,1495,1496,-1420]],"type":"Polygon","properties":{"vogeId":72,"vogeName":"Winkel","bezkId":103,"bezkName":"Bülach","kantId":1,"kantName":"Zürich"}},{"arcs":[[1497,1498,1499,1500,1501,1502,1503,1504]],"type":"Polygon","properties":{"vogeId":81,"vogeName":"Bachs","bezkId":104,"bezkName":"Dielsdorf","kantId":1,"kantName":"Zürich"}},{"arcs":[[1505,1506,1507,1508]],"type":"Polygon","properties":{"vogeId":82,"vogeName":"Boppelsen","bezkId":104,"bezkName":"Dielsdorf","kantId":1,"kantName":"Zürich"}},{"arcs":[[1509,1510,1511,1512,1513,1514,1515,-1508]],"type":"Polygon","properties":{"vogeId":83,"vogeName":"Buchs (ZH)","bezkId":104,"bezkName":"Dielsdorf","kantId":1,"kantName":"Zürich"}},{"arcs":[[-1514,1516,1517,1518,1519]],"type":"Polygon","properties":{"vogeId":84,"vogeName":"Dällikon","bezkId":104,"bezkName":"Dielsdorf","kantId":1,"kantName":"Zürich"}},{"arcs":[[1520,-1515,-1520,1521,1522]],"type":"Polygon","properties":{"vogeId":85,"vogeName":"Dänikon","bezkId":104,"bezkName":"Dielsdorf","kantId":1,"kantName":"Zürich"}},{"arcs":[[1523,1524,-1511,1525]],"type":"Polygon","properties":{"vogeId":86,"vogeName":"Dielsdorf","bezkId":104,"bezkName":"Dielsdorf","kantId":1,"kantName":"Zürich"}},{"arcs":[[-1523,1526,1527]],"type":"Polygon","properties":{"vogeId":87,"vogeName":"Hüttikon","bezkId":104,"bezkName":"Dielsdorf","kantId":1,"kantName":"Zürich"}},{"arcs":[[-1461,-1465,1528,1529,-1500,1530]],"type":"Polygon","properties":{"vogeId":88,"vogeName":"Neerach","bezkId":104,"bezkName":"Dielsdorf","kantId":1,"kantName":"Zürich"}},{"arcs":[[-1464,1531,1532,1533,-1529]],"type":"Polygon","properties":{"vogeId":89,"vogeName":"Niederglatt","bezkId":104,"bezkName":"Dielsdorf","kantId":1,"kantName":"Zürich"}},{"arcs":[[1534,-1533,1535,1536,1537,-1512,-1525]],"type":"Polygon","properties":{"vogeId":90,"vogeName":"Niederhasli","bezkId":104,"bezkName":"Dielsdorf","kantId":1,"kantName":"Zürich"}},{"arcs":[[1538,1539,1540,1541,1542,1543]],"type":"Polygon","properties":{"vogeId":91,"vogeName":"Niederweningen","bezkId":104,"bezkName":"Dielsdorf","kantId":1,"kantName":"Zürich"}},{"arcs":[[-1463,-1421,-1497,1544,-1536,-1532]],"type":"Polygon","properties":{"vogeId":92,"vogeName":"Oberglatt","bezkId":104,"bezkName":"Dielsdorf","kantId":1,"kantName":"Zürich"}},{"arcs":[[1545,-1503,1546,1547,1548,1549]],"type":"Polygon","properties":{"vogeId":93,"vogeName":"Oberweningen","bezkId":104,"bezkName":"Dielsdorf","kantId":1,"kantName":"Zürich"}},{"arcs":[[1550,-1509,-1516,-1521,1551,1552,-1541]],"type":"Polygon","properties":{"vogeId":94,"vogeName":"Otelfingen","bezkId":104,"bezkName":"Dielsdorf","kantId":1,"kantName":"Zürich"}},{"arcs":[[-1549,1553,-1526,-1510,-1507]],"type":"Polygon","properties":{"vogeId":95,"vogeName":"Regensberg","bezkId":104,"bezkName":"Dielsdorf","kantId":1,"kantName":"Zürich"}},{"arcs":[[-1513,-1538,1554,1555,1556,1557,1558,-1517]],"type":"Polygon","properties":{"vogeId":96,"vogeName":"Regensdorf","bezkId":104,"bezkName":"Dielsdorf","kantId":1,"kantName":"Zürich"}},{"arcs":[[-1496,-1473,-1486,1559,-1555,-1537,-1545]],"type":"Polygon","properties":{"vogeId":97,"vogeName":"Rümlang","bezkId":104,"bezkName":"Dielsdorf","kantId":1,"kantName":"Zürich"}},{"arcs":[[1560,-1550,-1506,-1551,-1540]],"type":"Polygon","properties":{"vogeId":98,"vogeName":"Schleinikon","bezkId":104,"bezkName":"Dielsdorf","kantId":1,"kantName":"Zürich"}},{"arcs":[[-1502,1561,-1547]],"type":"Polygon","properties":{"vogeId":99,"vogeName":"Schöfflisdorf","bezkId":104,"bezkName":"Dielsdorf","kantId":1,"kantName":"Zürich"}},{"arcs":[[-1458,-1462,-1531,-1499,1562]],"type":"Polygon","properties":{"vogeId":100,"vogeName":"Stadel","bezkId":104,"bezkName":"Dielsdorf","kantId":1,"kantName":"Zürich"}},{"arcs":[[-1501,-1530,-1534,-1535,-1524,-1554,-1548,-1562]],"type":"Polygon","properties":{"vogeId":101,"vogeName":"Steinmaur","bezkId":104,"bezkName":"Dielsdorf","kantId":1,"kantName":"Zürich"}},{"arcs":[[1563,-1459,-1563,-1498,1564,1565]],"type":"Polygon","properties":{"vogeId":102,"vogeName":"Weiach","bezkId":104,"bezkName":"Dielsdorf","kantId":1,"kantName":"Zürich"}},{"arcs":[[1566,1567,1568,1569,1570,1571]],"type":"Polygon","properties":{"vogeId":111,"vogeName":"Bäretswil","bezkId":105,"bezkName":"Hinwil","kantId":1,"kantName":"Zürich"}},{"arcs":[[1572,1573,1574,1575,1576,1577,1578]],"type":"Polygon","properties":{"vogeId":112,"vogeName":"Bubikon","bezkId":105,"bezkName":"Hinwil","kantId":1,"kantName":"Zürich"}},{"arcs":[[1579,1580,1581,-1574]],"type":"Polygon","properties":{"vogeId":113,"vogeName":"Dürnten","bezkId":105,"bezkName":"Hinwil","kantId":1,"kantName":"Zürich"}},{"arcs":[[1582,1583,1584,1585,-1568,1586]],"type":"Polygon","properties":{"vogeId":114,"vogeName":"Fischenthal","bezkId":105,"bezkName":"Hinwil","kantId":1,"kantName":"Zürich"}},{"arcs":[[1587,1588,1589,-1579,1590,1591,1592,1593]],"type":"Polygon","properties":{"vogeId":115,"vogeName":"Gossau (ZH)","bezkId":105,"bezkName":"Hinwil","kantId":1,"kantName":"Zürich"}},{"arcs":[[1594,-1591,-1578,1595,1596]],"type":"Polygon","properties":{"vogeId":116,"vogeName":"Grüningen","bezkId":105,"bezkName":"Hinwil","kantId":1,"kantName":"Zürich"}},{"arcs":[[-1569,-1586,1597,-1580,-1573,-1590,1598]],"type":"Polygon","properties":{"vogeId":117,"vogeName":"Hinwil","bezkId":105,"bezkName":"Hinwil","kantId":1,"kantName":"Zürich"}},{"arcs":[[-1582,1599,1600,1601,-1575]],"type":"Polygon","properties":{"vogeId":118,"vogeName":"Rüti (ZH)","bezkId":105,"bezkName":"Hinwil","kantId":1,"kantName":"Zürich"}},{"arcs":[[1602,1603,-1588,1604]],"type":"Polygon","properties":{"vogeId":119,"vogeName":"Seegräben","bezkId":105,"bezkName":"Hinwil","kantId":1,"kantName":"Zürich"}},{"arcs":[[-1585,1605,-1600,-1581,-1598]],"type":"Polygon","properties":{"vogeId":120,"vogeName":"Wald (ZH)","bezkId":105,"bezkName":"Hinwil","kantId":1,"kantName":"Zürich"}},{"arcs":[[1606,-1570,-1599,-1589,-1604]],"type":"Polygon","properties":{"vogeId":121,"vogeName":"Wetzikon (ZH)","bezkId":105,"bezkName":"Hinwil","kantId":1,"kantName":"Zürich"}},{"arcs":[[1607,1608,1609,1610,-1346]],"type":"Polygon","properties":{"vogeId":131,"vogeName":"Adliswil","bezkId":106,"bezkName":"Horgen","kantId":1,"kantName":"Zürich"}},{"arcs":[[1611,1612,1613,-1609]],"type":"Polygon","properties":{"vogeId":135,"vogeName":"Kilchberg (ZH)","bezkId":106,"bezkName":"Horgen","kantId":1,"kantName":"Zürich"}},{"arcs":[[1614,1615,1616,-1314,-1298,-1347,-1611]],"type":"Polygon","properties":{"vogeId":136,"vogeName":"Langnau am Albis","bezkId":106,"bezkName":"Horgen","kantId":1,"kantName":"Zürich"}},{"arcs":[[1617,1618,1619]],"type":"Polygon","properties":{"vogeId":137,"vogeName":"Oberrieden","bezkId":106,"bezkName":"Horgen","kantId":1,"kantName":"Zürich"}},{"arcs":[[1620,1621,1622]],"type":"Polygon","properties":{"vogeId":138,"vogeName":"Richterswil","bezkId":106,"bezkName":"Horgen","kantId":1,"kantName":"Zürich"}},{"arcs":[[-1614,1623,1624,-1615,-1610]],"type":"Polygon","properties":{"vogeId":139,"vogeName":"Rüschlikon","bezkId":106,"bezkName":"Horgen","kantId":1,"kantName":"Zürich"}},{"arcs":[[-1625,1625,-1618,1626,-1616]],"type":"Polygon","properties":{"vogeId":141,"vogeName":"Thalwil","bezkId":106,"bezkName":"Horgen","kantId":1,"kantName":"Zürich"}},{"arcs":[[1627,1628,1629]],"type":"Polygon","properties":{"vogeId":151,"vogeName":"Erlenbach (ZH)","bezkId":107,"bezkName":"Meilen","kantId":1,"kantName":"Zürich"}},{"arcs":[[1630,1631,1632,1633,-1629,1634]],"type":"Polygon","properties":{"vogeId":152,"vogeName":"Herrliberg","bezkId":107,"bezkName":"Meilen","kantId":1,"kantName":"Zürich"}},{"arcs":[[-1596,-1577,1635,1636,1637,1638]],"type":"Polygon","properties":{"vogeId":153,"vogeName":"Hombrechtikon","bezkId":107,"bezkName":"Meilen","kantId":1,"kantName":"Zürich"}},{"arcs":[[1639,1640,1641,-1635,-1628,1642]],"type":"Polygon","properties":{"vogeId":154,"vogeName":"Küsnacht (ZH)","bezkId":107,"bezkName":"Meilen","kantId":1,"kantName":"Zürich"}},{"arcs":[[1643,1644,1645,1646]],"type":"Polygon","properties":{"vogeId":155,"vogeName":"Männedorf","bezkId":107,"bezkName":"Meilen","kantId":1,"kantName":"Zürich"}},{"arcs":[[1647,1648,1649,-1633]],"type":"Polygon","properties":{"vogeId":156,"vogeName":"Meilen","bezkId":107,"bezkName":"Meilen","kantId":1,"kantName":"Zürich"}},{"arcs":[[1650,-1597,-1639,1651,-1644,1652]],"type":"Polygon","properties":{"vogeId":157,"vogeName":"Oetwil am See","bezkId":107,"bezkName":"Meilen","kantId":1,"kantName":"Zürich"}},{"arcs":[[-1652,-1638,1653,-1645]],"type":"Polygon","properties":{"vogeId":158,"vogeName":"Stäfa","bezkId":107,"bezkName":"Meilen","kantId":1,"kantName":"Zürich"}},{"arcs":[[1654,-1653,-1647,1655,-1649]],"type":"Polygon","properties":{"vogeId":159,"vogeName":"Uetikon am See","bezkId":107,"bezkName":"Meilen","kantId":1,"kantName":"Zürich"}},{"arcs":[[1656,1657,-1641]],"type":"Polygon","properties":{"vogeId":160,"vogeName":"Zumikon","bezkId":107,"bezkName":"Meilen","kantId":1,"kantName":"Zürich"}},{"arcs":[[1658,-1657,-1640,1659,1660]],"type":"Polygon","properties":{"vogeId":161,"vogeName":"Zollikon","bezkId":107,"bezkName":"Meilen","kantId":1,"kantName":"Zürich"}},{"arcs":[[1661,1662,1663,1664,1665]],"type":"Polygon","properties":{"vogeId":172,"vogeName":"Fehraltorf","bezkId":108,"bezkName":"Pfäffikon","kantId":1,"kantName":"Zürich"}},{"arcs":[[1666,-1572,1667]],"type":"Polygon","properties":{"vogeId":173,"vogeName":"Hittnau","bezkId":108,"bezkName":"Pfäffikon","kantId":1,"kantName":"Zürich"}},{"arcs":[[1668,1669,1670,1671,1672,-1425,-1480]],"type":"Polygon","properties":{"vogeId":176,"vogeName":"Lindau","bezkId":108,"bezkName":"Pfäffikon","kantId":1,"kantName":"Zürich"}},{"arcs":[[1673,1674,-1668,-1571,-1607,-1603,1675,-1664,1676]],"type":"Polygon","properties":{"vogeId":177,"vogeName":"Pfäffikon","bezkId":108,"bezkName":"Pfäffikon","kantId":1,"kantName":"Zürich"}},{"arcs":[[1677,1678,-1677,-1663,1679]],"type":"Polygon","properties":{"vogeId":178,"vogeName":"Russikon","bezkId":108,"bezkName":"Pfäffikon","kantId":1,"kantName":"Zürich"}},{"arcs":[[1680,1681,-1678,1682]],"type":"Polygon","properties":{"vogeId":180,"vogeName":"Weisslingen","bezkId":108,"bezkName":"Pfäffikon","kantId":1,"kantName":"Zürich"}},{"arcs":[[1683,1684,1685,1686]],"type":"Polygon","properties":{"vogeId":181,"vogeName":"Wila","bezkId":108,"bezkName":"Pfäffikon","kantId":1,"kantName":"Zürich"}},{"arcs":[[1687,1688,-1687,1689,-1674,-1679,-1682]],"type":"Polygon","properties":{"vogeId":182,"vogeName":"Wildberg","bezkId":108,"bezkName":"Pfäffikon","kantId":1,"kantName":"Zürich"}},{"arcs":[[-1437,1690,1691,1692,1693,1694,-1490]],"type":"Polygon","properties":{"vogeId":191,"vogeName":"Dübendorf","bezkId":109,"bezkName":"Uster","kantId":1,"kantName":"Zürich"}},{"arcs":[[1695,1696,-1592,-1595,-1651,-1655,-1648,-1632]],"type":"Polygon","properties":{"vogeId":192,"vogeName":"Egg","bezkId":109,"bezkName":"Uster","kantId":1,"kantName":"Zürich"}},{"arcs":[[1697,1698,1699,1700,-1694]],"type":"Polygon","properties":{"vogeId":193,"vogeName":"Fällanden","bezkId":109,"bezkName":"Uster","kantId":1,"kantName":"Zürich"}},{"arcs":[[1701,1702,1703,1704]],"type":"Polygon","properties":{"vogeId":194,"vogeName":"Greifensee","bezkId":109,"bezkName":"Uster","kantId":1,"kantName":"Zürich"}},{"arcs":[[-1700,1705,1706,-1696,-1631,-1642,-1658,-1659,1707]],"type":"Polygon","properties":{"vogeId":195,"vogeName":"Maur","bezkId":109,"bezkName":"Uster","kantId":1,"kantName":"Zürich"}},{"arcs":[[1708,1709,-1593,-1697,-1707]],"type":"Polygon","properties":{"vogeId":196,"vogeName":"Mönchaltorf","bezkId":109,"bezkName":"Uster","kantId":1,"kantName":"Zürich"}},{"arcs":[[-1693,1710,-1705,1711,-1698]],"type":"Polygon","properties":{"vogeId":197,"vogeName":"Schwerzenbach","bezkId":109,"bezkName":"Uster","kantId":1,"kantName":"Zürich"}},{"arcs":[[1712,-1665,-1676,-1605,-1594,-1710,1713,-1703]],"type":"Polygon","properties":{"vogeId":198,"vogeName":"Uster","bezkId":109,"bezkName":"Uster","kantId":1,"kantName":"Zürich"}},{"arcs":[[-1672,1714,-1666,-1713,-1702,-1711,-1692,1715]],"type":"Polygon","properties":{"vogeId":199,"vogeName":"Volketswil","bezkId":109,"bezkName":"Uster","kantId":1,"kantName":"Zürich"}},{"arcs":[[-1426,-1673,-1716,-1691,-1436]],"type":"Polygon","properties":{"vogeId":200,"vogeName":"Wangen-Brüttisellen","bezkId":109,"bezkName":"Uster","kantId":1,"kantName":"Zürich"}},{"arcs":[[1716,1717,1718,1719,1720,-1409]],"type":"Polygon","properties":{"vogeId":211,"vogeName":"Altikon","bezkId":110,"bezkName":"Winterthur","kantId":1,"kantName":"Zürich"}},{"arcs":[[-1483,1721,-1669,-1479]],"type":"Polygon","properties":{"vogeId":213,"vogeName":"Brütten","bezkId":110,"bezkName":"Winterthur","kantId":1,"kantName":"Zürich"}},{"arcs":[[-1411,1722,1723,1724,-1385,1725]],"type":"Polygon","properties":{"vogeId":214,"vogeName":"Dägerlen","bezkId":110,"bezkName":"Winterthur","kantId":1,"kantName":"Zürich"}},{"arcs":[[-1364,1726,1727,-1447,-1453]],"type":"Polygon","properties":{"vogeId":215,"vogeName":"Dättlikon","bezkId":110,"bezkName":"Winterthur","kantId":1,"kantName":"Zürich"}},{"arcs":[[-1410,-1721,1728,1729,1730,-1723]],"type":"Polygon","properties":{"vogeId":216,"vogeName":"Dinhard","bezkId":110,"bezkName":"Winterthur","kantId":1,"kantName":"Zürich"}},{"arcs":[[1731,1732,1733,1734,1735,-1719]],"type":"Polygon","properties":{"vogeId":218,"vogeName":"Ellikon an der Thur","bezkId":110,"bezkName":"Winterthur","kantId":1,"kantName":"Zürich"}},{"arcs":[[1736,1737,1738,1739]],"type":"Polygon","properties":{"vogeId":219,"vogeName":"Elsau","bezkId":110,"bezkName":"Winterthur","kantId":1,"kantName":"Zürich"}},{"arcs":[[1740,1741,1742,1743]],"type":"Polygon","properties":{"vogeId":220,"vogeName":"Hagenbuch","bezkId":110,"bezkName":"Winterthur","kantId":1,"kantName":"Zürich"}},{"arcs":[[-1386,-1725,1744,1745,1746]],"type":"Polygon","properties":{"vogeId":221,"vogeName":"Hettlingen","bezkId":110,"bezkName":"Winterthur","kantId":1,"kantName":"Zürich"}},{"arcs":[[1747,-1387,-1747,1748,1749,-1727,-1363,-1370]],"type":"Polygon","properties":{"vogeId":223,"vogeName":"Neftenbach","bezkId":110,"bezkName":"Winterthur","kantId":1,"kantName":"Zürich"}},{"arcs":[[-1728,-1750,1750,-1481,-1448]],"type":"Polygon","properties":{"vogeId":224,"vogeName":"Pfungen","bezkId":110,"bezkName":"Winterthur","kantId":1,"kantName":"Zürich"}},{"arcs":[[-1720,-1736,1751,1752,-1729]],"type":"Polygon","properties":{"vogeId":225,"vogeName":"Rickenbach (ZH)","bezkId":110,"bezkName":"Winterthur","kantId":1,"kantName":"Zürich"}},{"arcs":[[-1739,1753,1754,1755,1756]],"type":"Polygon","properties":{"vogeId":226,"vogeName":"Schlatt (ZH)","bezkId":110,"bezkName":"Winterthur","kantId":1,"kantName":"Zürich"}},{"arcs":[[-1731,1757,-1745,-1724]],"type":"Polygon","properties":{"vogeId":227,"vogeName":"Seuzach","bezkId":110,"bezkName":"Winterthur","kantId":1,"kantName":"Zürich"}},{"arcs":[[-1755,1758,1759,1760,-1684,-1689,1761]],"type":"Polygon","properties":{"vogeId":228,"vogeName":"Turbenthal","bezkId":110,"bezkName":"Winterthur","kantId":1,"kantName":"Zürich"}},{"arcs":[[-1670,-1722,-1482,-1751,-1749,-1746,-1758,-1730,-1753,1762,-1740,-1757,1763,1764]],"type":"Polygon","properties":{"vogeId":230,"vogeName":"Winterthur","bezkId":110,"bezkName":"Winterthur","kantId":1,"kantName":"Zürich"}},{"arcs":[[-1764,-1756,-1762,-1688,-1681,1765]],"type":"Polygon","properties":{"vogeId":231,"vogeName":"Zell (ZH)","bezkId":110,"bezkName":"Winterthur","kantId":1,"kantName":"Zürich"}},{"arcs":[[1766,-1309,1767,1768,1769]],"type":"Polygon","properties":{"vogeId":241,"vogeName":"Aesch (ZH)","bezkId":111,"bezkName":"Dietikon","kantId":1,"kantName":"Zürich"}},{"arcs":[[1770,1771,-1349,-1350,-1767,1772,1773,1774]],"type":"Polygon","properties":{"vogeId":242,"vogeName":"Birmensdorf (ZH)","bezkId":111,"bezkName":"Dietikon","kantId":1,"kantName":"Zürich"}},{"arcs":[[1775,1776,1777,1778,1779,1780,1781,1782,1783]],"type":"Polygon","properties":{"vogeId":243,"vogeName":"Dietikon","bezkId":111,"bezkName":"Dietikon","kantId":1,"kantName":"Zürich"}},{"arcs":[[1784,1785,-1777]],"type":"Polygon","properties":{"vogeId":244,"vogeName":"Geroldswil","bezkId":111,"bezkName":"Dietikon","kantId":1,"kantName":"Zürich"}},{"arcs":[[-1557,1786,1787,1788]],"type":"Polygon","properties":{"vogeId":245,"vogeName":"Oberengstringen","bezkId":111,"bezkName":"Dietikon","kantId":1,"kantName":"Zürich"}},{"arcs":[[-1522,-1519,1789,-1785,-1776,1790,1791,-1527]],"type":"Polygon","properties":{"vogeId":246,"vogeName":"Oetwil an der Limmat","bezkId":111,"bezkName":"Dietikon","kantId":1,"kantName":"Zürich"}},{"arcs":[[1792,-1788,1793,1794,-1780]],"type":"Polygon","properties":{"vogeId":247,"vogeName":"Schlieren","bezkId":111,"bezkName":"Dietikon","kantId":1,"kantName":"Zürich"}},{"arcs":[[1795,1796,-1344,-1772]],"type":"Polygon","properties":{"vogeId":248,"vogeName":"Uitikon","bezkId":111,"bezkName":"Dietikon","kantId":1,"kantName":"Zürich"}},{"arcs":[[-1558,-1789,-1793,-1779,1797]],"type":"Polygon","properties":{"vogeId":249,"vogeName":"Unterengstringen","bezkId":111,"bezkName":"Dietikon","kantId":1,"kantName":"Zürich"}},{"arcs":[[-1795,-1796,-1771,1798,1799,-1781]],"type":"Polygon","properties":{"vogeId":250,"vogeName":"Urdorf","bezkId":111,"bezkName":"Dietikon","kantId":1,"kantName":"Zürich"}},{"arcs":[[-1790,-1518,-1559,-1798,-1778,-1786]],"type":"Polygon","properties":{"vogeId":251,"vogeName":"Weiningen (ZH)","bezkId":111,"bezkName":"Dietikon","kantId":1,"kantName":"Zürich"}},{"arcs":[[-1701,-1708,-1661,1800,-1612,-1608,-1345,-1797,-1794,-1787,-1556,-1560,-1485,-1491,-1695]],"type":"Polygon","properties":{"vogeId":261,"vogeName":"Zürich","bezkId":112,"bezkName":"Zürich","kantId":1,"kantName":"Zürich"}},{"arcs":[[-1406,-1412,-1726,-1388,-1748,-1369,-1418,-1379,-1391]],"type":"Polygon","properties":{"vogeId":291,"vogeName":"Andelfingen","bezkId":102,"bezkName":"Andelfingen","kantId":1,"kantName":"Zürich"}},{"arcs":[[1801,1802,-1403,-1416,1803,1804,1805]],"type":"Polygon","properties":{"vogeId":292,"vogeName":"Stammheim","bezkId":102,"bezkName":"Andelfingen","kantId":1,"kantName":"Zürich"}},{"arcs":[[1806,1807,1808,1809,1810,1811,-1623]],"type":"Polygon","properties":{"vogeId":293,"vogeName":"Wädenswil","bezkId":106,"bezkName":"Horgen","kantId":1,"kantName":"Zürich"}},{"arcs":[[-1738,1812,-1743,1813,-1759,-1754]],"type":"Polygon","properties":{"vogeId":294,"vogeName":"Elgg","bezkId":110,"bezkName":"Winterthur","kantId":1,"kantName":"Zürich"}},{"arcs":[[-1627,-1620,1814,-1811,1815,1816,-1315,-1617]],"type":"Polygon","properties":{"vogeId":295,"vogeName":"Horgen","bezkId":106,"bezkName":"Horgen","kantId":1,"kantName":"Zürich"}},{"arcs":[[-1766,-1683,-1680,-1662,-1715,-1671,-1765]],"type":"Polygon","properties":{"vogeId":296,"vogeName":"Illnau-Effretikon","bezkId":108,"bezkName":"Pfäffikon","kantId":1,"kantName":"Zürich"}},{"arcs":[[1817,-1587,-1567,-1667,-1675,-1690,-1686]],"type":"Polygon","properties":{"vogeId":297,"vogeName":"Bauma","bezkId":108,"bezkName":"Pfäffikon","kantId":1,"kantName":"Zürich"}},{"arcs":[[1818,1819,-1744,-1813,-1737,-1763,-1752,-1735]],"type":"Polygon","properties":{"vogeId":298,"vogeName":"Wiesendangen","bezkId":110,"bezkName":"Winterthur","kantId":1,"kantName":"Zürich"}},{"arcs":[[1820,1821,1822,1823,1824]],"type":"Polygon","properties":{"vogeId":301,"vogeName":"Aarberg","bezkId":243,"bezkName":"Seeland","kantId":2,"kantName":"Bern"}},{"arcs":[[1825,-1824,1826,1827,1828,1829]],"type":"Polygon","properties":{"vogeId":302,"vogeName":"Bargen (BE)","bezkId":243,"bezkName":"Seeland","kantId":2,"kantName":"Bern"}},{"arcs":[[1830,1831,1832,1833,1834,1835]],"type":"Polygon","properties":{"vogeId":303,"vogeName":"Grossaffoltern","bezkId":243,"bezkName":"Seeland","kantId":2,"kantName":"Bern"}},{"arcs":[[1836,1837,1838,1839,1840,1841,1842,1843,-1828,1844]],"type":"Polygon","properties":{"vogeId":304,"vogeName":"Kallnach","bezkId":243,"bezkName":"Seeland","kantId":2,"kantName":"Bern"}},{"arcs":[[1845,1846,-1825,-1826,1847,1848,1849,1850,1851]],"type":"Polygon","properties":{"vogeId":305,"vogeName":"Kappelen","bezkId":243,"bezkName":"Seeland","kantId":2,"kantName":"Bern"}},{"arcs":[[1852,1853,1854,1855,-1836,1856,-1821,-1847]],"type":"Polygon","properties":{"vogeId":306,"vogeName":"Lyss","bezkId":243,"bezkName":"Seeland","kantId":2,"kantName":"Bern"}},{"arcs":[[1857,1858,1859,1860]],"type":"Polygon","properties":{"vogeId":307,"vogeName":"Meikirch","bezkId":246,"bezkName":"Bern-Mittelland","kantId":2,"kantName":"Bern"}},{"arcs":[[-1823,1861,1862,1863,-1845,-1827]],"type":"Polygon","properties":{"vogeId":309,"vogeName":"Radelfingen","bezkId":243,"bezkName":"Seeland","kantId":2,"kantName":"Bern"}},{"arcs":[[1864,1865,1866,1867,1868,-1833,1869,1870,1871]],"type":"Polygon","properties":{"vogeId":310,"vogeName":"Rapperswil (BE)","bezkId":243,"bezkName":"Seeland","kantId":2,"kantName":"Bern"}},{"arcs":[[-1834,-1869,1872,1873,-1858,1874]],"type":"Polygon","properties":{"vogeId":311,"vogeName":"Schüpfen","bezkId":243,"bezkName":"Seeland","kantId":2,"kantName":"Bern"}},{"arcs":[[-1857,-1835,-1875,-1861,1875,-1862,-1822]],"type":"Polygon","properties":{"vogeId":312,"vogeName":"Seedorf (BE)","bezkId":243,"bezkName":"Seeland","kantId":2,"kantName":"Bern"}},{"arcs":[[1876,1877,1878,1879,1880,1881,1882]],"type":"Polygon","properties":{"vogeId":321,"vogeName":"Aarwangen","bezkId":244,"bezkName":"Oberaargau","kantId":2,"kantName":"Bern"}},{"arcs":[[1883,1884,1885,1886]],"type":"Polygon","properties":{"vogeId":322,"vogeName":"Auswil","bezkId":244,"bezkName":"Oberaargau","kantId":2,"kantName":"Bern"}},{"arcs":[[1887,-1883,1888,1889,1890,1891,1892]],"type":"Polygon","properties":{"vogeId":323,"vogeName":"Bannwil","bezkId":244,"bezkName":"Oberaargau","kantId":2,"kantName":"Bern"}},{"arcs":[[1893,1894,1895,1896,1897,1898]],"type":"Polygon","properties":{"vogeId":324,"vogeName":"Bleienbach","bezkId":244,"bezkName":"Oberaargau","kantId":2,"kantName":"Bern"}},{"arcs":[[1899,1900,1901,1902]],"type":"Polygon","properties":{"vogeId":325,"vogeName":"Busswil bei Melchnau","bezkId":244,"bezkName":"Oberaargau","kantId":2,"kantName":"Bern"}},{"arcs":[[1903,1904,1905,1906,1907,-1885,1908,1909]],"type":"Polygon","properties":{"vogeId":326,"vogeName":"Gondiswil","bezkId":244,"bezkName":"Oberaargau","kantId":2,"kantName":"Bern"}},{"arcs":[[1910,-1894,1911,-1880,1912,1913,1914,-1903]],"type":"Polygon","properties":{"vogeId":329,"vogeName":"Langenthal","bezkId":244,"bezkName":"Oberaargau","kantId":2,"kantName":"Bern"}},{"arcs":[[-1911,-1902,1915,1916,-1895]],"type":"Polygon","properties":{"vogeId":331,"vogeName":"Lotzwil","bezkId":244,"bezkName":"Oberaargau","kantId":2,"kantName":"Bern"}},{"arcs":[[-1901,1917,1918,-1909,-1884,1919,1920,1921,1922,1923,-1916]],"type":"Polygon","properties":{"vogeId":332,"vogeName":"Madiswil","bezkId":244,"bezkName":"Oberaargau","kantId":2,"kantName":"Bern"}},{"arcs":[[1924,1925,1926,-1904,1927,-1918,-1900,-1915]],"type":"Polygon","properties":{"vogeId":333,"vogeName":"Melchnau","bezkId":244,"bezkName":"Oberaargau","kantId":2,"kantName":"Bern"}},{"arcs":[[1928,1929,1930,1931]],"type":"Polygon","properties":{"vogeId":335,"vogeName":"Oeschenbach","bezkId":244,"bezkName":"Oberaargau","kantId":2,"kantName":"Bern"}},{"arcs":[[-1919,-1928,-1910]],"type":"Polygon","properties":{"vogeId":336,"vogeName":"Reisiswil","bezkId":244,"bezkName":"Oberaargau","kantId":2,"kantName":"Bern"}},{"arcs":[[1932,1933,1934,-1913,-1879]],"type":"Polygon","properties":{"vogeId":337,"vogeName":"Roggwil (BE)","bezkId":244,"bezkName":"Oberaargau","kantId":2,"kantName":"Bern"}},{"arcs":[[-1920,-1887,1935,1936]],"type":"Polygon","properties":{"vogeId":338,"vogeName":"Rohrbach","bezkId":244,"bezkName":"Oberaargau","kantId":2,"kantName":"Bern"}},{"arcs":[[-1921,-1937,1937,1938,1939,1940]],"type":"Polygon","properties":{"vogeId":339,"vogeName":"Rohrbachgraben","bezkId":244,"bezkName":"Oberaargau","kantId":2,"kantName":"Bern"}},{"arcs":[[-1917,-1924,1941,-1896]],"type":"Polygon","properties":{"vogeId":340,"vogeName":"Rütschelen","bezkId":244,"bezkName":"Oberaargau","kantId":2,"kantName":"Bern"}},{"arcs":[[1942,1943,1944,-1877,-1888,1945]],"type":"Polygon","properties":{"vogeId":341,"vogeName":"Schwarzhäusern","bezkId":244,"bezkName":"Oberaargau","kantId":2,"kantName":"Bern"}},{"arcs":[[-1881,-1912,-1899,1946,1947,1948]],"type":"Polygon","properties":{"vogeId":342,"vogeName":"Thunstetten","bezkId":244,"bezkName":"Oberaargau","kantId":2,"kantName":"Bern"}},{"arcs":[[-1922,-1941,1949,-1930,1950]],"type":"Polygon","properties":{"vogeId":344,"vogeName":"Ursenbach","bezkId":244,"bezkName":"Oberaargau","kantId":2,"kantName":"Bern"}},{"arcs":[[1951,1952,-1933,-1878,-1945]],"type":"Polygon","properties":{"vogeId":345,"vogeName":"Wynau","bezkId":244,"bezkName":"Oberaargau","kantId":2,"kantName":"Bern"}},{"arcs":[[1953,1954,1955,1956,1957,1958,1959,1960,1961,1962,1963]],"type":"Polygon","properties":{"vogeId":351,"vogeName":"Bern","bezkId":246,"bezkName":"Bern-Mittelland","kantId":2,"kantName":"Bern"}},{"arcs":[[1964,1965,1966,1967,1968,1969,1970,1971]],"type":"Polygon","properties":{"vogeId":352,"vogeName":"Bolligen","bezkId":246,"bezkName":"Bern-Mittelland","kantId":2,"kantName":"Bern"}},{"arcs":[[1972,-1959,1973]],"type":"Polygon","properties":{"vogeId":353,"vogeName":"Bremgarten bei Bern","bezkId":246,"bezkName":"Bern-Mittelland","kantId":2,"kantName":"Bern"}},{"arcs":[[-1874,1974,1975,-1974,-1958,1976,-1859]],"type":"Polygon","properties":{"vogeId":354,"vogeName":"Kirchlindach","bezkId":246,"bezkName":"Bern-Mittelland","kantId":2,"kantName":"Bern"}},{"arcs":[[1977,-1964,1978,1979,1980,1981,1982]],"type":"Polygon","properties":{"vogeId":355,"vogeName":"Köniz","bezkId":246,"bezkName":"Bern-Mittelland","kantId":2,"kantName":"Bern"}},{"arcs":[[1983,1984,1985,1986,1987,1988,-1963,1989]],"type":"Polygon","properties":{"vogeId":356,"vogeName":"Muri bei Bern","bezkId":246,"bezkName":"Bern-Mittelland","kantId":2,"kantName":"Bern"}},{"arcs":[[-1981,1990,1991,1992]],"type":"Polygon","properties":{"vogeId":357,"vogeName":"Oberbalm","bezkId":246,"bezkName":"Bern-Mittelland","kantId":2,"kantName":"Bern"}},{"arcs":[[-1968,1993,-1984,1994]],"type":"Polygon","properties":{"vogeId":358,"vogeName":"Stettlen","bezkId":246,"bezkName":"Bern-Mittelland","kantId":2,"kantName":"Bern"}},{"arcs":[[1995,1996,1997,1998,-1985,-1994,-1967,1999]],"type":"Polygon","properties":{"vogeId":359,"vogeName":"Vechigen","bezkId":246,"bezkName":"Bern-Mittelland","kantId":2,"kantName":"Bern"}},{"arcs":[[-1876,-1860,-1977,-1957,2000,2001,-1863]],"type":"Polygon","properties":{"vogeId":360,"vogeName":"Wohlen bei Bern","bezkId":246,"bezkName":"Bern-Mittelland","kantId":2,"kantName":"Bern"}},{"arcs":[[2002,2003,-1960,-1973,-1976]],"type":"Polygon","properties":{"vogeId":361,"vogeName":"Zollikofen","bezkId":246,"bezkName":"Bern-Mittelland","kantId":2,"kantName":"Bern"}},{"arcs":[[2004,-1970,2005,-1961,-2004]],"type":"Polygon","properties":{"vogeId":362,"vogeName":"Ittigen","bezkId":246,"bezkName":"Bern-Mittelland","kantId":2,"kantName":"Bern"}},{"arcs":[[-2006,-1969,-1995,-1990,-1962]],"type":"Polygon","properties":{"vogeId":363,"vogeName":"Ostermundigen","bezkId":246,"bezkName":"Bern-Mittelland","kantId":2,"kantName":"Bern"}},{"arcs":[[2006,2007,2008,2009,2010,2011,2012,2013,2014,2015,2016]],"type":"Polygon","properties":{"vogeId":371,"vogeName":"Biel/Bienne","bezkId":242,"bezkName":"Biel/Bienne","kantId":2,"kantName":"Bern"}},{"arcs":[[2017,-2011,2018,2019]],"type":"Polygon","properties":{"vogeId":372,"vogeName":"Evilard","bezkId":242,"bezkName":"Biel/Bienne","kantId":2,"kantName":"Bern"}},{"arcs":[[2020,2021,2022,2023,2024]],"type":"Polygon","properties":{"vogeId":381,"vogeName":"Arch","bezkId":243,"bezkName":"Seeland","kantId":2,"kantName":"Bern"}},{"arcs":[[2025,2026,-1855,2027,2028]],"type":"Polygon","properties":{"vogeId":382,"vogeName":"Büetigen","bezkId":243,"bezkName":"Seeland","kantId":2,"kantName":"Bern"}},{"arcs":[[2029,2030,2031,2032,2033,2034,2035,2036,2037,2038]],"type":"Polygon","properties":{"vogeId":383,"vogeName":"Büren an der Aare","bezkId":243,"bezkName":"Seeland","kantId":2,"kantName":"Bern"}},{"arcs":[[-2038,2039,2040,-1831,-1856,-2027,2041]],"type":"Polygon","properties":{"vogeId":385,"vogeName":"Diessbach bei Büren","bezkId":243,"bezkName":"Seeland","kantId":2,"kantName":"Bern"}},{"arcs":[[-2039,-2042,-2026,2042]],"type":"Polygon","properties":{"vogeId":386,"vogeName":"Dotzigen","bezkId":243,"bezkName":"Seeland","kantId":2,"kantName":"Bern"}},{"arcs":[[2043,2044,-2033,2045,2046]],"type":"Polygon","properties":{"vogeId":387,"vogeName":"Lengnau (BE)","bezkId":242,"bezkName":"Biel/Bienne","kantId":2,"kantName":"Bern"}},{"arcs":[[2047,2048,2049,2050,-2022,2051]],"type":"Polygon","properties":{"vogeId":388,"vogeName":"Leuzigen","bezkId":243,"bezkName":"Seeland","kantId":2,"kantName":"Bern"}},{"arcs":[[2052,-2046,-2032,2053]],"type":"Polygon","properties":{"vogeId":390,"vogeName":"Meinisberg","bezkId":242,"bezkName":"Biel/Bienne","kantId":2,"kantName":"Bern"}},{"arcs":[[2054,2055,2056,2057,-2036]],"type":"Polygon","properties":{"vogeId":391,"vogeName":"Oberwil bei Büren","bezkId":243,"bezkName":"Seeland","kantId":2,"kantName":"Bern"}},{"arcs":[[2058,-2047,-2053,2059,-2014,2060]],"type":"Polygon","properties":{"vogeId":392,"vogeName":"Pieterlen","bezkId":242,"bezkName":"Biel/Bienne","kantId":2,"kantName":"Bern"}},{"arcs":[[2061,-2024,2062,-2055,-2035]],"type":"Polygon","properties":{"vogeId":393,"vogeName":"Rüti bei Büren","bezkId":243,"bezkName":"Seeland","kantId":2,"kantName":"Bern"}},{"arcs":[[2063,-1870,-1832,-2041,2064]],"type":"Polygon","properties":{"vogeId":394,"vogeName":"Wengi","bezkId":243,"bezkName":"Seeland","kantId":2,"kantName":"Bern"}},{"arcs":[[2065,2066,2067,2068]],"type":"Polygon","properties":{"vogeId":401,"vogeName":"Aefligen","bezkId":245,"bezkName":"Emmental","kantId":2,"kantName":"Bern"}},{"arcs":[[2069,2070,2071,2072,2073,2074]],"type":"Polygon","properties":{"vogeId":402,"vogeName":"Alchenstorf","bezkId":245,"bezkName":"Emmental","kantId":2,"kantName":"Bern"}},{"arcs":[[2075,2076,2077]],"type":"Polygon","properties":{"vogeId":403,"vogeName":"Bäriswil","bezkId":246,"bezkName":"Bern-Mittelland","kantId":2,"kantName":"Bern"}},{"arcs":[[2078,2079,2080,2081,2082,2083,2084,2085,2086,2087]],"type":"Polygon","properties":{"vogeId":404,"vogeName":"Burgdorf","bezkId":245,"bezkName":"Emmental","kantId":2,"kantName":"Bern"}},{"arcs":[[2088,-2073,2089,2090,2091]],"type":"Polygon","properties":{"vogeId":405,"vogeName":"Ersigen","bezkId":245,"bezkName":"Emmental","kantId":2,"kantName":"Bern"}},{"arcs":[[-2081,2092,2093,2094,2095,2096,2097,-1997,2098,2099,2100]],"type":"Polygon","properties":{"vogeId":406,"vogeName":"Hasle bei Burgdorf","bezkId":245,"bezkName":"Emmental","kantId":2,"kantName":"Bern"}},{"arcs":[[2101,2102,2103,-2093,-2080]],"type":"Polygon","properties":{"vogeId":407,"vogeName":"Heimiswil","bezkId":245,"bezkName":"Emmental","kantId":2,"kantName":"Bern"}},{"arcs":[[2104,2105,2106,-2084,2107,-2076,2108,2109]],"type":"Polygon","properties":{"vogeId":409,"vogeName":"Hindelbank","bezkId":245,"bezkName":"Emmental","kantId":2,"kantName":"Bern"}},{"arcs":[[2110,2111,-2075,2112,2113]],"type":"Polygon","properties":{"vogeId":410,"vogeName":"Höchstetten","bezkId":245,"bezkName":"Emmental","kantId":2,"kantName":"Bern"}},{"arcs":[[2114,-2105,2115,2116]],"type":"Polygon","properties":{"vogeId":411,"vogeName":"Kernenried","bezkId":245,"bezkName":"Emmental","kantId":2,"kantName":"Bern"}},{"arcs":[[2117,-2091,2118,2119,-2088,2120,2121]],"type":"Polygon","properties":{"vogeId":412,"vogeName":"Kirchberg (BE)","bezkId":245,"bezkName":"Emmental","kantId":2,"kantName":"Bern"}},{"arcs":[[2122,2123,-2113,-2074,-2089,2124,2125]],"type":"Polygon","properties":{"vogeId":413,"vogeName":"Koppigen","bezkId":245,"bezkName":"Emmental","kantId":2,"kantName":"Bern"}},{"arcs":[[-2083,2126,2127,2128,-2000,-1966,2129,-2077,-2108]],"type":"Polygon","properties":{"vogeId":414,"vogeName":"Krauchthal","bezkId":245,"bezkName":"Emmental","kantId":2,"kantName":"Bern"}},{"arcs":[[2130,-2121,-2087,2131,-2106,-2115,2132]],"type":"Polygon","properties":{"vogeId":415,"vogeName":"Lyssach","bezkId":245,"bezkName":"Emmental","kantId":2,"kantName":"Bern"}},{"arcs":[[[-1996,-2129,2133,-2099]],[[-2082,-2101,2134,-2127]],[[2135,-2085]]],"type":"MultiPolygon","properties":{"vogeId":418,"vogeName":"Oberburg","bezkId":245,"bezkName":"Emmental","kantId":2,"kantName":"Bern"}},{"arcs":[[-2068,-2122,-2131,2136]],"type":"Polygon","properties":{"vogeId":420,"vogeName":"Rüdtligen-Alchenflüh","bezkId":245,"bezkName":"Emmental","kantId":2,"kantName":"Bern"}},{"arcs":[[-2072,2137,-2119,-2090]],"type":"Polygon","properties":{"vogeId":421,"vogeName":"Rumendingen","bezkId":245,"bezkName":"Emmental","kantId":2,"kantName":"Bern"}},{"arcs":[[-2132,-2086,-2136,-2107]],"type":"Polygon","properties":{"vogeId":422,"vogeName":"Rüti bei Lyssach","bezkId":245,"bezkName":"Emmental","kantId":2,"kantName":"Bern"}},{"arcs":[[2138,-2114,-2124,2139]],"type":"Polygon","properties":{"vogeId":423,"vogeName":"Willadingen","bezkId":245,"bezkName":"Emmental","kantId":2,"kantName":"Bern"}},{"arcs":[[2140,-1932,2141,2142,-2102,-2079,-2120,-2138,-2071,2143]],"type":"Polygon","properties":{"vogeId":424,"vogeName":"Wynigen","bezkId":245,"bezkName":"Emmental","kantId":2,"kantName":"Bern"}},{"arcs":[[2144,2145,2146,2147,2148,2149,2150]],"type":"Polygon","properties":{"vogeId":431,"vogeName":"Corgémont","bezkId":241,"bezkName":"Jura bernois","kantId":2,"kantName":"Bern"}},{"arcs":[[2151,2152,2153,2154]],"type":"Polygon","properties":{"vogeId":432,"vogeName":"Cormoret","bezkId":241,"bezkName":"Jura bernois","kantId":2,"kantName":"Bern"}},{"arcs":[[2155,-2149,2156,2157]],"type":"Polygon","properties":{"vogeId":433,"vogeName":"Cortébert","bezkId":241,"bezkName":"Jura bernois","kantId":2,"kantName":"Bern"}},{"arcs":[[2158,-2158,2159,-2153,2160]],"type":"Polygon","properties":{"vogeId":434,"vogeName":"Courtelary","bezkId":241,"bezkName":"Jura bernois","kantId":2,"kantName":"Bern"}},{"arcs":[[2161,2162,2163,2164]],"type":"Polygon","properties":{"vogeId":435,"vogeName":"La Ferrière","bezkId":241,"bezkName":"Jura bernois","kantId":2,"kantName":"Bern"}},{"arcs":[[2165,2166,-2150,-2156,-2159]],"type":"Polygon","properties":{"vogeId":437,"vogeName":"Mont-Tramelan","bezkId":241,"bezkName":"Jura bernois","kantId":2,"kantName":"Bern"}},{"arcs":[[2167,2168,-2012,-2018,2169,2170,-2147,2171]],"type":"Polygon","properties":{"vogeId":438,"vogeName":"Orvin","bezkId":241,"bezkName":"Jura bernois","kantId":2,"kantName":"Bern"}},{"arcs":[[-2164,2172,2173,2174]],"type":"Polygon","properties":{"vogeId":441,"vogeName":"Renan (BE)","bezkId":241,"bezkName":"Jura bernois","kantId":2,"kantName":"Bern"}},{"arcs":[[2175,2176,-2044,-2059,2177,2178,2179]],"type":"Polygon","properties":{"vogeId":442,"vogeName":"Romont (BE)","bezkId":241,"bezkName":"Jura bernois","kantId":2,"kantName":"Bern"}},{"arcs":[[2180,2181,2182,2183,2184,2185]],"type":"Polygon","properties":{"vogeId":443,"vogeName":"Saint-Imier","bezkId":241,"bezkName":"Jura bernois","kantId":2,"kantName":"Bern"}},{"arcs":[[2186,2187,-2172,-2146]],"type":"Polygon","properties":{"vogeId":444,"vogeName":"Sonceboz-Sombeval","bezkId":241,"bezkName":"Jura bernois","kantId":2,"kantName":"Bern"}},{"arcs":[[2188,-2185,2189,-2173,-2163]],"type":"Polygon","properties":{"vogeId":445,"vogeName":"Sonvilier","bezkId":241,"bezkName":"Jura bernois","kantId":2,"kantName":"Bern"}},{"arcs":[[2190,2191,2192,2193,-2151,-2167,2194,2195,2196]],"type":"Polygon","properties":{"vogeId":446,"vogeName":"Tramelan","bezkId":241,"bezkName":"Jura bernois","kantId":2,"kantName":"Bern"}},{"arcs":[[2197,-2155,2198,2199,-2183,2200]],"type":"Polygon","properties":{"vogeId":448,"vogeName":"Villeret","bezkId":241,"bezkName":"Jura bernois","kantId":2,"kantName":"Bern"}},{"arcs":[[-2178,-2061,-2013,-2169,2201]],"type":"Polygon","properties":{"vogeId":449,"vogeName":"Sauge","bezkId":241,"bezkName":"Jura bernois","kantId":2,"kantName":"Bern"}},{"arcs":[[2202,-2179,-2202,-2168,-2188,2203,2204,2205]],"type":"Polygon","properties":{"vogeId":450,"vogeName":"Péry-La Heutte","bezkId":241,"bezkName":"Jura bernois","kantId":2,"kantName":"Bern"}},{"arcs":[[2206,2207,2208,2209,2210]],"type":"Polygon","properties":{"vogeId":491,"vogeName":"Brüttelen","bezkId":243,"bezkName":"Seeland","kantId":2,"kantName":"Bern"}},{"arcs":[[2211,2212,2213,2214,2215,2216,2217]],"type":"Polygon","properties":{"vogeId":492,"vogeName":"Erlach","bezkId":243,"bezkName":"Seeland","kantId":2,"kantName":"Bern"}},{"arcs":[[2218,2219,-1843,2220,-2208]],"type":"Polygon","properties":{"vogeId":493,"vogeName":"Finsterhennen","bezkId":243,"bezkName":"Seeland","kantId":2,"kantName":"Bern"}},{"arcs":[[2221,-2217,2222,2223,2224,2225,2226,2227]],"type":"Polygon","properties":{"vogeId":494,"vogeName":"Gals","bezkId":243,"bezkName":"Seeland","kantId":2,"kantName":"Bern"}},{"arcs":[[-2224,2228,2229,2230,2231]],"type":"Polygon","properties":{"vogeId":495,"vogeName":"Gampelen","bezkId":243,"bezkName":"Seeland","kantId":2,"kantName":"Bern"}},{"arcs":[[2232,-2211,2233,2234,2235,-2230,2236,-2215]],"type":"Polygon","properties":{"vogeId":496,"vogeName":"Ins","bezkId":243,"bezkName":"Seeland","kantId":2,"kantName":"Bern"}},{"arcs":[[2237,2238,2239,-2219,-2207,2240]],"type":"Polygon","properties":{"vogeId":497,"vogeName":"Lüscherz","bezkId":243,"bezkName":"Seeland","kantId":2,"kantName":"Bern"}},{"arcs":[[-2210,2241,2242,2243,2244,2245,-2234]],"type":"Polygon","properties":{"vogeId":498,"vogeName":"Müntschemier","bezkId":243,"bezkName":"Seeland","kantId":2,"kantName":"Bern"}},{"arcs":[[2246,2247,-1829,-1844,-2220,-2240]],"type":"Polygon","properties":{"vogeId":499,"vogeName":"Siselen","bezkId":243,"bezkName":"Seeland","kantId":2,"kantName":"Bern"}},{"arcs":[[-2221,-1842,2248,-2242,-2209]],"type":"Polygon","properties":{"vogeId":500,"vogeName":"Treiten","bezkId":243,"bezkName":"Seeland","kantId":2,"kantName":"Bern"}},{"arcs":[[-2223,-2216,-2237,-2229]],"type":"Polygon","properties":{"vogeId":501,"vogeName":"Tschugg","bezkId":243,"bezkName":"Seeland","kantId":2,"kantName":"Bern"}},{"arcs":[[2249,-2241,-2233,-2214]],"type":"Polygon","properties":{"vogeId":502,"vogeName":"Vinelz","bezkId":243,"bezkName":"Seeland","kantId":2,"kantName":"Bern"}},{"arcs":[[2250,2251,2252,2253,-2066,2254,2255,2256,2257]],"type":"Polygon","properties":{"vogeId":533,"vogeName":"Bätterkinden","bezkId":245,"bezkName":"Emmental","kantId":2,"kantName":"Bern"}},{"arcs":[[2258,2259,2260,2261,-2255,-2069,-2137,-2133,-2117,2262,2263]],"type":"Polygon","properties":{"vogeId":538,"vogeName":"Fraubrunnen","bezkId":246,"bezkName":"Bern-Mittelland","kantId":2,"kantName":"Bern"}},{"arcs":[[[2264,-2263,-2116,-2110,2265,2266,2267,2268]],[[2269,-2259,2270,-1872]]],"type":"MultiPolygon","properties":{"vogeId":540,"vogeName":"Jegenstorf","bezkId":246,"bezkName":"Bern-Mittelland","kantId":2,"kantName":"Bern"}},{"arcs":[[-2264,-2265,2271,-1865,-2271]],"type":"Polygon","properties":{"vogeId":541,"vogeName":"Iffwil","bezkId":246,"bezkName":"Bern-Mittelland","kantId":2,"kantName":"Bern"}},{"arcs":[[-2109,-2078,-2130,-1965,2272,-2266]],"type":"Polygon","properties":{"vogeId":543,"vogeName":"Mattstetten","bezkId":246,"bezkName":"Bern-Mittelland","kantId":2,"kantName":"Bern"}},{"arcs":[[2273,2274,-1971,2275]],"type":"Polygon","properties":{"vogeId":544,"vogeName":"Moosseedorf","bezkId":246,"bezkName":"Bern-Mittelland","kantId":2,"kantName":"Bern"}},{"arcs":[[2276,-2276,-2005,-2003,-1975,-1873,-1868]],"type":"Polygon","properties":{"vogeId":546,"vogeName":"Münchenbuchsee","bezkId":246,"bezkName":"Bern-Mittelland","kantId":2,"kantName":"Bern"}},{"arcs":[[-2267,-2273,-1972,-2275,2277]],"type":"Polygon","properties":{"vogeId":551,"vogeName":"Urtenen-Schönbühl","bezkId":246,"bezkName":"Bern-Mittelland","kantId":2,"kantName":"Bern"}},{"arcs":[[2278,-2125,-2092,-2118,-2067,-2254,2279]],"type":"Polygon","properties":{"vogeId":552,"vogeName":"Utzenstorf","bezkId":245,"bezkName":"Emmental","kantId":2,"kantName":"Bern"}},{"arcs":[[-2278,-2274,-2277,-1867,2280,-2268]],"type":"Polygon","properties":{"vogeId":553,"vogeName":"Wiggiswil","bezkId":246,"bezkName":"Bern-Mittelland","kantId":2,"kantName":"Bern"}},{"arcs":[[2281,-2280,-2253]],"type":"Polygon","properties":{"vogeId":554,"vogeName":"Wiler bei Utzenstorf","bezkId":245,"bezkName":"Emmental","kantId":2,"kantName":"Bern"}},{"arcs":[[2282,2283,-2279,-2282,-2252]],"type":"Polygon","properties":{"vogeId":556,"vogeName":"Zielebach","bezkId":245,"bezkName":"Emmental","kantId":2,"kantName":"Bern"}},{"arcs":[[-2272,-2269,-2281,-1866]],"type":"Polygon","properties":{"vogeId":557,"vogeName":"Zuzwil (BE)","bezkId":246,"bezkName":"Bern-Mittelland","kantId":2,"kantName":"Bern"}},{"arcs":[[2284,2285,2286,2287,2288,2289]],"type":"Polygon","properties":{"vogeId":561,"vogeName":"Adelboden","bezkId":249,"bezkName":"Frutigen-Niedersimmental","kantId":2,"kantName":"Bern"}},{"arcs":[[2290,2291,2292,2293,2294,2295,2296]],"type":"Polygon","properties":{"vogeId":562,"vogeName":"Aeschi bei Spiez","bezkId":249,"bezkName":"Frutigen-Niedersimmental","kantId":2,"kantName":"Bern"}},{"arcs":[[2297,2298,2299,-2285,2300]],"type":"Polygon","properties":{"vogeId":563,"vogeName":"Frutigen","bezkId":249,"bezkName":"Frutigen-Niedersimmental","kantId":2,"kantName":"Bern"}},{"arcs":[[-2299,2301,2302]],"type":"Polygon","properties":{"vogeId":564,"vogeName":"Kandergrund","bezkId":249,"bezkName":"Frutigen-Niedersimmental","kantId":2,"kantName":"Bern"}},{"arcs":[[-2303,2303,2304,2305,2306,2307,2308,2309,-2286,-2300]],"type":"Polygon","properties":{"vogeId":565,"vogeName":"Kandersteg","bezkId":249,"bezkName":"Frutigen-Niedersimmental","kantId":2,"kantName":"Bern"}},{"arcs":[[2310,2311,2312,-2292]],"type":"Polygon","properties":{"vogeId":566,"vogeName":"Krattigen","bezkId":249,"bezkName":"Frutigen-Niedersimmental","kantId":2,"kantName":"Bern"}},{"arcs":[[-2296,2313,-2304,-2302,-2298,2314,2315]],"type":"Polygon","properties":{"vogeId":567,"vogeName":"Reichenbach im Kandertal","bezkId":249,"bezkName":"Frutigen-Niedersimmental","kantId":2,"kantName":"Bern"}},{"arcs":[[2316,2317,2318,2319,2320,2321]],"type":"Polygon","properties":{"vogeId":571,"vogeName":"Beatenberg","bezkId":250,"bezkName":"Interlaken-Oberhasli","kantId":2,"kantName":"Bern"}},{"arcs":[[2322,2323,2324,2325,2326,2327,2328,2329]],"type":"Polygon","properties":{"vogeId":572,"vogeName":"Bönigen","bezkId":250,"bezkName":"Interlaken-Oberhasli","kantId":2,"kantName":"Bern"}},{"arcs":[[2330,2331,2332,2333,2334,2335,2336,2337,2338,2339]],"type":"Polygon","properties":{"vogeId":573,"vogeName":"Brienz (BE)","bezkId":250,"bezkName":"Interlaken-Oberhasli","kantId":2,"kantName":"Bern"}},{"arcs":[[[-2336,2340]],[[-2334,2341,2342,2343]]],"type":"MultiPolygon","properties":{"vogeId":574,"vogeName":"Brienzwiler","bezkId":250,"bezkName":"Interlaken-Oberhasli","kantId":2,"kantName":"Bern"}},{"arcs":[[2344,2345,2346,2347,2348,2349]],"type":"Polygon","properties":{"vogeId":575,"vogeName":"Därligen","bezkId":250,"bezkName":"Interlaken-Oberhasli","kantId":2,"kantName":"Bern"}},{"arcs":[[-2337,2350,2351,2352,2353,2354,2355,2356]],"type":"Polygon","properties":{"vogeId":576,"vogeName":"Grindelwald","bezkId":250,"bezkName":"Interlaken-Oberhasli","kantId":2,"kantName":"Bern"}},{"arcs":[[2357,-2325,2358,2359]],"type":"Polygon","properties":{"vogeId":577,"vogeName":"Gsteigwiler","bezkId":250,"bezkName":"Interlaken-Oberhasli","kantId":2,"kantName":"Bern"}},{"arcs":[[2360,2361,2362,2363,-2359,-2324]],"type":"Polygon","properties":{"vogeId":578,"vogeName":"Gündlischwand","bezkId":250,"bezkName":"Interlaken-Oberhasli","kantId":2,"kantName":"Bern"}},{"arcs":[[2364,2365,2366,2367,2368,2369,-2318,2370]],"type":"Polygon","properties":{"vogeId":579,"vogeName":"Habkern","bezkId":250,"bezkName":"Interlaken-Oberhasli","kantId":2,"kantName":"Bern"}},{"arcs":[[2371,2372,-2342,-2333,2373]],"type":"Polygon","properties":{"vogeId":580,"vogeName":"Hofstetten bei Brienz","bezkId":250,"bezkName":"Interlaken-Oberhasli","kantId":2,"kantName":"Bern"}},{"arcs":[[2374,2375,-2329,2376,-2345,2377,2378]],"type":"Polygon","properties":{"vogeId":581,"vogeName":"Interlaken","bezkId":250,"bezkName":"Interlaken-Oberhasli","kantId":2,"kantName":"Bern"}},{"arcs":[[2379,-2338,-2357,2380,-2361,-2323]],"type":"Polygon","properties":{"vogeId":582,"vogeName":"Iseltwald","bezkId":250,"bezkName":"Interlaken-Oberhasli","kantId":2,"kantName":"Bern"}},{"arcs":[[2381,-2363,2382,-2355,2383,2384,-2305,-2314,-2295,2385]],"type":"Polygon","properties":{"vogeId":584,"vogeName":"Lauterbrunnen","bezkId":250,"bezkName":"Interlaken-Oberhasli","kantId":2,"kantName":"Bern"}},{"arcs":[[2386,-2349,2387,-2293,-2313]],"type":"Polygon","properties":{"vogeId":585,"vogeName":"Leissigen","bezkId":250,"bezkName":"Interlaken-Oberhasli","kantId":2,"kantName":"Bern"}},{"arcs":[[-2381,-2356,-2383,-2362]],"type":"Polygon","properties":{"vogeId":586,"vogeName":"Lütschental","bezkId":250,"bezkName":"Interlaken-Oberhasli","kantId":2,"kantName":"Bern"}},{"arcs":[[[-2358,2388,-2326]],[[2389,-2346,-2377,-2328]]],"type":"MultiPolygon","properties":{"vogeId":587,"vogeName":"Matten bei Interlaken","bezkId":250,"bezkName":"Interlaken-Oberhasli","kantId":2,"kantName":"Bern"}},{"arcs":[[2390,2391,2392,-2368]],"type":"Polygon","properties":{"vogeId":588,"vogeName":"Niederried bei Interlaken","bezkId":250,"bezkName":"Interlaken-Oberhasli","kantId":2,"kantName":"Bern"}},{"arcs":[[2393,-2340,2394,-2391,-2367]],"type":"Polygon","properties":{"vogeId":589,"vogeName":"Oberried am Brienzersee","bezkId":250,"bezkName":"Interlaken-Oberhasli","kantId":2,"kantName":"Bern"}},{"arcs":[[-2393,2395,-2375,2396,-2369]],"type":"Polygon","properties":{"vogeId":590,"vogeName":"Ringgenberg (BE)","bezkId":250,"bezkName":"Interlaken-Oberhasli","kantId":2,"kantName":"Bern"}},{"arcs":[[-2348,2397,-2386,-2294,-2388]],"type":"Polygon","properties":{"vogeId":591,"vogeName":"Saxeten","bezkId":250,"bezkName":"Interlaken-Oberhasli","kantId":2,"kantName":"Bern"}},{"arcs":[[2398,-2374,-2332]],"type":"Polygon","properties":{"vogeId":592,"vogeName":"Schwanden bei Brienz","bezkId":250,"bezkName":"Interlaken-Oberhasli","kantId":2,"kantName":"Bern"}},{"arcs":[[-2370,-2397,-2379,2399,-2319]],"type":"Polygon","properties":{"vogeId":593,"vogeName":"Unterseen","bezkId":250,"bezkName":"Interlaken-Oberhasli","kantId":2,"kantName":"Bern"}},{"arcs":[[-2327,-2389,-2360,-2364,-2382,-2398,-2347,-2390]],"type":"Polygon","properties":{"vogeId":594,"vogeName":"Wilderswil","bezkId":250,"bezkName":"Interlaken-Oberhasli","kantId":2,"kantName":"Bern"}},{"arcs":[[2400,2401,2402,2403,2404,2405]],"type":"Polygon","properties":{"vogeId":602,"vogeName":"Arni (BE)","bezkId":246,"bezkName":"Bern-Mittelland","kantId":2,"kantName":"Bern"}},{"arcs":[[2406,-2406,2407,2408]],"type":"Polygon","properties":{"vogeId":603,"vogeName":"Biglen","bezkId":246,"bezkName":"Bern-Mittelland","kantId":2,"kantName":"Bern"}},{"arcs":[[2409,2410,2411,2412,2413]],"type":"Polygon","properties":{"vogeId":605,"vogeName":"Bowil","bezkId":246,"bezkName":"Bern-Mittelland","kantId":2,"kantName":"Bern"}},{"arcs":[[2414,2415,2416,2417,2418]],"type":"Polygon","properties":{"vogeId":606,"vogeName":"Brenzikofen","bezkId":246,"bezkName":"Bern-Mittelland","kantId":2,"kantName":"Bern"}},{"arcs":[[2419,2420,2421,2422]],"type":"Polygon","properties":{"vogeId":607,"vogeName":"Freimettigen","bezkId":246,"bezkName":"Bern-Mittelland","kantId":2,"kantName":"Bern"}},{"arcs":[[-2408,-2405,2423,2424,2425,2426,2427,2428]],"type":"Polygon","properties":{"vogeId":608,"vogeName":"Grosshöchstetten","bezkId":246,"bezkName":"Bern-Mittelland","kantId":2,"kantName":"Bern"}},{"arcs":[[2429,-2423,2430,2431,2432]],"type":"Polygon","properties":{"vogeId":609,"vogeName":"Häutligen","bezkId":246,"bezkName":"Bern-Mittelland","kantId":2,"kantName":"Bern"}},{"arcs":[[2433,2434,-2415,2435]],"type":"Polygon","properties":{"vogeId":610,"vogeName":"Herbligen","bezkId":246,"bezkName":"Bern-Mittelland","kantId":2,"kantName":"Bern"}},{"arcs":[[2436,2437,2438,2439,2440]],"type":"Polygon","properties":{"vogeId":611,"vogeName":"Kiesen","bezkId":246,"bezkName":"Bern-Mittelland","kantId":2,"kantName":"Bern"}},{"arcs":[[2441,2442,-2420,-2430,2443,-2427]],"type":"Polygon","properties":{"vogeId":612,"vogeName":"Konolfingen","bezkId":246,"bezkName":"Bern-Mittelland","kantId":2,"kantName":"Bern"}},{"arcs":[[2444,2445,2446,-2402,2447]],"type":"Polygon","properties":{"vogeId":613,"vogeName":"Landiswil","bezkId":246,"bezkName":"Bern-Mittelland","kantId":2,"kantName":"Bern"}},{"arcs":[[-2413,2448,2449,2450,2451,2452]],"type":"Polygon","properties":{"vogeId":614,"vogeName":"Linden","bezkId":246,"bezkName":"Bern-Mittelland","kantId":2,"kantName":"Bern"}},{"arcs":[[-2426,2453,2454,-2442]],"type":"Polygon","properties":{"vogeId":615,"vogeName":"Mirchel","bezkId":246,"bezkName":"Bern-Mittelland","kantId":2,"kantName":"Bern"}},{"arcs":[[-2433,2455,2456,2457,2458,2459,-2428,-2444]],"type":"Polygon","properties":{"vogeId":616,"vogeName":"Münsingen","bezkId":246,"bezkName":"Bern-Mittelland","kantId":2,"kantName":"Bern"}},{"arcs":[[-2455,2460,-2452,-2421,-2443]],"type":"Polygon","properties":{"vogeId":617,"vogeName":"Niederhünigen","bezkId":246,"bezkName":"Bern-Mittelland","kantId":2,"kantName":"Bern"}},{"arcs":[[2461,-2416,-2435,2462,-2431,-2422,-2451,2463]],"type":"Polygon","properties":{"vogeId":619,"vogeName":"Oberdiessbach","bezkId":246,"bezkName":"Bern-Mittelland","kantId":2,"kantName":"Bern"}},{"arcs":[[2464,2465,-2410,2466,-2424,-2404]],"type":"Polygon","properties":{"vogeId":620,"vogeName":"Oberthal","bezkId":246,"bezkName":"Bern-Mittelland","kantId":2,"kantName":"Bern"}},{"arcs":[[2467,-2436,-2419,2468,-2438]],"type":"Polygon","properties":{"vogeId":622,"vogeName":"Oppligen","bezkId":246,"bezkName":"Bern-Mittelland","kantId":2,"kantName":"Bern"}},{"arcs":[[2469,-2459,2470,2471]],"type":"Polygon","properties":{"vogeId":623,"vogeName":"Rubigen","bezkId":246,"bezkName":"Bern-Mittelland","kantId":2,"kantName":"Bern"}},{"arcs":[[-2098,2472,-2448,-2401,-2407,2473,-1998]],"type":"Polygon","properties":{"vogeId":626,"vogeName":"Walkringen","bezkId":246,"bezkName":"Bern-Mittelland","kantId":2,"kantName":"Bern"}},{"arcs":[[-1999,-2474,-2409,-2429,-2460,-2470,2474,-1986]],"type":"Polygon","properties":{"vogeId":627,"vogeName":"Worb","bezkId":246,"bezkName":"Bern-Mittelland","kantId":2,"kantName":"Bern"}},{"arcs":[[-2467,-2414,-2453,-2461,-2454,-2425]],"type":"Polygon","properties":{"vogeId":628,"vogeName":"Zäziwil","bezkId":246,"bezkName":"Bern-Mittelland","kantId":2,"kantName":"Bern"}},{"arcs":[[-1987,-2475,-2472,2475]],"type":"Polygon","properties":{"vogeId":630,"vogeName":"Allmendingen","bezkId":246,"bezkName":"Bern-Mittelland","kantId":2,"kantName":"Bern"}},{"arcs":[[-2432,-2463,-2434,-2468,-2437,2476,2477,2478,-2456]],"type":"Polygon","properties":{"vogeId":632,"vogeName":"Wichtrach","bezkId":246,"bezkName":"Bern-Mittelland","kantId":2,"kantName":"Bern"}},{"arcs":[[[2479,2480,2481]],[[2482,2483,2484,2485,2486,2487,2488,2489,2490]]],"type":"MultiPolygon","properties":{"vogeId":662,"vogeName":"Ferenbalm","bezkId":246,"bezkName":"Bern-Mittelland","kantId":2,"kantName":"Bern"}},{"arcs":[[-2001,-1956,2491]],"type":"Polygon","properties":{"vogeId":663,"vogeName":"Frauenkappelen","bezkId":246,"bezkName":"Bern-Mittelland","kantId":2,"kantName":"Bern"}},{"arcs":[[2492,2493,-2489,2494]],"type":"Polygon","properties":{"vogeId":665,"vogeName":"Gurbrü","bezkId":246,"bezkName":"Bern-Mittelland","kantId":2,"kantName":"Bern"}},{"arcs":[[-2485,2495,-2482,2496,2497,2498,2499]],"type":"Polygon","properties":{"vogeId":666,"vogeName":"Kriechenwil","bezkId":246,"bezkName":"Bern-Mittelland","kantId":2,"kantName":"Bern"}},{"arcs":[[-2483,2500,2501,2502,-2497,-2481,2503]],"type":"Polygon","properties":{"vogeId":667,"vogeName":"Laupen","bezkId":246,"bezkName":"Bern-Mittelland","kantId":2,"kantName":"Bern"}},{"arcs":[[-1837,-1864,-2002,-2492,-1955,2504,-2501,-2491,2505]],"type":"Polygon","properties":{"vogeId":668,"vogeName":"Mühleberg","bezkId":246,"bezkName":"Bern-Mittelland","kantId":2,"kantName":"Bern"}},{"arcs":[[2506,2507,2508,2509]],"type":"Polygon","properties":{"vogeId":669,"vogeName":"Münchenwiler","bezkId":246,"bezkName":"Bern-Mittelland","kantId":2,"kantName":"Bern"}},{"arcs":[[-1954,-1978,2510,2511,2512,-2502,-2505]],"type":"Polygon","properties":{"vogeId":670,"vogeName":"Neuenegg","bezkId":246,"bezkName":"Bern-Mittelland","kantId":2,"kantName":"Bern"}},{"arcs":[[-1838,-2506,-2490,-2494,2513]],"type":"Polygon","properties":{"vogeId":671,"vogeName":"Wileroltigen","bezkId":246,"bezkName":"Bern-Mittelland","kantId":2,"kantName":"Bern"}},{"arcs":[[2514,2515,2516,2517]],"type":"Polygon","properties":{"vogeId":681,"vogeName":"Belprahon","bezkId":241,"bezkName":"Jura bernois","kantId":2,"kantName":"Bern"}},{"arcs":[[2518,2519,2520,2521,2522,2523]],"type":"Polygon","properties":{"vogeId":683,"vogeName":"Champoz","bezkId":241,"bezkName":"Jura bernois","kantId":2,"kantName":"Bern"}},{"arcs":[[2524,2525,2526,2527]],"type":"Polygon","properties":{"vogeId":687,"vogeName":"Corcelles (BE)","bezkId":241,"bezkName":"Jura bernois","kantId":2,"kantName":"Bern"}},{"arcs":[[2528,2529,2530,2531,-2176,2532,-2521,2533]],"type":"Polygon","properties":{"vogeId":690,"vogeName":"Court","bezkId":241,"bezkName":"Jura bernois","kantId":2,"kantName":"Bern"}},{"arcs":[[2534,2535,-2528,2536,2537]],"type":"Polygon","properties":{"vogeId":691,"vogeName":"Crémines","bezkId":241,"bezkName":"Jura bernois","kantId":2,"kantName":"Bern"}},{"arcs":[[-2517,2538,2539,-2529,2540]],"type":"Polygon","properties":{"vogeId":692,"vogeName":"Eschert","bezkId":241,"bezkName":"Jura bernois","kantId":2,"kantName":"Bern"}},{"arcs":[[2541,-2538,2542,-2539,-2516,2543]],"type":"Polygon","properties":{"vogeId":694,"vogeName":"Grandval","bezkId":241,"bezkName":"Jura bernois","kantId":2,"kantName":"Bern"}},{"arcs":[[2544,2545,2546,2547]],"type":"Polygon","properties":{"vogeId":696,"vogeName":"Loveresse","bezkId":241,"bezkName":"Jura bernois","kantId":2,"kantName":"Bern"}},{"arcs":[[2548,2549,-2519,2550]],"type":"Polygon","properties":{"vogeId":701,"vogeName":"Perrefitte","bezkId":241,"bezkName":"Jura bernois","kantId":2,"kantName":"Bern"}},{"arcs":[[2551,-2547,2552,-2205,2553,2554]],"type":"Polygon","properties":{"vogeId":703,"vogeName":"Reconvilier","bezkId":241,"bezkName":"Jura bernois","kantId":2,"kantName":"Bern"}},{"arcs":[[-2544,-2515,2555,2556,2557]],"type":"Polygon","properties":{"vogeId":704,"vogeName":"Roches (BE)","bezkId":241,"bezkName":"Jura bernois","kantId":2,"kantName":"Bern"}},{"arcs":[[2558,2559,2560,-2555,2561,-2193,2562]],"type":"Polygon","properties":{"vogeId":706,"vogeName":"Saicourt","bezkId":241,"bezkName":"Jura bernois","kantId":2,"kantName":"Bern"}},{"arcs":[[-2548,-2552,-2561,2563]],"type":"Polygon","properties":{"vogeId":707,"vogeName":"Saules (BE)","bezkId":241,"bezkName":"Jura bernois","kantId":2,"kantName":"Bern"}},{"arcs":[[2564,2565,2566,2567,2568]],"type":"Polygon","properties":{"vogeId":708,"vogeName":"Schelten","bezkId":241,"bezkName":"Jura bernois","kantId":2,"kantName":"Bern"}},{"arcs":[[-2568,2569,2570,2571,-2526,2572]],"type":"Polygon","properties":{"vogeId":709,"vogeName":"Seehof","bezkId":241,"bezkName":"Jura bernois","kantId":2,"kantName":"Bern"}},{"arcs":[[-2522,-2533,-2180,-2203,2573]],"type":"Polygon","properties":{"vogeId":711,"vogeName":"Sorvilier","bezkId":241,"bezkName":"Jura bernois","kantId":2,"kantName":"Bern"}},{"arcs":[[-2562,-2554,-2204,-2187,-2145,-2194]],"type":"Polygon","properties":{"vogeId":713,"vogeName":"Tavannes","bezkId":241,"bezkName":"Jura bernois","kantId":2,"kantName":"Bern"}},{"arcs":[[2574,2575,2576,2577]],"type":"Polygon","properties":{"vogeId":715,"vogeName":"Rebévelier","bezkId":241,"bezkName":"Jura bernois","kantId":2,"kantName":"Bern"}},{"arcs":[[2578,-2551,-2524,2579,-2545,-2564,-2560,2580,-2577]],"type":"Polygon","properties":{"vogeId":716,"vogeName":"Petit-Val","bezkId":241,"bezkName":"Jura bernois","kantId":2,"kantName":"Bern"}},{"arcs":[[-2523,-2574,-2206,-2553,-2546,-2580]],"type":"Polygon","properties":{"vogeId":717,"vogeName":"Valbirse","bezkId":241,"bezkName":"Jura bernois","kantId":2,"kantName":"Bern"}},{"arcs":[[2581,2582,2583,2584,2585]],"type":"Polygon","properties":{"vogeId":723,"vogeName":"La Neuveville","bezkId":241,"bezkName":"Jura bernois","kantId":2,"kantName":"Bern"}},{"arcs":[[-2148,-2171,2586,2587,2588,-2199,-2154,-2160,-2157]],"type":"Polygon","properties":{"vogeId":724,"vogeName":"Nods","bezkId":241,"bezkName":"Jura bernois","kantId":2,"kantName":"Bern"}},{"arcs":[[-2170,-2020,2589,2590,-2586,2591,-2587]],"type":"Polygon","properties":{"vogeId":726,"vogeName":"Plateau de Diesse","bezkId":241,"bezkName":"Jura bernois","kantId":2,"kantName":"Bern"}},{"arcs":[[2592,2593,2594,2595,2596]],"type":"Polygon","properties":{"vogeId":731,"vogeName":"Aegerten","bezkId":242,"bezkName":"Biel/Bienne","kantId":2,"kantName":"Bern"}},{"arcs":[[2597,2598,2599,2600,2601,2602]],"type":"Polygon","properties":{"vogeId":732,"vogeName":"Bellmund","bezkId":242,"bezkName":"Biel/Bienne","kantId":2,"kantName":"Bern"}},{"arcs":[[2603,2604,-2597,2605,-2017]],"type":"Polygon","properties":{"vogeId":733,"vogeName":"Brügg","bezkId":242,"bezkName":"Biel/Bienne","kantId":2,"kantName":"Bern"}},{"arcs":[[2606,-1849,2607,2608]],"type":"Polygon","properties":{"vogeId":734,"vogeName":"Bühl","bezkId":243,"bezkName":"Seeland","kantId":2,"kantName":"Bern"}},{"arcs":[[2609,2610,-2609,2611,2612]],"type":"Polygon","properties":{"vogeId":735,"vogeName":"Epsach","bezkId":243,"bezkName":"Seeland","kantId":2,"kantName":"Bern"}},{"arcs":[[2613,2614,2615,-2247,-2239]],"type":"Polygon","properties":{"vogeId":736,"vogeName":"Hagneck","bezkId":243,"bezkName":"Seeland","kantId":2,"kantName":"Bern"}},{"arcs":[[-2602,2616,-1850,-2607,-2611,2617,2618]],"type":"Polygon","properties":{"vogeId":737,"vogeName":"Hermrigen","bezkId":243,"bezkName":"Seeland","kantId":2,"kantName":"Bern"}},{"arcs":[[-2595,2619,2620,-1852,2621,-2600,2622]],"type":"Polygon","properties":{"vogeId":738,"vogeName":"Jens","bezkId":243,"bezkName":"Seeland","kantId":2,"kantName":"Bern"}},{"arcs":[[2623,2624,-2598,2625,2626]],"type":"Polygon","properties":{"vogeId":739,"vogeName":"Ipsach","bezkId":242,"bezkName":"Biel/Bienne","kantId":2,"kantName":"Bern"}},{"arcs":[[2627,2628,-2582,-2591]],"type":"Polygon","properties":{"vogeId":740,"vogeName":"Ligerz","bezkId":242,"bezkName":"Biel/Bienne","kantId":2,"kantName":"Bern"}},{"arcs":[[-2601,-2622,-1851,-2617]],"type":"Polygon","properties":{"vogeId":741,"vogeName":"Merzligen","bezkId":243,"bezkName":"Seeland","kantId":2,"kantName":"Bern"}},{"arcs":[[2629,-2618,-2610,2630,2631]],"type":"Polygon","properties":{"vogeId":742,"vogeName":"Mörigen","bezkId":242,"bezkName":"Biel/Bienne","kantId":2,"kantName":"Bern"}},{"arcs":[[2632,-2008,2633,-2624]],"type":"Polygon","properties":{"vogeId":743,"vogeName":"Nidau","bezkId":242,"bezkName":"Biel/Bienne","kantId":2,"kantName":"Bern"}},{"arcs":[[-2016,2634,2635,2636,-2604]],"type":"Polygon","properties":{"vogeId":744,"vogeName":"Orpund","bezkId":242,"bezkName":"Biel/Bienne","kantId":2,"kantName":"Bern"}},{"arcs":[[-2007,-2606,-2596,-2623,-2599,-2625,-2634]],"type":"Polygon","properties":{"vogeId":745,"vogeName":"Port","bezkId":242,"bezkName":"Biel/Bienne","kantId":2,"kantName":"Bern"}},{"arcs":[[-2060,-2054,-2031,2637,-2635,-2015]],"type":"Polygon","properties":{"vogeId":746,"vogeName":"Safnern","bezkId":242,"bezkName":"Biel/Bienne","kantId":2,"kantName":"Bern"}},{"arcs":[[-2638,-2030,2638,-2636]],"type":"Polygon","properties":{"vogeId":747,"vogeName":"Scheuren","bezkId":242,"bezkName":"Biel/Bienne","kantId":2,"kantName":"Bern"}},{"arcs":[[-2637,-2639,-2043,-2029,2639,-2593,-2605]],"type":"Polygon","properties":{"vogeId":748,"vogeName":"Schwadernau","bezkId":242,"bezkName":"Biel/Bienne","kantId":2,"kantName":"Bern"}},{"arcs":[[-2640,-2028,-1854,2640,-2620,-2594]],"type":"Polygon","properties":{"vogeId":749,"vogeName":"Studen (BE)","bezkId":243,"bezkName":"Seeland","kantId":2,"kantName":"Bern"}},{"arcs":[[-2626,-2603,-2619,-2630,2641]],"type":"Polygon","properties":{"vogeId":750,"vogeName":"Sutz-Lattrigen","bezkId":242,"bezkName":"Biel/Bienne","kantId":2,"kantName":"Bern"}},{"arcs":[[-2631,-2613,2642,-2615,2643]],"type":"Polygon","properties":{"vogeId":751,"vogeName":"Täuffelen","bezkId":243,"bezkName":"Seeland","kantId":2,"kantName":"Bern"}},{"arcs":[[-2612,-2608,-1848,-1830,-2248,-2616,-2643]],"type":"Polygon","properties":{"vogeId":754,"vogeName":"Walperswil","bezkId":243,"bezkName":"Seeland","kantId":2,"kantName":"Bern"}},{"arcs":[[-2641,-1853,-1846,-2621]],"type":"Polygon","properties":{"vogeId":755,"vogeName":"Worben","bezkId":243,"bezkName":"Seeland","kantId":2,"kantName":"Bern"}},{"arcs":[[[-2212,2644]],[[-2628,-2590,-2019,-2010,2645]]],"type":"MultiPolygon","properties":{"vogeId":756,"vogeName":"Twann-Tüscherz","bezkId":242,"bezkName":"Biel/Bienne","kantId":2,"kantName":"Bern"}},{"arcs":[[2646,2647,2648,2649,2650,2651,2652,2653]],"type":"Polygon","properties":{"vogeId":761,"vogeName":"Därstetten","bezkId":249,"bezkName":"Frutigen-Niedersimmental","kantId":2,"kantName":"Bern"}},{"arcs":[[2654,-2315,-2301,-2290,2655,2656,2657,2658,-2651,2659]],"type":"Polygon","properties":{"vogeId":762,"vogeName":"Diemtigen","bezkId":249,"bezkName":"Frutigen-Niedersimmental","kantId":2,"kantName":"Bern"}},{"arcs":[[2660,2661,2662,-2660,-2650]],"type":"Polygon","properties":{"vogeId":763,"vogeName":"Erlenbach im Simmental","bezkId":249,"bezkName":"Frutigen-Niedersimmental","kantId":2,"kantName":"Bern"}},{"arcs":[[2663,-2652,-2659,2664,2665,2666]],"type":"Polygon","properties":{"vogeId":766,"vogeName":"Oberwil im Simmental","bezkId":249,"bezkName":"Frutigen-Niedersimmental","kantId":2,"kantName":"Bern"}},{"arcs":[[2667,2668,2669,2670,-2662,2671]],"type":"Polygon","properties":{"vogeId":767,"vogeName":"Reutigen","bezkId":247,"bezkName":"Thun","kantId":2,"kantName":"Bern"}},{"arcs":[[2672,2673,-2311,-2291,2674,-2670]],"type":"Polygon","properties":{"vogeId":768,"vogeName":"Spiez","bezkId":249,"bezkName":"Frutigen-Niedersimmental","kantId":2,"kantName":"Bern"}},{"arcs":[[-2671,-2675,-2297,-2316,-2655,-2663]],"type":"Polygon","properties":{"vogeId":769,"vogeName":"Wimmis","bezkId":249,"bezkName":"Frutigen-Niedersimmental","kantId":2,"kantName":"Bern"}},{"arcs":[[-2661,-2649,2675,2676,2677,-2672]],"type":"Polygon","properties":{"vogeId":770,"vogeName":"Stocken-Höfen","bezkId":247,"bezkName":"Thun","kantId":2,"kantName":"Bern"}},{"arcs":[[2678,2679,2680,2681,-2353]],"type":"Polygon","properties":{"vogeId":782,"vogeName":"Guttannen","bezkId":250,"bezkName":"Interlaken-Oberhasli","kantId":2,"kantName":"Bern"}},{"arcs":[[2682,2683,2684,2685]],"type":"Polygon","properties":{"vogeId":783,"vogeName":"Hasliberg","bezkId":250,"bezkName":"Interlaken-Oberhasli","kantId":2,"kantName":"Bern"}},{"arcs":[[2686,2687,2688,-2679,-2352,2689,2690,-2685,2691,2692,2693]],"type":"Polygon","properties":{"vogeId":784,"vogeName":"Innertkirchen","bezkId":250,"bezkName":"Interlaken-Oberhasli","kantId":2,"kantName":"Bern"}},{"arcs":[[2694,-2686,-2691,2695,-2351,-2341,-2335,-2344]],"type":"Polygon","properties":{"vogeId":785,"vogeName":"Meiringen","bezkId":250,"bezkName":"Interlaken-Oberhasli","kantId":2,"kantName":"Bern"}},{"arcs":[[-2696,-2690]],"type":"Polygon","properties":{"vogeId":786,"vogeName":"Schattenhalb","bezkId":250,"bezkName":"Interlaken-Oberhasli","kantId":2,"kantName":"Bern"}},{"arcs":[[-2665,-2658,2696,2697,2698,2699]],"type":"Polygon","properties":{"vogeId":791,"vogeName":"Boltigen","bezkId":248,"bezkName":"Obersimmental-Saanen","kantId":2,"kantName":"Bern"}},{"arcs":[[2700,-2288,2701,2702,2703,2704,2705,2706]],"type":"Polygon","properties":{"vogeId":792,"vogeName":"Lenk","bezkId":248,"bezkName":"Obersimmental-Saanen","kantId":2,"kantName":"Bern"}},{"arcs":[[2707,-2656,-2289,-2701,2708]],"type":"Polygon","properties":{"vogeId":793,"vogeName":"St. Stephan","bezkId":248,"bezkName":"Obersimmental-Saanen","kantId":2,"kantName":"Bern"}},{"arcs":[[-2697,-2657,-2708,2709]],"type":"Polygon","properties":{"vogeId":794,"vogeName":"Zweisimmen","bezkId":248,"bezkName":"Obersimmental-Saanen","kantId":2,"kantName":"Bern"}},{"arcs":[[2710,2711,2712,2713,2714]],"type":"Polygon","properties":{"vogeId":841,"vogeName":"Gsteig","bezkId":248,"bezkName":"Obersimmental-Saanen","kantId":2,"kantName":"Bern"}},{"arcs":[[2715,-2706,2716,2717,-2712]],"type":"Polygon","properties":{"vogeId":842,"vogeName":"Lauenen","bezkId":248,"bezkName":"Obersimmental-Saanen","kantId":2,"kantName":"Bern"}},{"arcs":[[2718,-2698,-2710,-2709,-2707,-2716,-2711,2719,2720,2721]],"type":"Polygon","properties":{"vogeId":843,"vogeName":"Saanen","bezkId":248,"bezkName":"Obersimmental-Saanen","kantId":2,"kantName":"Bern"}},{"arcs":[[2722,2723,-2667,2724,2725]],"type":"Polygon","properties":{"vogeId":852,"vogeName":"Guggisberg","bezkId":246,"bezkName":"Bern-Mittelland","kantId":2,"kantName":"Bern"}},{"arcs":[[2726,2727,2728,2729,-2653,-2664,-2724]],"type":"Polygon","properties":{"vogeId":853,"vogeName":"Rüschegg","bezkId":246,"bezkName":"Bern-Mittelland","kantId":2,"kantName":"Bern"}},{"arcs":[[2730,-1982,-1993,2731,-2727,-2723,2732,2733]],"type":"Polygon","properties":{"vogeId":855,"vogeName":"Schwarzenburg","bezkId":246,"bezkName":"Bern-Mittelland","kantId":2,"kantName":"Bern"}},{"arcs":[[-1988,-2476,-2471,-2458,2734,2735,2736,2737,2738]],"type":"Polygon","properties":{"vogeId":861,"vogeName":"Belp","bezkId":246,"bezkName":"Bern-Mittelland","kantId":2,"kantName":"Bern"}},{"arcs":[[2739,2740,2741,2742,2743,2744]],"type":"Polygon","properties":{"vogeId":863,"vogeName":"Burgistein","bezkId":247,"bezkName":"Thun","kantId":2,"kantName":"Bern"}},{"arcs":[[-2457,-2479,2745,-2735]],"type":"Polygon","properties":{"vogeId":866,"vogeName":"Gerzensee","bezkId":246,"bezkName":"Bern-Mittelland","kantId":2,"kantName":"Bern"}},{"arcs":[[-2743,2746,2747,2748,2749]],"type":"Polygon","properties":{"vogeId":867,"vogeName":"Gurzelen","bezkId":247,"bezkName":"Thun","kantId":2,"kantName":"Bern"}},{"arcs":[[-2477,-2441,2750,2751]],"type":"Polygon","properties":{"vogeId":868,"vogeName":"Jaberg","bezkId":246,"bezkName":"Bern-Mittelland","kantId":2,"kantName":"Bern"}},{"arcs":[[2752,2753,2754,2755]],"type":"Polygon","properties":{"vogeId":869,"vogeName":"Kaufdorf","bezkId":246,"bezkName":"Bern-Mittelland","kantId":2,"kantName":"Bern"}},{"arcs":[[-1989,-2739,2756,-1979]],"type":"Polygon","properties":{"vogeId":870,"vogeName":"Kehrsatz","bezkId":246,"bezkName":"Bern-Mittelland","kantId":2,"kantName":"Bern"}},{"arcs":[[-2478,-2752,2757,2758,2759,-2741,2760,2761,-2754,2762,-2736,-2746]],"type":"Polygon","properties":{"vogeId":872,"vogeName":"Kirchdorf (BE)","bezkId":246,"bezkName":"Bern-Mittelland","kantId":2,"kantName":"Bern"}},{"arcs":[[-2745,2763,2764,2765,-2729,2766,-2755,-2762,2767]],"type":"Polygon","properties":{"vogeId":879,"vogeName":"Riggisberg","bezkId":246,"bezkName":"Bern-Mittelland","kantId":2,"kantName":"Bern"}},{"arcs":[[[2768,-2654,-2730,-2766]],[[-2756,-2767,-2728,-2732,-1992,2769,2770]]],"type":"MultiPolygon","properties":{"vogeId":880,"vogeName":"Rüeggisberg","bezkId":246,"bezkName":"Bern-Mittelland","kantId":2,"kantName":"Bern"}},{"arcs":[[-2760,2771,-2747,-2742]],"type":"Polygon","properties":{"vogeId":883,"vogeName":"Seftigen","bezkId":247,"bezkName":"Thun","kantId":2,"kantName":"Bern"}},{"arcs":[[-2737,-2763,-2753,-2771,2772]],"type":"Polygon","properties":{"vogeId":884,"vogeName":"Toffen","bezkId":246,"bezkName":"Bern-Mittelland","kantId":2,"kantName":"Bern"}},{"arcs":[[-2751,-2440,2773,2774,-2758]],"type":"Polygon","properties":{"vogeId":885,"vogeName":"Uttigen","bezkId":247,"bezkName":"Thun","kantId":2,"kantName":"Bern"}},{"arcs":[[-2744,-2750,2775,2776,-2764]],"type":"Polygon","properties":{"vogeId":886,"vogeName":"Wattenwil","bezkId":247,"bezkName":"Thun","kantId":2,"kantName":"Bern"}},{"arcs":[[-2770,-1991,-1980,-2757,-2738,-2773]],"type":"Polygon","properties":{"vogeId":888,"vogeName":"Wald (BE)","bezkId":246,"bezkName":"Bern-Mittelland","kantId":2,"kantName":"Bern"}},{"arcs":[[-2740,-2768,-2761]],"type":"Polygon","properties":{"vogeId":889,"vogeName":"Thurnen","bezkId":246,"bezkName":"Bern-Mittelland","kantId":2,"kantName":"Bern"}},{"arcs":[[2777,2778,2779,2780,2781,2782,2783]],"type":"Polygon","properties":{"vogeId":901,"vogeName":"Eggiwil","bezkId":245,"bezkName":"Emmental","kantId":2,"kantName":"Bern"}},{"arcs":[[2784,2785,2786,-2778,2787,2788,2789]],"type":"Polygon","properties":{"vogeId":902,"vogeName":"Langnau im Emmental","bezkId":245,"bezkName":"Emmental","kantId":2,"kantName":"Bern"}},{"arcs":[[2790,-2789,2791,-2465,-2403,-2447,2792]],"type":"Polygon","properties":{"vogeId":903,"vogeName":"Lauperswil","bezkId":245,"bezkName":"Emmental","kantId":2,"kantName":"Bern"}},{"arcs":[[2793,-2783,2794,2795,2796,2797,2798,-2449,-2412]],"type":"Polygon","properties":{"vogeId":904,"vogeName":"Röthenbach im Emmental","bezkId":245,"bezkName":"Emmental","kantId":2,"kantName":"Bern"}},{"arcs":[[2799,-2793,-2446,2800,-2096,2801]],"type":"Polygon","properties":{"vogeId":905,"vogeName":"Rüderswil","bezkId":245,"bezkName":"Emmental","kantId":2,"kantName":"Bern"}},{"arcs":[[2802,2803,-2365,2804,-2795,-2782]],"type":"Polygon","properties":{"vogeId":906,"vogeName":"Schangnau","bezkId":245,"bezkName":"Emmental","kantId":2,"kantName":"Bern"}},{"arcs":[[-2792,-2788,-2784,-2794,-2411,-2466]],"type":"Polygon","properties":{"vogeId":907,"vogeName":"Signau","bezkId":245,"bezkName":"Emmental","kantId":2,"kantName":"Bern"}},{"arcs":[[2805,2806,2807,2808,2809,-2780,2810,-2786,2811]],"type":"Polygon","properties":{"vogeId":908,"vogeName":"Trub","bezkId":245,"bezkName":"Emmental","kantId":2,"kantName":"Bern"}},{"arcs":[[-2787,-2811,-2779]],"type":"Polygon","properties":{"vogeId":909,"vogeName":"Trubschachen","bezkId":245,"bezkName":"Emmental","kantId":2,"kantName":"Bern"}},{"arcs":[[2812,2813,2814,-2668,-2678]],"type":"Polygon","properties":{"vogeId":921,"vogeName":"Amsoldingen","bezkId":247,"bezkName":"Thun","kantId":2,"kantName":"Bern"}},{"arcs":[[2815,2816,2817,-2647,-2769,-2765,-2777]],"type":"Polygon","properties":{"vogeId":922,"vogeName":"Blumenstein","bezkId":247,"bezkName":"Thun","kantId":2,"kantName":"Bern"}},{"arcs":[[-2450,-2799,2818,2819,2820,-2464]],"type":"Polygon","properties":{"vogeId":923,"vogeName":"Buchholterberg","bezkId":247,"bezkName":"Thun","kantId":2,"kantName":"Bern"}},{"arcs":[[-2805,-2371,-2317,2821,2822,2823,-2796]],"type":"Polygon","properties":{"vogeId":924,"vogeName":"Eriz","bezkId":247,"bezkName":"Thun","kantId":2,"kantName":"Bern"}},{"arcs":[[-2462,-2821,2824,2825,2826,2827,-2417]],"type":"Polygon","properties":{"vogeId":925,"vogeName":"Fahrni","bezkId":247,"bezkName":"Thun","kantId":2,"kantName":"Bern"}},{"arcs":[[2828,2829,2830,2831,2832,2833]],"type":"Polygon","properties":{"vogeId":927,"vogeName":"Heiligenschwendi","bezkId":247,"bezkName":"Thun","kantId":2,"kantName":"Bern"}},{"arcs":[[-2418,-2828,2834,2835,-2774,-2439,-2469]],"type":"Polygon","properties":{"vogeId":928,"vogeName":"Heimberg","bezkId":247,"bezkName":"Thun","kantId":2,"kantName":"Bern"}},{"arcs":[[2836,-2833,2837,2838]],"type":"Polygon","properties":{"vogeId":929,"vogeName":"Hilterfingen","bezkId":247,"bezkName":"Thun","kantId":2,"kantName":"Bern"}},{"arcs":[[2839,2840,2841,-2829,2842,2843,-2826]],"type":"Polygon","properties":{"vogeId":931,"vogeName":"Homberg","bezkId":247,"bezkName":"Thun","kantId":2,"kantName":"Bern"}},{"arcs":[[[-2322,2844,2845,-2822]],[[-2841,2846,2847,2848]]],"type":"MultiPolygon","properties":{"vogeId":932,"vogeName":"Horrenbach-Buchen","bezkId":247,"bezkName":"Thun","kantId":2,"kantName":"Bern"}},{"arcs":[[-2832,2849,2850,-2838]],"type":"Polygon","properties":{"vogeId":934,"vogeName":"Oberhofen am Thunersee","bezkId":247,"bezkName":"Thun","kantId":2,"kantName":"Bern"}},{"arcs":[[2851,-2797,-2824,2852,-2848,2853]],"type":"Polygon","properties":{"vogeId":935,"vogeName":"Oberlangenegg","bezkId":247,"bezkName":"Thun","kantId":2,"kantName":"Bern"}},{"arcs":[[-2818,2854,-2676,-2648]],"type":"Polygon","properties":{"vogeId":936,"vogeName":"Pohlern","bezkId":247,"bezkName":"Thun","kantId":2,"kantName":"Bern"}},{"arcs":[[-2845,-2321,2855,-2850,-2831,2856]],"type":"Polygon","properties":{"vogeId":938,"vogeName":"Sigriswil","bezkId":247,"bezkName":"Thun","kantId":2,"kantName":"Bern"}},{"arcs":[[-2827,-2844,2857,-2835]],"type":"Polygon","properties":{"vogeId":939,"vogeName":"Steffisburg","bezkId":247,"bezkName":"Thun","kantId":2,"kantName":"Bern"}},{"arcs":[[-2853,-2823,-2846,-2857,-2830,-2842,-2849]],"type":"Polygon","properties":{"vogeId":940,"vogeName":"Teuffenthal (BE)","bezkId":247,"bezkName":"Thun","kantId":2,"kantName":"Bern"}},{"arcs":[[2858,2859,-2814,2860,2861]],"type":"Polygon","properties":{"vogeId":941,"vogeName":"Thierachern","bezkId":247,"bezkName":"Thun","kantId":2,"kantName":"Bern"}},{"arcs":[[-2843,-2834,-2837,2862,-2673,-2669,-2815,-2860,2863,-2858]],"type":"Polygon","properties":{"vogeId":942,"vogeName":"Thun","bezkId":247,"bezkName":"Thun","kantId":2,"kantName":"Bern"}},{"arcs":[[2864,-2861,-2813,-2677,-2855,-2817]],"type":"Polygon","properties":{"vogeId":943,"vogeName":"Uebeschi","bezkId":247,"bezkName":"Thun","kantId":2,"kantName":"Bern"}},{"arcs":[[-2759,-2775,-2836,-2864,-2859,2865,-2748,-2772]],"type":"Polygon","properties":{"vogeId":944,"vogeName":"Uetendorf","bezkId":247,"bezkName":"Thun","kantId":2,"kantName":"Bern"}},{"arcs":[[-2854,-2847,-2840,-2825,-2820]],"type":"Polygon","properties":{"vogeId":945,"vogeName":"Unterlangenegg","bezkId":247,"bezkName":"Thun","kantId":2,"kantName":"Bern"}},{"arcs":[[-2798,-2852,-2819]],"type":"Polygon","properties":{"vogeId":946,"vogeName":"Wachseldorn","bezkId":247,"bezkName":"Thun","kantId":2,"kantName":"Bern"}},{"arcs":[[-2749,-2866,-2862,-2865,-2816,-2776]],"type":"Polygon","properties":{"vogeId":948,"vogeName":"Forst-Längenbühl","bezkId":247,"bezkName":"Thun","kantId":2,"kantName":"Bern"}},{"arcs":[[2866,2867,2868,2869,-2103,-2143]],"type":"Polygon","properties":{"vogeId":951,"vogeName":"Affoltern im Emmental","bezkId":245,"bezkName":"Emmental","kantId":2,"kantName":"Bern"}},{"arcs":[[-1939,2870,2871,2872,-2868,2873]],"type":"Polygon","properties":{"vogeId":952,"vogeName":"Dürrenroth","bezkId":245,"bezkName":"Emmental","kantId":2,"kantName":"Bern"}},{"arcs":[[2874,2875,2876,2877,2878]],"type":"Polygon","properties":{"vogeId":953,"vogeName":"Eriswil","bezkId":244,"bezkName":"Oberaargau","kantId":2,"kantName":"Bern"}},{"arcs":[[-1908,2879,-2875,2880,-2871,-1938,-1936,-1886]],"type":"Polygon","properties":{"vogeId":954,"vogeName":"Huttwil","bezkId":244,"bezkName":"Oberaargau","kantId":2,"kantName":"Bern"}},{"arcs":[[[-2473,-2097,-2801,-2445]],[[-2134,-2128,-2135,-2100]],[[-2095,2881,2882,2883,-2802]]],"type":"MultiPolygon","properties":{"vogeId":955,"vogeName":"Lützelflüh","bezkId":245,"bezkName":"Emmental","kantId":2,"kantName":"Bern"}},{"arcs":[[-2870,2884,-2882,-2094,-2104]],"type":"Polygon","properties":{"vogeId":956,"vogeName":"Rüegsau","bezkId":245,"bezkName":"Emmental","kantId":2,"kantName":"Bern"}},{"arcs":[[-2873,2885,-2878,2886,-2812,-2785,2887,-2883,-2885,-2869]],"type":"Polygon","properties":{"vogeId":957,"vogeName":"Sumiswald","bezkId":245,"bezkName":"Emmental","kantId":2,"kantName":"Bern"}},{"arcs":[[-2888,-2790,-2791,-2800,-2884]],"type":"Polygon","properties":{"vogeId":958,"vogeName":"Trachselwald","bezkId":245,"bezkName":"Emmental","kantId":2,"kantName":"Bern"}},{"arcs":[[-1950,-1940,-2874,-2867,-2142,-1931]],"type":"Polygon","properties":{"vogeId":959,"vogeName":"Walterswil (BE)","bezkId":244,"bezkName":"Oberaargau","kantId":2,"kantName":"Bern"}},{"arcs":[[-2881,-2879,-2886,-2872]],"type":"Polygon","properties":{"vogeId":960,"vogeName":"Wyssachen","bezkId":244,"bezkName":"Oberaargau","kantId":2,"kantName":"Bern"}},{"arcs":[[2888,2889,2890,2891,2892,2893,2894,2895]],"type":"Polygon","properties":{"vogeId":971,"vogeName":"Attiswil","bezkId":244,"bezkName":"Oberaargau","kantId":2,"kantName":"Bern"}},{"arcs":[[2896,-1890,2897,2898,2899]],"type":"Polygon","properties":{"vogeId":972,"vogeName":"Berken","bezkId":244,"bezkName":"Oberaargau","kantId":2,"kantName":"Bern"}},{"arcs":[[2900,2901,2902,2903,2904]],"type":"Polygon","properties":{"vogeId":973,"vogeName":"Bettenhausen","bezkId":244,"bezkName":"Oberaargau","kantId":2,"kantName":"Bern"}},{"arcs":[[2905,2906,-2889,2907]],"type":"Polygon","properties":{"vogeId":975,"vogeName":"Farnern","bezkId":244,"bezkName":"Oberaargau","kantId":2,"kantName":"Bern"}},{"arcs":[[-1889,-1882,-1949,2908,2909,-2898]],"type":"Polygon","properties":{"vogeId":976,"vogeName":"Graben","bezkId":244,"bezkName":"Oberaargau","kantId":2,"kantName":"Bern"}},{"arcs":[[-2899,-2910,2910,2911,2912,2913,2914]],"type":"Polygon","properties":{"vogeId":977,"vogeName":"Heimenhausen","bezkId":244,"bezkName":"Oberaargau","kantId":2,"kantName":"Bern"}},{"arcs":[[-2909,-1948,2915,-2905,2916,2917,2918,2919,-2911]],"type":"Polygon","properties":{"vogeId":979,"vogeName":"Herzogenbuchsee","bezkId":244,"bezkName":"Oberaargau","kantId":2,"kantName":"Bern"}},{"arcs":[[2920,-2913,2921,2922,2923]],"type":"Polygon","properties":{"vogeId":980,"vogeName":"Inkwil","bezkId":244,"bezkName":"Oberaargau","kantId":2,"kantName":"Bern"}},{"arcs":[[2924,2925,-1946,-1893,2926,2927,2928,2929,2930]],"type":"Polygon","properties":{"vogeId":981,"vogeName":"Niederbipp","bezkId":244,"bezkName":"Oberaargau","kantId":2,"kantName":"Bern"}},{"arcs":[[-2912,-2920,2931,2932,-2922]],"type":"Polygon","properties":{"vogeId":982,"vogeName":"Niederönz","bezkId":244,"bezkName":"Oberaargau","kantId":2,"kantName":"Bern"}},{"arcs":[[-2927,-1892,2933,2934,2935]],"type":"Polygon","properties":{"vogeId":983,"vogeName":"Oberbipp","bezkId":244,"bezkName":"Oberaargau","kantId":2,"kantName":"Bern"}},{"arcs":[[-1897,-1942,-1923,-1951,-1929,-2141,2936,-2902,2937]],"type":"Polygon","properties":{"vogeId":985,"vogeName":"Ochlenberg","bezkId":244,"bezkName":"Oberaargau","kantId":2,"kantName":"Bern"}},{"arcs":[[2938,-2928,-2936,2939,-2890,-2907,2940]],"type":"Polygon","properties":{"vogeId":987,"vogeName":"Rumisberg","bezkId":244,"bezkName":"Oberaargau","kantId":2,"kantName":"Bern"}},{"arcs":[[-2918,2941,-2903,-2937,-2144,-2070,-2112,2942,2943]],"type":"Polygon","properties":{"vogeId":988,"vogeName":"Seeberg","bezkId":244,"bezkName":"Oberaargau","kantId":2,"kantName":"Bern"}},{"arcs":[[-2916,-1947,-1898,-2938,-2901]],"type":"Polygon","properties":{"vogeId":989,"vogeName":"Thörigen","bezkId":244,"bezkName":"Oberaargau","kantId":2,"kantName":"Bern"}},{"arcs":[[2944,-2934,-1891,-2897,2945]],"type":"Polygon","properties":{"vogeId":990,"vogeName":"Walliswil bei Niederbipp","bezkId":244,"bezkName":"Oberaargau","kantId":2,"kantName":"Bern"}},{"arcs":[[2946,-2946,-2900,-2915,2947]],"type":"Polygon","properties":{"vogeId":991,"vogeName":"Walliswil bei Wangen","bezkId":244,"bezkName":"Oberaargau","kantId":2,"kantName":"Bern"}},{"arcs":[[-2914,-2921,2948,2949,2950,-2892,2951,-2948]],"type":"Polygon","properties":{"vogeId":992,"vogeName":"Wangen an der Aare","bezkId":244,"bezkName":"Oberaargau","kantId":2,"kantName":"Bern"}},{"arcs":[[-2940,-2935,-2945,-2947,-2952,-2891]],"type":"Polygon","properties":{"vogeId":995,"vogeName":"Wiedlisbach","bezkId":244,"bezkName":"Oberaargau","kantId":2,"kantName":"Bern"}},{"arcs":[[2952,2953,2954,2955]],"type":"Polygon","properties":{"vogeId":1001,"vogeName":"Doppleschwand","bezkId":316,"bezkName":"Entlebuch","kantId":3,"kantName":"Luzern"}},{"arcs":[[2956,2957,2958,2959,2960,2961,-2954]],"type":"Polygon","properties":{"vogeId":1002,"vogeName":"Entlebuch","bezkId":316,"bezkName":"Entlebuch","kantId":3,"kantName":"Luzern"}},{"arcs":[[2962,2963,2964,2965,-2331,-2394,-2366,-2804,2966]],"type":"Polygon","properties":{"vogeId":1004,"vogeName":"Flühli","bezkId":316,"bezkName":"Entlebuch","kantId":3,"kantName":"Luzern"}},{"arcs":[[-2955,-2962,2967,-2964,2968,2969]],"type":"Polygon","properties":{"vogeId":1005,"vogeName":"Hasle (LU)","bezkId":316,"bezkName":"Entlebuch","kantId":3,"kantName":"Luzern"}},{"arcs":[[2970,-2956,-2970,2971,-2808,2972,2973]],"type":"Polygon","properties":{"vogeId":1007,"vogeName":"Romoos","bezkId":316,"bezkName":"Entlebuch","kantId":3,"kantName":"Luzern"}},{"arcs":[[-2969,-2963,2974,-2809,-2972]],"type":"Polygon","properties":{"vogeId":1008,"vogeName":"Schüpfheim","bezkId":316,"bezkName":"Entlebuch","kantId":3,"kantName":"Luzern"}},{"arcs":[[2975,2976,-2958,2977]],"type":"Polygon","properties":{"vogeId":1009,"vogeName":"Werthenstein","bezkId":316,"bezkName":"Entlebuch","kantId":3,"kantName":"Luzern"}},{"arcs":[[-2975,-2967,-2803,-2781,-2810]],"type":"Polygon","properties":{"vogeId":1010,"vogeName":"Escholzmatt-Marbach","bezkId":316,"bezkName":"Entlebuch","kantId":3,"kantName":"Luzern"}},{"arcs":[[2978,2979,2980,2981]],"type":"Polygon","properties":{"vogeId":1021,"vogeName":"Aesch (LU)","bezkId":313,"bezkName":"Hochdorf","kantId":3,"kantName":"Luzern"}},{"arcs":[[2982,2983,2984,2985,2986]],"type":"Polygon","properties":{"vogeId":1023,"vogeName":"Ballwil","bezkId":313,"bezkName":"Hochdorf","kantId":3,"kantName":"Luzern"}},{"arcs":[[2987,2988,2989,2990,2991,2992]],"type":"Polygon","properties":{"vogeId":1024,"vogeName":"Emmen","bezkId":313,"bezkName":"Hochdorf","kantId":3,"kantName":"Luzern"}},{"arcs":[[2993,2994,2995,2996,2997]],"type":"Polygon","properties":{"vogeId":1025,"vogeName":"Ermensee","bezkId":313,"bezkName":"Hochdorf","kantId":3,"kantName":"Luzern"}},{"arcs":[[2998,-2986,2999,3000,-2988,3001,3002]],"type":"Polygon","properties":{"vogeId":1026,"vogeName":"Eschenbach (LU)","bezkId":313,"bezkName":"Hochdorf","kantId":3,"kantName":"Luzern"}},{"arcs":[[[3003,-2996,3004]],[[-2994,3005,3006,-2981,3007,3008,3009,3010,3011,3012]]],"type":"MultiPolygon","properties":{"vogeId":1030,"vogeName":"Hitzkirch","bezkId":313,"bezkName":"Hochdorf","kantId":3,"kantName":"Luzern"}},{"arcs":[[3013,3014,-2987,-2999,3015,3016]],"type":"Polygon","properties":{"vogeId":1031,"vogeName":"Hochdorf","bezkId":313,"bezkName":"Hochdorf","kantId":3,"kantName":"Luzern"}},{"arcs":[[3017,3018,3019,3020,-2983,-3015,3021,-3012,3022]],"type":"Polygon","properties":{"vogeId":1032,"vogeName":"Hohenrain","bezkId":313,"bezkName":"Hochdorf","kantId":3,"kantName":"Luzern"}},{"arcs":[[3023,3024,3025,3026,3027,3028,-3000,-2985]],"type":"Polygon","properties":{"vogeId":1033,"vogeName":"Inwil","bezkId":313,"bezkName":"Hochdorf","kantId":3,"kantName":"Luzern"}},{"arcs":[[3029,-3016,-3003,3030,3031,3032]],"type":"Polygon","properties":{"vogeId":1037,"vogeName":"Rain","bezkId":313,"bezkName":"Hochdorf","kantId":3,"kantName":"Luzern"}},{"arcs":[[-2997,-3004,3033,-3017,-3030,3034,3035]],"type":"Polygon","properties":{"vogeId":1039,"vogeName":"Römerswil","bezkId":313,"bezkName":"Hochdorf","kantId":3,"kantName":"Luzern"}},{"arcs":[[-3031,-3002,-2993,3036]],"type":"Polygon","properties":{"vogeId":1040,"vogeName":"Rothenburg","bezkId":313,"bezkName":"Hochdorf","kantId":3,"kantName":"Luzern"}},{"arcs":[[3037,3038,-3008,-2980,3039]],"type":"Polygon","properties":{"vogeId":1041,"vogeName":"Schongau","bezkId":313,"bezkName":"Hochdorf","kantId":3,"kantName":"Luzern"}},{"arcs":[[3040,3041,3042,3043,3044,3045]],"type":"Polygon","properties":{"vogeId":1051,"vogeName":"Adligenswil","bezkId":312,"bezkName":"Luzern-Land","kantId":3,"kantName":"Luzern"}},{"arcs":[[-3029,3046,3047,3048,-2989,-3001]],"type":"Polygon","properties":{"vogeId":1052,"vogeName":"Buchrain","bezkId":312,"bezkName":"Luzern-Land","kantId":3,"kantName":"Luzern"}},{"arcs":[[3049,3050,-3041,3051,-3048]],"type":"Polygon","properties":{"vogeId":1053,"vogeName":"Dierikon","bezkId":312,"bezkName":"Luzern-Land","kantId":3,"kantName":"Luzern"}},{"arcs":[[-3049,-3052,-3046,3052,-2990]],"type":"Polygon","properties":{"vogeId":1054,"vogeName":"Ebikon","bezkId":312,"bezkName":"Luzern-Land","kantId":3,"kantName":"Luzern"}},{"arcs":[[3053,-3027]],"type":"Polygon","properties":{"vogeId":1055,"vogeName":"Gisikon","bezkId":312,"bezkName":"Luzern-Land","kantId":3,"kantName":"Luzern"}},{"arcs":[[3054,3055,3056]],"type":"Polygon","properties":{"vogeId":1056,"vogeName":"Greppen","bezkId":312,"bezkName":"Luzern-Land","kantId":3,"kantName":"Luzern"}},{"arcs":[[3057,3058,3059,3060]],"type":"Polygon","properties":{"vogeId":1058,"vogeName":"Horw","bezkId":312,"bezkName":"Luzern-Land","kantId":3,"kantName":"Luzern"}},{"arcs":[[3061,-3061,3062,3063,3064]],"type":"Polygon","properties":{"vogeId":1059,"vogeName":"Kriens","bezkId":312,"bezkName":"Luzern-Land","kantId":3,"kantName":"Luzern"}},{"arcs":[[[3065,3066,3067]],[[-3053,-3045,3068,3069,-3058,-3062,3070,3071,-2991]]],"type":"MultiPolygon","properties":{"vogeId":1061,"vogeName":"Luzern","bezkId":311,"bezkName":"Luzern-Stadt","kantId":3,"kantName":"Luzern"}},{"arcs":[[3072,-3071,-3065,3073,-2977,3074]],"type":"Polygon","properties":{"vogeId":1062,"vogeName":"Malters","bezkId":312,"bezkName":"Luzern-Land","kantId":3,"kantName":"Luzern"}},{"arcs":[[3075,3076,-3069,-3044]],"type":"Polygon","properties":{"vogeId":1063,"vogeName":"Meggen","bezkId":312,"bezkName":"Luzern-Land","kantId":3,"kantName":"Luzern"}},{"arcs":[[3077,3078,3079,3080,3081]],"type":"Polygon","properties":{"vogeId":1064,"vogeName":"Meierskappel","bezkId":312,"bezkName":"Luzern-Land","kantId":3,"kantName":"Luzern"}},{"arcs":[[-3082,3082,-3050,-3047,-3028,-3054,-3026,3083,3084]],"type":"Polygon","properties":{"vogeId":1065,"vogeName":"Root","bezkId":312,"bezkName":"Luzern-Land","kantId":3,"kantName":"Luzern"}},{"arcs":[[-3074,-3064,3085,3086,-2959]],"type":"Polygon","properties":{"vogeId":1066,"vogeName":"Schwarzenberg","bezkId":312,"bezkName":"Luzern-Land","kantId":3,"kantName":"Luzern"}},{"arcs":[[-3081,3087,-3042,-3051,-3083]],"type":"Polygon","properties":{"vogeId":1067,"vogeName":"Udligenswil","bezkId":312,"bezkName":"Luzern-Land","kantId":3,"kantName":"Luzern"}},{"arcs":[[3088,3089,3090,3091]],"type":"Polygon","properties":{"vogeId":1068,"vogeName":"Vitznau","bezkId":312,"bezkName":"Luzern-Land","kantId":3,"kantName":"Luzern"}},{"arcs":[[3092,3093,-3089,3094,-3056]],"type":"Polygon","properties":{"vogeId":1069,"vogeName":"Weggis","bezkId":312,"bezkName":"Luzern-Land","kantId":3,"kantName":"Luzern"}},{"arcs":[[3095,3096,3097,3098,3099,3100,-3006,-2998,-3036,3101,3102,3103]],"type":"Polygon","properties":{"vogeId":1081,"vogeName":"Beromünster","bezkId":314,"bezkName":"Sursee","kantId":3,"kantName":"Luzern"}},{"arcs":[[3104,3105,3106,3107]],"type":"Polygon","properties":{"vogeId":1082,"vogeName":"Büron","bezkId":314,"bezkName":"Sursee","kantId":3,"kantName":"Luzern"}},{"arcs":[[3108,3109,3110,3111,3112]],"type":"Polygon","properties":{"vogeId":1083,"vogeName":"Buttisholz","bezkId":314,"bezkName":"Sursee","kantId":3,"kantName":"Luzern"}},{"arcs":[[-3104,3113,3114,3115]],"type":"Polygon","properties":{"vogeId":1084,"vogeName":"Eich","bezkId":314,"bezkName":"Sursee","kantId":3,"kantName":"Luzern"}},{"arcs":[[3116,3117,-3097,3118,3119,3120,-3107]],"type":"Polygon","properties":{"vogeId":1085,"vogeName":"Geuensee","bezkId":314,"bezkName":"Sursee","kantId":3,"kantName":"Luzern"}},{"arcs":[[3121,3122,-3113,3123,3124,3125]],"type":"Polygon","properties":{"vogeId":1086,"vogeName":"Grosswangen","bezkId":314,"bezkName":"Sursee","kantId":3,"kantName":"Luzern"}},{"arcs":[[-3102,-3035,-3033,3126,3127]],"type":"Polygon","properties":{"vogeId":1088,"vogeName":"Hildisrieden","bezkId":314,"bezkName":"Sursee","kantId":3,"kantName":"Luzern"}},{"arcs":[[-3108,-3121,3128,3129,3130,3131]],"type":"Polygon","properties":{"vogeId":1089,"vogeName":"Knutwil","bezkId":314,"bezkName":"Sursee","kantId":3,"kantName":"Luzern"}},{"arcs":[[3132,-3130,3133,3134,-3122,3135,3136]],"type":"Polygon","properties":{"vogeId":1091,"vogeName":"Mauensee","bezkId":314,"bezkName":"Sursee","kantId":3,"kantName":"Luzern"}},{"arcs":[[-3127,-3032,-3037,-2992,-3072,-3073,3137,3138,3139,3140]],"type":"Polygon","properties":{"vogeId":1093,"vogeName":"Neuenkirch","bezkId":314,"bezkName":"Sursee","kantId":3,"kantName":"Luzern"}},{"arcs":[[3141,3142,-3139,3143,-3110]],"type":"Polygon","properties":{"vogeId":1094,"vogeName":"Nottwil","bezkId":314,"bezkName":"Sursee","kantId":3,"kantName":"Luzern"}},{"arcs":[[3144,3145,-3142,-3109,-3123,-3135]],"type":"Polygon","properties":{"vogeId":1095,"vogeName":"Oberkirch","bezkId":314,"bezkName":"Sursee","kantId":3,"kantName":"Luzern"}},{"arcs":[[3146,3147,-3098,-3118,3148,3149,3150]],"type":"Polygon","properties":{"vogeId":1097,"vogeName":"Rickenbach (LU)","bezkId":314,"bezkName":"Sursee","kantId":3,"kantName":"Luzern"}},{"arcs":[[-3144,-3138,-3075,-2976,3151,3152,-3111]],"type":"Polygon","properties":{"vogeId":1098,"vogeName":"Ruswil","bezkId":314,"bezkName":"Sursee","kantId":3,"kantName":"Luzern"}},{"arcs":[[-3119,-3096,-3116,3153,3154]],"type":"Polygon","properties":{"vogeId":1099,"vogeName":"Schenkon","bezkId":314,"bezkName":"Sursee","kantId":3,"kantName":"Luzern"}},{"arcs":[[3155,-3149,-3117,-3106,3156]],"type":"Polygon","properties":{"vogeId":1100,"vogeName":"Schlierbach","bezkId":314,"bezkName":"Sursee","kantId":3,"kantName":"Luzern"}},{"arcs":[[-3103,-3128,-3141,3157,-3114]],"type":"Polygon","properties":{"vogeId":1102,"vogeName":"Sempach","bezkId":314,"bezkName":"Sursee","kantId":3,"kantName":"Luzern"}},{"arcs":[[-3120,-3155,3158,-3145,-3134,-3129]],"type":"Polygon","properties":{"vogeId":1103,"vogeName":"Sursee","bezkId":314,"bezkName":"Sursee","kantId":3,"kantName":"Luzern"}},{"arcs":[[3159,-3157,-3105,-3132,3160,3161,3162,3163]],"type":"Polygon","properties":{"vogeId":1104,"vogeName":"Triengen","bezkId":314,"bezkName":"Sursee","kantId":3,"kantName":"Luzern"}},{"arcs":[[-3152,-2978,-2957,-2953,-2971,3164]],"type":"Polygon","properties":{"vogeId":1107,"vogeName":"Wolhusen","bezkId":316,"bezkName":"Entlebuch","kantId":3,"kantName":"Luzern"}},{"arcs":[[3165,3166,3167]],"type":"Polygon","properties":{"vogeId":1121,"vogeName":"Alberswil","bezkId":315,"bezkName":"Willisau","kantId":3,"kantName":"Luzern"}},{"arcs":[[3168,3169,3170,3171,-1926,3172]],"type":"Polygon","properties":{"vogeId":1122,"vogeName":"Altbüron","bezkId":315,"bezkName":"Willisau","kantId":3,"kantName":"Luzern"}},{"arcs":[[3173,3174,3175,-3171,3176,3177,3178,3179]],"type":"Polygon","properties":{"vogeId":1123,"vogeName":"Altishofen","bezkId":315,"bezkName":"Willisau","kantId":3,"kantName":"Luzern"}},{"arcs":[[-3131,-3133,3180,3181,3182,-3179,3183,-3161]],"type":"Polygon","properties":{"vogeId":1125,"vogeName":"Dagmersellen","bezkId":315,"bezkName":"Willisau","kantId":3,"kantName":"Luzern"}},{"arcs":[[-3182,3184,3185,3186]],"type":"Polygon","properties":{"vogeId":1127,"vogeName":"Egolzwil","bezkId":315,"bezkName":"Willisau","kantId":3,"kantName":"Luzern"}},{"arcs":[[3187,3188,-3136,-3126,3189,-3167]],"type":"Polygon","properties":{"vogeId":1128,"vogeName":"Ettiswil","bezkId":315,"bezkName":"Willisau","kantId":3,"kantName":"Luzern"}},{"arcs":[[-3175,3190,3191,3192,-1906,3193]],"type":"Polygon","properties":{"vogeId":1129,"vogeName":"Fischbach","bezkId":315,"bezkName":"Willisau","kantId":3,"kantName":"Luzern"}},{"arcs":[[[-1905,-1927,-3172,-3176,-3194]],[[-3170,3194,3195,3196,-3177]]],"type":"MultiPolygon","properties":{"vogeId":1131,"vogeName":"Grossdietwil","bezkId":315,"bezkName":"Willisau","kantId":3,"kantName":"Luzern"}},{"arcs":[[3197,3198,-2973,-2807,3199]],"type":"Polygon","properties":{"vogeId":1132,"vogeName":"Hergiswil bei Willisau","bezkId":315,"bezkName":"Willisau","kantId":3,"kantName":"Luzern"}},{"arcs":[[3200,-3200,-2806,-2887,-2877,3201]],"type":"Polygon","properties":{"vogeId":1135,"vogeName":"Luthern","bezkId":315,"bezkName":"Willisau","kantId":3,"kantName":"Luzern"}},{"arcs":[[-3124,-3112,-3153,-3165,-2974,-3199,3202]],"type":"Polygon","properties":{"vogeId":1136,"vogeName":"Menznau","bezkId":315,"bezkName":"Willisau","kantId":3,"kantName":"Luzern"}},{"arcs":[[-3183,-3187,3203,-3180]],"type":"Polygon","properties":{"vogeId":1137,"vogeName":"Nebikon","bezkId":315,"bezkName":"Willisau","kantId":3,"kantName":"Luzern"}},{"arcs":[[3204,3205,-3196,3206,-3173,-1925,-1914,-1935,3207]],"type":"Polygon","properties":{"vogeId":1139,"vogeName":"Pfaffnau","bezkId":315,"bezkName":"Willisau","kantId":3,"kantName":"Luzern"}},{"arcs":[[-3178,-3197,-3206,3208,3209,3210,-3162,-3184]],"type":"Polygon","properties":{"vogeId":1140,"vogeName":"Reiden","bezkId":315,"bezkName":"Willisau","kantId":3,"kantName":"Luzern"}},{"arcs":[[-3207,-3195,-3169]],"type":"Polygon","properties":{"vogeId":1142,"vogeName":"Roggliswil","bezkId":315,"bezkName":"Willisau","kantId":3,"kantName":"Luzern"}},{"arcs":[[-3174,-3204,-3186,3211,-3188,-3166,3212,3213,-3191]],"type":"Polygon","properties":{"vogeId":1143,"vogeName":"Schötz","bezkId":315,"bezkName":"Willisau","kantId":3,"kantName":"Luzern"}},{"arcs":[[-3193,3214,3215,-3202,-2876,-2880,-1907]],"type":"Polygon","properties":{"vogeId":1145,"vogeName":"Ufhusen","bezkId":315,"bezkName":"Willisau","kantId":3,"kantName":"Luzern"}},{"arcs":[[-3181,-3137,-3189,-3212,-3185]],"type":"Polygon","properties":{"vogeId":1146,"vogeName":"Wauwil","bezkId":315,"bezkName":"Willisau","kantId":3,"kantName":"Luzern"}},{"arcs":[[3216,3217,3218,-3210,3219]],"type":"Polygon","properties":{"vogeId":1147,"vogeName":"Wikon","bezkId":315,"bezkName":"Willisau","kantId":3,"kantName":"Luzern"}},{"arcs":[[-3214,3220,-3215,-3192]],"type":"Polygon","properties":{"vogeId":1150,"vogeName":"Zell (LU)","bezkId":315,"bezkName":"Willisau","kantId":3,"kantName":"Luzern"}},{"arcs":[[-3190,-3125,-3203,-3198,-3201,-3216,-3221,-3213,-3168]],"type":"Polygon","properties":{"vogeId":1151,"vogeName":"Willisau","bezkId":315,"bezkName":"Willisau","kantId":3,"kantName":"Luzern"}},{"arcs":[[3221,3222,3223,3224]],"type":"Polygon","properties":{"vogeId":1201,"vogeName":"Altdorf (UR)","bezkId":400,"bezkName":"Kt. Uri","kantId":4,"kantName":"Uri"}},{"arcs":[[3225,3226,3227,3228,3229]],"type":"Polygon","properties":{"vogeId":1202,"vogeName":"Andermatt","bezkId":400,"bezkName":"Kt. Uri","kantId":4,"kantName":"Uri"}},{"arcs":[[-3224,3230,3231,3232,3233,3234,3235]],"type":"Polygon","properties":{"vogeId":1203,"vogeName":"Attinghausen","bezkId":400,"bezkName":"Kt. Uri","kantId":4,"kantName":"Uri"}},{"arcs":[[3236,3237,3238,3239,-3223,3240,3241,3242]],"type":"Polygon","properties":{"vogeId":1205,"vogeName":"Bürglen (UR)","bezkId":400,"bezkName":"Kt. Uri","kantId":4,"kantName":"Uri"}},{"arcs":[[3243,3244,3245,3246,-3232]],"type":"Polygon","properties":{"vogeId":1206,"vogeName":"Erstfeld","bezkId":400,"bezkName":"Kt. Uri","kantId":4,"kantName":"Uri"}},{"arcs":[[3247,-3241,-3222,3248,3249]],"type":"Polygon","properties":{"vogeId":1207,"vogeName":"Flüelen","bezkId":400,"bezkName":"Kt. Uri","kantId":4,"kantName":"Uri"}},{"arcs":[[3250,3251,-3230,3252,3253,3254,-2688]],"type":"Polygon","properties":{"vogeId":1208,"vogeName":"Göschenen","bezkId":400,"bezkName":"Kt. Uri","kantId":4,"kantName":"Uri"}},{"arcs":[[-3246,3255,3256,-3226,-3252,3257]],"type":"Polygon","properties":{"vogeId":1209,"vogeName":"Gurtnellen","bezkId":400,"bezkName":"Kt. Uri","kantId":4,"kantName":"Uri"}},{"arcs":[[-3229,3258,3259,-3253]],"type":"Polygon","properties":{"vogeId":1210,"vogeName":"Hospental","bezkId":400,"bezkName":"Kt. Uri","kantId":4,"kantName":"Uri"}},{"arcs":[[3260,3261,3262,3263,-3235,3264,3265,3266,3267]],"type":"Polygon","properties":{"vogeId":1211,"vogeName":"Isenthal","bezkId":400,"bezkName":"Kt. Uri","kantId":4,"kantName":"Uri"}},{"arcs":[[-3254,-3260,3268,3269,3270]],"type":"Polygon","properties":{"vogeId":1212,"vogeName":"Realp","bezkId":400,"bezkName":"Kt. Uri","kantId":4,"kantName":"Uri"}},{"arcs":[[-3240,3271,3272,3273,-3244,-3231]],"type":"Polygon","properties":{"vogeId":1213,"vogeName":"Schattdorf","bezkId":400,"bezkName":"Kt. Uri","kantId":4,"kantName":"Uri"}},{"arcs":[[[-3264,3274,-3249,-3225,-3236]],[[3275,-3262,3276]]],"type":"MultiPolygon","properties":{"vogeId":1214,"vogeName":"Seedorf (UR)","bezkId":400,"bezkName":"Kt. Uri","kantId":4,"kantName":"Uri"}},{"arcs":[[3277,3278,-3277,-3261]],"type":"Polygon","properties":{"vogeId":1215,"vogeName":"Seelisberg","bezkId":400,"bezkName":"Kt. Uri","kantId":4,"kantName":"Uri"}},{"arcs":[[3279,3280,3281,3282,-3256,-3245,-3274,3283]],"type":"Polygon","properties":{"vogeId":1216,"vogeName":"Silenen","bezkId":400,"bezkName":"Kt. Uri","kantId":4,"kantName":"Uri"}},{"arcs":[[3284,3285,-3242,-3248,3286]],"type":"Polygon","properties":{"vogeId":1217,"vogeName":"Sisikon","bezkId":400,"bezkName":"Kt. Uri","kantId":4,"kantName":"Uri"}},{"arcs":[[[3287,-3272,-3239]],[[-3280,3288,3289,3290]]],"type":"MultiPolygon","properties":{"vogeId":1218,"vogeName":"Spiringen","bezkId":400,"bezkName":"Kt. Uri","kantId":4,"kantName":"Uri"}},{"arcs":[[-3238,3291,-3289,-3284,-3273,-3288]],"type":"Polygon","properties":{"vogeId":1219,"vogeName":"Unterschächen","bezkId":400,"bezkName":"Kt. Uri","kantId":4,"kantName":"Uri"}},{"arcs":[[-3247,-3258,-3251,-2687,3292,-3233]],"type":"Polygon","properties":{"vogeId":1220,"vogeName":"Wassen","bezkId":400,"bezkName":"Kt. Uri","kantId":4,"kantName":"Uri"}},{"arcs":[[3293,3294,3295,3296,3297,3298,3299,3300,3301,3302],[3303]],"type":"Polygon","properties":{"vogeId":1301,"vogeName":"Einsiedeln","bezkId":501,"bezkName":"Einsiedeln","kantId":5,"kantName":"Schwyz"}},{"arcs":[[3304,3305,3306,3307,-3091]],"type":"Polygon","properties":{"vogeId":1311,"vogeName":"Gersau","bezkId":502,"bezkName":"Gersau","kantId":5,"kantName":"Schwyz"}},{"arcs":[[3308,-3303,3309,-1808,3310]],"type":"Polygon","properties":{"vogeId":1321,"vogeName":"Feusisberg","bezkId":503,"bezkName":"Höfe","kantId":5,"kantName":"Schwyz"}},{"arcs":[[3311,3312,-3294,-3309,3313]],"type":"Polygon","properties":{"vogeId":1322,"vogeName":"Freienbach","bezkId":503,"bezkName":"Höfe","kantId":5,"kantName":"Schwyz"}},{"arcs":[[3314,-3314,-3311,-1807,-1622]],"type":"Polygon","properties":{"vogeId":1323,"vogeName":"Wollerau","bezkId":503,"bezkName":"Höfe","kantId":5,"kantName":"Schwyz"}},{"arcs":[[-3080,3315,3316,-3093,-3055,3317,-3076,-3043,-3088]],"type":"Polygon","properties":{"vogeId":1331,"vogeName":"Küssnacht (SZ)","bezkId":504,"bezkName":"Küssnacht (SZ)","kantId":5,"kantName":"Schwyz"}},{"arcs":[[3318,3319,3320,3321,-3295,-3313]],"type":"Polygon","properties":{"vogeId":1341,"vogeName":"Altendorf","bezkId":505,"bezkName":"March","kantId":5,"kantName":"Schwyz"}},{"arcs":[[3322,3323,3324,3325,-3321]],"type":"Polygon","properties":{"vogeId":1342,"vogeName":"Galgenen","bezkId":505,"bezkName":"March","kantId":5,"kantName":"Schwyz"}},{"arcs":[[3326,3327,3328,3329,3330,-3297,3331]],"type":"Polygon","properties":{"vogeId":1343,"vogeName":"Innerthal","bezkId":505,"bezkName":"March","kantId":5,"kantName":"Schwyz"}},{"arcs":[[3332,3333,-3323,-3320]],"type":"Polygon","properties":{"vogeId":1344,"vogeName":"Lachen","bezkId":505,"bezkName":"March","kantId":5,"kantName":"Schwyz"}},{"arcs":[[3334,3335,3336]],"type":"Polygon","properties":{"vogeId":1345,"vogeName":"Reichenburg","bezkId":505,"bezkName":"March","kantId":5,"kantName":"Schwyz"}},{"arcs":[[3337,3338,-3337,3339,-3327,3340,-3325,3341]],"type":"Polygon","properties":{"vogeId":1346,"vogeName":"Schübelbach","bezkId":505,"bezkName":"March","kantId":5,"kantName":"Schwyz"}},{"arcs":[[3342,3343,3344,-3338,3345,3346]],"type":"Polygon","properties":{"vogeId":1347,"vogeName":"Tuggen","bezkId":505,"bezkName":"March","kantId":5,"kantName":"Schwyz"}},{"arcs":[[-3326,-3341,-3332,-3296,-3322]],"type":"Polygon","properties":{"vogeId":1348,"vogeName":"Vorderthal","bezkId":505,"bezkName":"March","kantId":5,"kantName":"Schwyz"}},{"arcs":[[3347,-3346,-3342,-3324,-3334]],"type":"Polygon","properties":{"vogeId":1349,"vogeName":"Wangen (SZ)","bezkId":505,"bezkName":"March","kantId":5,"kantName":"Schwyz"}},{"arcs":[[-3300,3348,3349,3350]],"type":"Polygon","properties":{"vogeId":1361,"vogeName":"Alpthal","bezkId":506,"bezkName":"Schwyz","kantId":5,"kantName":"Schwyz"}},{"arcs":[[3351,3352,3353,3354,-3305,-3090,-3094,-3317,3355]],"type":"Polygon","properties":{"vogeId":1362,"vogeName":"Arth","bezkId":506,"bezkName":"Schwyz","kantId":5,"kantName":"Schwyz"}},{"arcs":[[3356,3357,3358]],"type":"Polygon","properties":{"vogeId":1363,"vogeName":"Illgau","bezkId":506,"bezkName":"Schwyz","kantId":5,"kantName":"Schwyz"}},{"arcs":[[3359,3360,3361,3362,-3307]],"type":"Polygon","properties":{"vogeId":1364,"vogeName":"Ingenbohl","bezkId":506,"bezkName":"Schwyz","kantId":5,"kantName":"Schwyz"}},{"arcs":[[-3355,3363,3364,-3360,-3306]],"type":"Polygon","properties":{"vogeId":1365,"vogeName":"Lauerz","bezkId":506,"bezkName":"Schwyz","kantId":5,"kantName":"Schwyz"}},{"arcs":[[3365,3366,3367,-3285,3368,-3362]],"type":"Polygon","properties":{"vogeId":1366,"vogeName":"Morschach","bezkId":506,"bezkName":"Schwyz","kantId":5,"kantName":"Schwyz"}},{"arcs":[[-3330,3369,3370,-3290,-3292,-3237,3371,-3367,3372,-3359,3373,3374]],"type":"Polygon","properties":{"vogeId":1367,"vogeName":"Muotathal","bezkId":506,"bezkName":"Schwyz","kantId":5,"kantName":"Schwyz"}},{"arcs":[[-3299,3375,-3374,-3358,3376,-3349]],"type":"Polygon","properties":{"vogeId":1368,"vogeName":"Oberiberg","bezkId":506,"bezkName":"Schwyz","kantId":5,"kantName":"Schwyz"}},{"arcs":[[-3368,-3372,-3243,-3286]],"type":"Polygon","properties":{"vogeId":1369,"vogeName":"Riemenstalden","bezkId":506,"bezkName":"Schwyz","kantId":5,"kantName":"Schwyz"}},{"arcs":[[3377,-3301,-3351,3378,3379]],"type":"Polygon","properties":{"vogeId":1370,"vogeName":"Rothenthurm","bezkId":506,"bezkName":"Schwyz","kantId":5,"kantName":"Schwyz"}},{"arcs":[[3380,-3380,3381,3382,3383,3384]],"type":"Polygon","properties":{"vogeId":1371,"vogeName":"Sattel","bezkId":506,"bezkName":"Schwyz","kantId":5,"kantName":"Schwyz"}},{"arcs":[[-3382,-3379,-3350,-3377,-3357,-3373,-3366,-3361,-3365,3385]],"type":"Polygon","properties":{"vogeId":1372,"vogeName":"Schwyz","bezkId":506,"bezkName":"Schwyz","kantId":5,"kantName":"Schwyz"}},{"arcs":[[-3383,-3386,-3364,3386]],"type":"Polygon","properties":{"vogeId":1373,"vogeName":"Steinen","bezkId":506,"bezkName":"Schwyz","kantId":5,"kantName":"Schwyz"}},{"arcs":[[3387,-3384,-3387,-3354]],"type":"Polygon","properties":{"vogeId":1374,"vogeName":"Steinerberg","bezkId":506,"bezkName":"Schwyz","kantId":5,"kantName":"Schwyz"}},{"arcs":[[-3298,-3331,-3375,-3376]],"type":"Polygon","properties":{"vogeId":1375,"vogeName":"Unteriberg","bezkId":506,"bezkName":"Schwyz","kantId":5,"kantName":"Schwyz"}},{"arcs":[[3388,3389,3390,3391,3392,-2960,-3087,3393]],"type":"Polygon","properties":{"vogeId":1401,"vogeName":"Alpnach","bezkId":600,"bezkName":"Kt. Obwalden","kantId":6,"kantName":"Obwalden"}},{"arcs":[[3394,-3265,-3234,-3293,-2694]],"type":"Polygon","properties":{"vogeId":1402,"vogeName":"Engelberg","bezkId":600,"bezkName":"Kt. Obwalden","kantId":6,"kantName":"Obwalden"}},{"arcs":[[3395,3396,3397,3398,-2372,-2399,-2966]],"type":"Polygon","properties":{"vogeId":1403,"vogeName":"Giswil","bezkId":600,"bezkName":"Kt. Obwalden","kantId":6,"kantName":"Obwalden"}},{"arcs":[[3399,3400,3401,-2692,-2684,3402,3403,3404,-3392]],"type":"Polygon","properties":{"vogeId":1404,"vogeName":"Kerns","bezkId":600,"bezkName":"Kt. Obwalden","kantId":6,"kantName":"Obwalden"}},{"arcs":[[3405,-3403,-2683,-2695,-2343,-2373,-3399]],"type":"Polygon","properties":{"vogeId":1405,"vogeName":"Lungern","bezkId":600,"bezkName":"Kt. Obwalden","kantId":6,"kantName":"Obwalden"}},{"arcs":[[3406,-3404,-3406,-3398,3407]],"type":"Polygon","properties":{"vogeId":1406,"vogeName":"Sachseln","bezkId":600,"bezkName":"Kt. Obwalden","kantId":6,"kantName":"Obwalden"}},{"arcs":[[-3393,-3405,-3407,3408,-3396,-2965,-2968,-2961]],"type":"Polygon","properties":{"vogeId":1407,"vogeName":"Sarnen","bezkId":600,"bezkName":"Kt. Obwalden","kantId":6,"kantName":"Obwalden"}},{"arcs":[[3409,3410,-3267,3411,3412,3413]],"type":"Polygon","properties":{"vogeId":1501,"vogeName":"Beckenried","bezkId":700,"bezkName":"Kt. Nidwalden","kantId":7,"kantName":"Nidwalden"}},{"arcs":[[3414,-3414,3415,3416,3417]],"type":"Polygon","properties":{"vogeId":1502,"vogeName":"Buochs","bezkId":700,"bezkName":"Kt. Nidwalden","kantId":7,"kantName":"Nidwalden"}},{"arcs":[[3418,3419,-3401,3420,3421]],"type":"Polygon","properties":{"vogeId":1503,"vogeName":"Dallenwil","bezkId":700,"bezkName":"Kt. Nidwalden","kantId":7,"kantName":"Nidwalden"}},{"arcs":[[3422,-3278,-3268,-3411]],"type":"Polygon","properties":{"vogeId":1504,"vogeName":"Emmetten","bezkId":700,"bezkName":"Kt. Nidwalden","kantId":7,"kantName":"Nidwalden"}},{"arcs":[[-3066,3423,-3418,3424,3425]],"type":"Polygon","properties":{"vogeId":1505,"vogeName":"Ennetbürgen","bezkId":700,"bezkName":"Kt. Nidwalden","kantId":7,"kantName":"Nidwalden"}},{"arcs":[[3426,3427,-3421,-3400,-3391,3428]],"type":"Polygon","properties":{"vogeId":1506,"vogeName":"Ennetmoos","bezkId":700,"bezkName":"Kt. Nidwalden","kantId":7,"kantName":"Nidwalden"}},{"arcs":[[-3060,3429,3430,-3394,-3086,-3063]],"type":"Polygon","properties":{"vogeId":1507,"vogeName":"Hergiswil (NW)","bezkId":700,"bezkName":"Kt. Nidwalden","kantId":7,"kantName":"Nidwalden"}},{"arcs":[[-3416,-3413,3431,-3419,3432]],"type":"Polygon","properties":{"vogeId":1508,"vogeName":"Oberdorf (NW)","bezkId":700,"bezkName":"Kt. Nidwalden","kantId":7,"kantName":"Nidwalden"}},{"arcs":[[-3425,-3417,-3433,-3422,-3428,3433]],"type":"Polygon","properties":{"vogeId":1509,"vogeName":"Stans","bezkId":700,"bezkName":"Kt. Nidwalden","kantId":7,"kantName":"Nidwalden"}},{"arcs":[[-3389,-3431,3434,-3067,-3426,-3434,-3427,3435]],"type":"Polygon","properties":{"vogeId":1510,"vogeName":"Stansstad","bezkId":700,"bezkName":"Kt. Nidwalden","kantId":7,"kantName":"Nidwalden"}},{"arcs":[[-3432,-3412,-3266,-3395,-2693,-3402,-3420]],"type":"Polygon","properties":{"vogeId":1511,"vogeName":"Wolfenschiessen","bezkId":700,"bezkName":"Kt. Nidwalden","kantId":7,"kantName":"Nidwalden"}},{"arcs":[[3436,3437,3438,3439,3440,3441,3442,-3328,-3340,-3336]],"type":"Polygon","properties":{"vogeId":1630,"vogeName":"Glarus Nord","bezkId":800,"bezkName":"Kt. Glarus","kantId":8,"kantName":"Glarus"}},{"arcs":[[3443,-3442,3444,3445,3446,3447,3448,3449,3450,3451,3452,3453,3454,-3281,-3291,-3371]],"type":"Polygon","properties":{"vogeId":1631,"vogeName":"Glarus Süd","bezkId":800,"bezkName":"Kt. Glarus","kantId":8,"kantName":"Glarus"}},{"arcs":[[-3444,-3370,-3329,-3443]],"type":"Polygon","properties":{"vogeId":1632,"vogeName":"Glarus","bezkId":800,"bezkName":"Kt. Glarus","kantId":8,"kantName":"Glarus"}},{"arcs":[[-1317,3455,3456,3457,3458,3459,-1324]],"type":"Polygon","properties":{"vogeId":1701,"vogeName":"Baar","bezkId":900,"bezkName":"Kt. Zug","kantId":9,"kantName":"Zug"}},{"arcs":[[-1333,-1331,3460,3461,3462,3463]],"type":"Polygon","properties":{"vogeId":1702,"vogeName":"Cham","bezkId":900,"bezkName":"Kt. Zug","kantId":9,"kantName":"Zug"}},{"arcs":[[3464,-1339,-1334,-3464,3465,3466,3467,3468,3469,3470]],"type":"Polygon","properties":{"vogeId":1703,"vogeName":"Hünenberg","bezkId":900,"bezkName":"Kt. Zug","kantId":9,"kantName":"Zug"}},{"arcs":[[-1816,-1810,3471,3472,-3457,3473]],"type":"Polygon","properties":{"vogeId":1704,"vogeName":"Menzingen","bezkId":900,"bezkName":"Kt. Zug","kantId":9,"kantName":"Zug"}},{"arcs":[[-1316,-1817,-3474,-3456]],"type":"Polygon","properties":{"vogeId":1705,"vogeName":"Neuheim","bezkId":900,"bezkName":"Kt. Zug","kantId":9,"kantName":"Zug"}},{"arcs":[[-1809,-3310,-3302,-3378,-3381,3474,3475,3476,-3472]],"type":"Polygon","properties":{"vogeId":1706,"vogeName":"Oberägeri","bezkId":900,"bezkName":"Kt. Zug","kantId":9,"kantName":"Zug"}},{"arcs":[[-3467,3477,-3078,-3085,3478]],"type":"Polygon","properties":{"vogeId":1707,"vogeName":"Risch","bezkId":900,"bezkName":"Kt. Zug","kantId":9,"kantName":"Zug"}},{"arcs":[[-1325,-3460,3479,-3461,-1330]],"type":"Polygon","properties":{"vogeId":1708,"vogeName":"Steinhausen","bezkId":900,"bezkName":"Kt. Zug","kantId":9,"kantName":"Zug"}},{"arcs":[[-3473,-3477,3480,-3475,-3385,-3388,-3353,3481,3482,-3458]],"type":"Polygon","properties":{"vogeId":1709,"vogeName":"Unterägeri","bezkId":900,"bezkName":"Kt. Zug","kantId":9,"kantName":"Zug"}},{"arcs":[[3483,-3482,-3352,3484]],"type":"Polygon","properties":{"vogeId":1710,"vogeName":"Walchwil","bezkId":900,"bezkName":"Kt. Zug","kantId":9,"kantName":"Zug"}},{"arcs":[[-3480,-3459,-3483,-3484,3485,-3462]],"type":"Polygon","properties":{"vogeId":1711,"vogeName":"Zug","bezkId":900,"bezkName":"Kt. Zug","kantId":9,"kantName":"Zug"}},{"arcs":[[3486,3487]],"type":"Polygon","properties":{"vogeId":2008,"vogeName":"Châtillon (FR)","bezkId":1001,"bezkName":"La Broye","kantId":10,"kantName":"Freiburg"}},{"arcs":[[3488,3489,3490,3491]],"type":"Polygon","properties":{"vogeId":2011,"vogeName":"Cugy (FR)","bezkId":1001,"bezkName":"La Broye","kantId":10,"kantName":"Freiburg"}},{"arcs":[[3492,3493,3494,3495,3496]],"type":"Polygon","properties":{"vogeId":2022,"vogeName":"Gletterens","bezkId":1001,"bezkName":"La Broye","kantId":10,"kantName":"Freiburg"}},{"arcs":[[3497,3498,3499,3500]],"type":"Polygon","properties":{"vogeId":2025,"vogeName":"Lully (FR)","bezkId":1001,"bezkName":"La Broye","kantId":10,"kantName":"Freiburg"}},{"arcs":[[3501,3502,3503,3504,3505,3506]],"type":"Polygon","properties":{"vogeId":2029,"vogeName":"Montagny (FR)","bezkId":1001,"bezkName":"La Broye","kantId":10,"kantName":"Freiburg"}},{"arcs":[[3507,3508,3509,3510]],"type":"Polygon","properties":{"vogeId":2035,"vogeName":"Nuvilly","bezkId":1001,"bezkName":"La Broye","kantId":10,"kantName":"Freiburg"}},{"arcs":[[3511,3512,3513,3514,3515]],"type":"Polygon","properties":{"vogeId":2038,"vogeName":"Prévondavaux","bezkId":1001,"bezkName":"La Broye","kantId":10,"kantName":"Freiburg"}},{"arcs":[[3516,3517,3518,3519,3520,3521]],"type":"Polygon","properties":{"vogeId":2041,"vogeName":"Saint-Aubin (FR)","bezkId":1001,"bezkName":"La Broye","kantId":10,"kantName":"Freiburg"}},{"arcs":[[3522,3523]],"type":"Polygon","properties":{"vogeId":2043,"vogeName":"Sévaz","bezkId":1001,"bezkName":"La Broye","kantId":10,"kantName":"Freiburg"}},{"arcs":[[3524,3525,3526,-3513,3527]],"type":"Polygon","properties":{"vogeId":2044,"vogeName":"Surpierre","bezkId":1001,"bezkName":"La Broye","kantId":10,"kantName":"Freiburg"}},{"arcs":[[3528,-3521,3529,3530,3531,-3495]],"type":"Polygon","properties":{"vogeId":2045,"vogeName":"Vallon","bezkId":1001,"bezkName":"La Broye","kantId":10,"kantName":"Freiburg"}},{"arcs":[[3532,3533,-3508,3534,-3499,3535,-3523,3536,-3492]],"type":"Polygon","properties":{"vogeId":2050,"vogeName":"Les Montets","bezkId":1001,"bezkName":"La Broye","kantId":10,"kantName":"Freiburg"}},{"arcs":[[3537,-3522,-3529,-3494,3538]],"type":"Polygon","properties":{"vogeId":2051,"vogeName":"Delley-Portalban","bezkId":1001,"bezkName":"La Broye","kantId":10,"kantName":"Freiburg"}},{"arcs":[[3539,-3519,3540,3541,3542,-3504,3543]],"type":"Polygon","properties":{"vogeId":2053,"vogeName":"Belmont-Broye","bezkId":1001,"bezkName":"La Broye","kantId":10,"kantName":"Freiburg"}},{"arcs":[[[3544,3545,3546,3547]],[[3548,3549,-3500,-3535,-3511,3550]],[[3551,-3487,3552,3553,3554,3555,3556,-3489,-3537,-3524,-3536,-3498]]],"type":"MultiPolygon","properties":{"vogeId":2054,"vogeName":"Estavayer","bezkId":1001,"bezkName":"La Broye","kantId":10,"kantName":"Freiburg"}},{"arcs":[[3557,-3553,-3488,-3552,-3501,-3550,3558,3559,3560]],"type":"Polygon","properties":{"vogeId":2055,"vogeName":"Cheyres-Châbles","bezkId":1001,"bezkName":"La Broye","kantId":10,"kantName":"Freiburg"}},{"arcs":[[3561,3562,3563,-3533,-3491]],"type":"Polygon","properties":{"vogeId":2056,"vogeName":"Fétigny-Ménières","bezkId":1001,"bezkName":"La Broye","kantId":10,"kantName":"Freiburg"}},{"arcs":[[3564,3565,3566,3567,3568]],"type":"Polygon","properties":{"vogeId":2063,"vogeName":"Billens-Hennens","bezkId":1002,"bezkName":"La Glâne","kantId":10,"kantName":"Freiburg"}},{"arcs":[[3569,3570,3571,3572,3573]],"type":"Polygon","properties":{"vogeId":2067,"vogeName":"Le Châtelard","bezkId":1002,"bezkName":"La Glâne","kantId":10,"kantName":"Freiburg"}},{"arcs":[[3574,3575,3576,3577,3578]],"type":"Polygon","properties":{"vogeId":2068,"vogeName":"Châtonnaye","bezkId":1002,"bezkName":"La Glâne","kantId":10,"kantName":"Freiburg"}},{"arcs":[[3579,-3574,3580,3581,3582]],"type":"Polygon","properties":{"vogeId":2079,"vogeName":"Grangettes","bezkId":1002,"bezkName":"La Glâne","kantId":10,"kantName":"Freiburg"}},{"arcs":[[3583,3584,-3570,-3580,3585,3586]],"type":"Polygon","properties":{"vogeId":2086,"vogeName":"Massonnens","bezkId":1002,"bezkName":"La Glâne","kantId":10,"kantName":"Freiburg"}},{"arcs":[[3587,-3587,3588,3589,3590]],"type":"Polygon","properties":{"vogeId":2087,"vogeName":"Mézières (FR)","bezkId":1002,"bezkName":"La Glâne","kantId":10,"kantName":"Freiburg"}},{"arcs":[[3591,3592,-3591,3593,-3565,3594,3595,3596]],"type":"Polygon","properties":{"vogeId":2096,"vogeName":"Romont (FR)","bezkId":1002,"bezkName":"La Glâne","kantId":10,"kantName":"Freiburg"}},{"arcs":[[3597,3598,3599,3600,3601,3602]],"type":"Polygon","properties":{"vogeId":2097,"vogeName":"Rue","bezkId":1002,"bezkName":"La Glâne","kantId":10,"kantName":"Freiburg"}},{"arcs":[[3603,3604,3605,-3566,-3594,-3590,3606]],"type":"Polygon","properties":{"vogeId":2099,"vogeName":"Siviriez","bezkId":1002,"bezkName":"La Glâne","kantId":10,"kantName":"Freiburg"}},{"arcs":[[-3601,3607,3608,3609,-3605,3610]],"type":"Polygon","properties":{"vogeId":2102,"vogeName":"Ursy","bezkId":1002,"bezkName":"La Glâne","kantId":10,"kantName":"Freiburg"}},{"arcs":[[3611,-3607,-3589,-3586,-3583,3612,3613]],"type":"Polygon","properties":{"vogeId":2113,"vogeName":"Vuisternens-devant-Romont","bezkId":1002,"bezkName":"La Glâne","kantId":10,"kantName":"Freiburg"}},{"arcs":[[3614,3615,3616,3617,-3571,-3585,3618]],"type":"Polygon","properties":{"vogeId":2114,"vogeName":"Villorsonnens","bezkId":1002,"bezkName":"La Glâne","kantId":10,"kantName":"Freiburg"}},{"arcs":[[-3507,3619,3620,3621,-3576,3622,3623]],"type":"Polygon","properties":{"vogeId":2115,"vogeName":"Torny","bezkId":1002,"bezkName":"La Glâne","kantId":10,"kantName":"Freiburg"}},{"arcs":[[-3619,-3584,-3588,-3593,3624,-3577,-3622,3625,3626]],"type":"Polygon","properties":{"vogeId":2117,"vogeName":"Villaz","bezkId":1002,"bezkName":"La Glâne","kantId":10,"kantName":"Freiburg"}},{"arcs":[[3627,3628,3629,3630,3631,3632,3633,3634,3635,3636]],"type":"Polygon","properties":{"vogeId":2121,"vogeName":"Haut-Intyamon","bezkId":1003,"bezkName":"La Gruyère","kantId":10,"kantName":"Freiburg"}},{"arcs":[[3637,3638,3639,3640]],"type":"Polygon","properties":{"vogeId":2122,"vogeName":"Pont-en-Ogoz","bezkId":1003,"bezkName":"La Gruyère","kantId":10,"kantName":"Freiburg"}},{"arcs":[[3641,3642,3643,3644,3645]],"type":"Polygon","properties":{"vogeId":2123,"vogeName":"Botterens","bezkId":1003,"bezkName":"La Gruyère","kantId":10,"kantName":"Freiburg"}},{"arcs":[[3646,3647,-3642,3648,3649,3650,3651,3652]],"type":"Polygon","properties":{"vogeId":2124,"vogeName":"Broc","bezkId":1003,"bezkName":"La Gruyère","kantId":10,"kantName":"Freiburg"}},{"arcs":[[3653,3654,-3653,3655,3656,3657,3658,3659]],"type":"Polygon","properties":{"vogeId":2125,"vogeName":"Bulle","bezkId":1003,"bezkName":"La Gruyère","kantId":10,"kantName":"Freiburg"}},{"arcs":[[3660,-3649,-3646]],"type":"Polygon","properties":{"vogeId":2128,"vogeName":"Châtel-sur-Montsalvens","bezkId":1003,"bezkName":"La Gruyère","kantId":10,"kantName":"Freiburg"}},{"arcs":[[3661,3662,-3644,3663]],"type":"Polygon","properties":{"vogeId":2129,"vogeName":"Corbières","bezkId":1003,"bezkName":"La Gruyère","kantId":10,"kantName":"Freiburg"}},{"arcs":[[3664,-3650,-3661]],"type":"Polygon","properties":{"vogeId":2130,"vogeName":"Crésuz","bezkId":1003,"bezkName":"La Gruyère","kantId":10,"kantName":"Freiburg"}},{"arcs":[[3665,3666,-3654,3667,3668]],"type":"Polygon","properties":{"vogeId":2131,"vogeName":"Echarlens","bezkId":1003,"bezkName":"La Gruyère","kantId":10,"kantName":"Freiburg"}},{"arcs":[[3669,3670,-3631,3671]],"type":"Polygon","properties":{"vogeId":2134,"vogeName":"Grandvillard","bezkId":1003,"bezkName":"La Gruyère","kantId":10,"kantName":"Freiburg"}},{"arcs":[[-3656,-3652,3672,3673,-3629,3674,3675,3676,-3658,3677]],"type":"Polygon","properties":{"vogeId":2135,"vogeName":"Gruyères","bezkId":1003,"bezkName":"La Gruyère","kantId":10,"kantName":"Freiburg"}},{"arcs":[[3678,3679,-3662,3680]],"type":"Polygon","properties":{"vogeId":2137,"vogeName":"Hauteville","bezkId":1003,"bezkName":"La Gruyère","kantId":10,"kantName":"Freiburg"}},{"arcs":[[3681,-2699,-2719,3682]],"type":"Polygon","properties":{"vogeId":2138,"vogeName":"Jaun","bezkId":1003,"bezkName":"La Gruyère","kantId":10,"kantName":"Freiburg"}},{"arcs":[[3683,-3639,3684,-3669,3685,3686,-3581,-3573]],"type":"Polygon","properties":{"vogeId":2140,"vogeName":"Marsens","bezkId":1003,"bezkName":"La Gruyère","kantId":10,"kantName":"Freiburg"}},{"arcs":[[-3667,3687,-3647,-3655]],"type":"Polygon","properties":{"vogeId":2143,"vogeName":"Morlon","bezkId":1003,"bezkName":"La Gruyère","kantId":10,"kantName":"Freiburg"}},{"arcs":[[-3678,-3657]],"type":"Polygon","properties":{"vogeId":2145,"vogeName":"Le Pâquier (FR)","bezkId":1003,"bezkName":"La Gruyère","kantId":10,"kantName":"Freiburg"}},{"arcs":[[3688,3689,3690,3691]],"type":"Polygon","properties":{"vogeId":2147,"vogeName":"Pont-la-Ville","bezkId":1003,"bezkName":"La Gruyère","kantId":10,"kantName":"Freiburg"}},{"arcs":[[-3686,-3668,-3660,3692,3693,3694]],"type":"Polygon","properties":{"vogeId":2148,"vogeName":"Riaz","bezkId":1003,"bezkName":"La Gruyère","kantId":10,"kantName":"Freiburg"}},{"arcs":[[3695,3696,3697,-3679,3698,-3691]],"type":"Polygon","properties":{"vogeId":2149,"vogeName":"La Roche","bezkId":1003,"bezkName":"La Gruyère","kantId":10,"kantName":"Freiburg"}},{"arcs":[[-3695,3699,3700,3701,-3613,-3582,-3687]],"type":"Polygon","properties":{"vogeId":2152,"vogeName":"Sâles","bezkId":1003,"bezkName":"La Gruyère","kantId":10,"kantName":"Freiburg"}},{"arcs":[[3702,-3640,-3684,-3572,-3618]],"type":"Polygon","properties":{"vogeId":2153,"vogeName":"Sorens","bezkId":1003,"bezkName":"La Gruyère","kantId":10,"kantName":"Freiburg"}},{"arcs":[[-3694,3703,-3676,3704,-3700]],"type":"Polygon","properties":{"vogeId":2155,"vogeName":"Vaulruz","bezkId":1003,"bezkName":"La Gruyère","kantId":10,"kantName":"Freiburg"}},{"arcs":[[-3693,-3659,-3677,-3704]],"type":"Polygon","properties":{"vogeId":2160,"vogeName":"Vuadens","bezkId":1003,"bezkName":"La Gruyère","kantId":10,"kantName":"Freiburg"}},{"arcs":[[3705,-3672,-3630,-3674]],"type":"Polygon","properties":{"vogeId":2162,"vogeName":"Bas-Intyamon","bezkId":1003,"bezkName":"La Gruyère","kantId":10,"kantName":"Freiburg"}},{"arcs":[[3706,3707,-3683,-2722,3708,3709,-3670,-3706,-3673,-3651,-3665,-3645,-3663,-3680,-3698]],"type":"Polygon","properties":{"vogeId":2163,"vogeName":"Val-de-Charmey","bezkId":1003,"bezkName":"La Gruyère","kantId":10,"kantName":"Freiburg"}},{"arcs":[[3710,3711,3712,-3616,3713]],"type":"Polygon","properties":{"vogeId":2173,"vogeName":"Autigny","bezkId":1004,"bezkName":"La Sarine","kantId":10,"kantName":"Freiburg"}},{"arcs":[[3714,3715,3716,3717,3718]],"type":"Polygon","properties":{"vogeId":2174,"vogeName":"Avry","bezkId":1004,"bezkName":"La Sarine","kantId":10,"kantName":"Freiburg"}},{"arcs":[[3719,3720,3721,3722,3723]],"type":"Polygon","properties":{"vogeId":2175,"vogeName":"Belfaux","bezkId":1004,"bezkName":"La Sarine","kantId":10,"kantName":"Freiburg"}},{"arcs":[[3724,-3714,-3615,-3627]],"type":"Polygon","properties":{"vogeId":2177,"vogeName":"Chénens","bezkId":1004,"bezkName":"La Sarine","kantId":10,"kantName":"Freiburg"}},{"arcs":[[3725,3726,3727,-3715,3728,-3722]],"type":"Polygon","properties":{"vogeId":2183,"vogeName":"Corminboeuf","bezkId":1004,"bezkName":"La Sarine","kantId":10,"kantName":"Freiburg"}},{"arcs":[[3729,3730,3731,-3712,3732]],"type":"Polygon","properties":{"vogeId":2186,"vogeName":"Cottens (FR)","bezkId":1004,"bezkName":"La Sarine","kantId":10,"kantName":"Freiburg"}},{"arcs":[[3733,3734]],"type":"Polygon","properties":{"vogeId":2194,"vogeName":"Ferpicloz","bezkId":1004,"bezkName":"La Sarine","kantId":10,"kantName":"Freiburg"}},{"arcs":[[3735,3736,3737,3738,3739,3740,3741,3742]],"type":"Polygon","properties":{"vogeId":2196,"vogeName":"Fribourg","bezkId":1004,"bezkName":"La Sarine","kantId":10,"kantName":"Freiburg"}},{"arcs":[[3743,3744,-3736,3745,-3726,-3721]],"type":"Polygon","properties":{"vogeId":2197,"vogeName":"Givisiez","bezkId":1004,"bezkName":"La Sarine","kantId":10,"kantName":"Freiburg"}},{"arcs":[[3746,-3737,-3745,3747]],"type":"Polygon","properties":{"vogeId":2198,"vogeName":"Granges-Paccot","bezkId":1004,"bezkName":"La Sarine","kantId":10,"kantName":"Freiburg"}},{"arcs":[[-3742,3748,3749,3750,3751,3752]],"type":"Polygon","properties":{"vogeId":2206,"vogeName":"Marly","bezkId":1004,"bezkName":"La Sarine","kantId":10,"kantName":"Freiburg"}},{"arcs":[[-3728,3753,3754,3755,-3716]],"type":"Polygon","properties":{"vogeId":2208,"vogeName":"Matran","bezkId":1004,"bezkName":"La Sarine","kantId":10,"kantName":"Freiburg"}},{"arcs":[[-3717,-3756,3756,-3730,3757]],"type":"Polygon","properties":{"vogeId":2211,"vogeName":"Neyruz (FR)","bezkId":1004,"bezkName":"La Sarine","kantId":10,"kantName":"Freiburg"}},{"arcs":[[-3741,3758,3759,3760,-3749]],"type":"Polygon","properties":{"vogeId":2216,"vogeName":"Pierrafortscha","bezkId":1004,"bezkName":"La Sarine","kantId":10,"kantName":"Freiburg"}},{"arcs":[[3761,3762,3763,-3734,3764,3765,3766,3767]],"type":"Polygon","properties":{"vogeId":2220,"vogeName":"Le Mouret","bezkId":1004,"bezkName":"La Sarine","kantId":10,"kantName":"Freiburg"}},{"arcs":[[-3763,-3696,-3690,3768,3769]],"type":"Polygon","properties":{"vogeId":2226,"vogeName":"Treyvaux","bezkId":1004,"bezkName":"La Sarine","kantId":10,"kantName":"Freiburg"}},{"arcs":[[-3746,-3743,-3753,3770,-3754,-3727]],"type":"Polygon","properties":{"vogeId":2228,"vogeName":"Villars-sur-Glâne","bezkId":1004,"bezkName":"La Sarine","kantId":10,"kantName":"Freiburg"}},{"arcs":[[-3750,-3761,3771,-3766,3772]],"type":"Polygon","properties":{"vogeId":2230,"vogeName":"Villarsel-sur-Marly","bezkId":1004,"bezkName":"La Sarine","kantId":10,"kantName":"Freiburg"}},{"arcs":[[3773,-3731,-3757,-3755,-3771,-3752,3774]],"type":"Polygon","properties":{"vogeId":2233,"vogeName":"Hauterive (FR)","bezkId":1004,"bezkName":"La Sarine","kantId":10,"kantName":"Freiburg"}},{"arcs":[[-3718,-3758,-3733,-3711,-3725,-3626,-3621,3775]],"type":"Polygon","properties":{"vogeId":2234,"vogeName":"La Brillaz","bezkId":1004,"bezkName":"La Sarine","kantId":10,"kantName":"Freiburg"}},{"arcs":[[3776,3777,-3748,-3744,-3720,3778]],"type":"Polygon","properties":{"vogeId":2235,"vogeName":"La Sonnaz","bezkId":1004,"bezkName":"La Sarine","kantId":10,"kantName":"Freiburg"}},{"arcs":[[-3732,-3774,3779,-3769,-3689,3780,-3641,-3703,-3617,-3713]],"type":"Polygon","properties":{"vogeId":2236,"vogeName":"Gibloux","bezkId":1004,"bezkName":"La Sarine","kantId":10,"kantName":"Freiburg"}},{"arcs":[[3781,-3729,-3719,-3776,-3620,-3506]],"type":"Polygon","properties":{"vogeId":2237,"vogeName":"Prez","bezkId":1004,"bezkName":"La Sarine","kantId":10,"kantName":"Freiburg"}},{"arcs":[[-3764,-3770,-3780,-3775,-3751,-3773,-3765,-3735]],"type":"Polygon","properties":{"vogeId":2238,"vogeName":"Bois-d'Amont","bezkId":1004,"bezkName":"La Sarine","kantId":10,"kantName":"Freiburg"}},{"arcs":[[-3782,-3505,-3543,3782,-3723]],"type":"Polygon","properties":{"vogeId":2239,"vogeName":"Grolley-Ponthaux","bezkId":1004,"bezkName":"La Sarine","kantId":10,"kantName":"Freiburg"}},{"arcs":[[3783,-2510,3784,3785,3786,3787,3788]],"type":"Polygon","properties":{"vogeId":2250,"vogeName":"Courgevaux","bezkId":1005,"bezkName":"See / Lac","kantId":10,"kantName":"Freiburg"}},{"arcs":[[3789,-3777,3790,3791,3792,3793,-3786,3794,3795,3796]],"type":"Polygon","properties":{"vogeId":2254,"vogeName":"Courtepin","bezkId":1005,"bezkName":"See / Lac","kantId":10,"kantName":"Freiburg"}},{"arcs":[[3797,3798,-3796,3799,-2508]],"type":"Polygon","properties":{"vogeId":2257,"vogeName":"Cressier (FR)","bezkId":1005,"bezkName":"See / Lac","kantId":10,"kantName":"Freiburg"}},{"arcs":[[-1840,3800]],"type":"Polygon","properties":{"vogeId":2258,"vogeName":"Fräschels","bezkId":1005,"bezkName":"See / Lac","kantId":10,"kantName":"Freiburg"}},{"arcs":[[3801,3802,-3789,3803]],"type":"Polygon","properties":{"vogeId":2261,"vogeName":"Greng","bezkId":1005,"bezkName":"See / Lac","kantId":10,"kantName":"Freiburg"}},{"arcs":[[[-2486,-2500,3804,3805,-3797,-3799,3806]],[[-2504,-2480,-2496,-2484]]],"type":"MultiPolygon","properties":{"vogeId":2262,"vogeName":"Gurmels","bezkId":1005,"bezkName":"See / Lac","kantId":10,"kantName":"Freiburg"}},{"arcs":[[-1841,-3801,-1839,-2514,-2493,3807,-2243,-2249]],"type":"Polygon","properties":{"vogeId":2265,"vogeName":"Kerzers","bezkId":1005,"bezkName":"See / Lac","kantId":10,"kantName":"Freiburg"}},{"arcs":[[-2499,3808,3809,-3805]],"type":"Polygon","properties":{"vogeId":2266,"vogeName":"Kleinbösingen","bezkId":1005,"bezkName":"See / Lac","kantId":10,"kantName":"Freiburg"}},{"arcs":[[3810,3811]],"type":"Polygon","properties":{"vogeId":2271,"vogeName":"Meyriez","bezkId":1005,"bezkName":"See / Lac","kantId":10,"kantName":"Freiburg"}},{"arcs":[[3812,-3791,-3779,-3724,-3783,-3542]],"type":"Polygon","properties":{"vogeId":2272,"vogeName":"Misery-Courtion","bezkId":1005,"bezkName":"See / Lac","kantId":10,"kantName":"Freiburg"}},{"arcs":[[3813,3814]],"type":"Polygon","properties":{"vogeId":2274,"vogeName":"Muntelier","bezkId":1005,"bezkName":"See / Lac","kantId":10,"kantName":"Freiburg"}},{"arcs":[[[-2509,-3800,-3795,-3785]],[[-3787,-3794,3815]],[[-3798,-2507,-3784,-3803,3816,-3812,3817,-3814,3818,3819,-2245,3820,-2487,-3807]]],"type":"MultiPolygon","properties":{"vogeId":2275,"vogeName":"Murten","bezkId":1005,"bezkName":"See / Lac","kantId":10,"kantName":"Freiburg"}},{"arcs":[[-2488,-3821,-2244,-3808,-2495]],"type":"Polygon","properties":{"vogeId":2276,"vogeName":"Ried bei Kerzers","bezkId":1005,"bezkName":"See / Lac","kantId":10,"kantName":"Freiburg"}},{"arcs":[[-2235,-2246,-3820,3821,3822,3823,3824]],"type":"Polygon","properties":{"vogeId":2284,"vogeName":"Mont-Vully","bezkId":1005,"bezkName":"See / Lac","kantId":10,"kantName":"Freiburg"}},{"arcs":[[3825,3826,3827,3828]],"type":"Polygon","properties":{"vogeId":2292,"vogeName":"Brünisried","bezkId":1006,"bezkName":"Sense","kantId":10,"kantName":"Freiburg"}},{"arcs":[[-3806,-3810,3829,3830,3831,-3738,-3747,-3778,-3790]],"type":"Polygon","properties":{"vogeId":2293,"vogeName":"Düdingen","bezkId":1006,"bezkName":"Sense","kantId":10,"kantName":"Freiburg"}},{"arcs":[[3832,3833,3834,3835,3836]],"type":"Polygon","properties":{"vogeId":2294,"vogeName":"Giffers","bezkId":1006,"bezkName":"Sense","kantId":10,"kantName":"Freiburg"}},{"arcs":[[-2503,-2513,3837,3838,-3830,-3809,-2498]],"type":"Polygon","properties":{"vogeId":2295,"vogeName":"Bösingen","bezkId":1006,"bezkName":"Sense","kantId":10,"kantName":"Freiburg"}},{"arcs":[[3839,-2734,3840]],"type":"Polygon","properties":{"vogeId":2296,"vogeName":"Heitenried","bezkId":1006,"bezkName":"Sense","kantId":10,"kantName":"Freiburg"}},{"arcs":[[-2666,-2700,-3682,-3708,3841,-3835,3842,-3828,3843,-2725]],"type":"Polygon","properties":{"vogeId":2299,"vogeName":"Plaffeien","bezkId":1006,"bezkName":"Sense","kantId":10,"kantName":"Freiburg"}},{"arcs":[[-3836,-3842,-3707,-3697,-3762,3844]],"type":"Polygon","properties":{"vogeId":2300,"vogeName":"Plasselb","bezkId":1006,"bezkName":"Sense","kantId":10,"kantName":"Freiburg"}},{"arcs":[[3845,-3829,-3843,-3834,3846]],"type":"Polygon","properties":{"vogeId":2301,"vogeName":"Rechthalten","bezkId":1006,"bezkName":"Sense","kantId":10,"kantName":"Freiburg"}},{"arcs":[[3847,-3837,-3845,-3768]],"type":"Polygon","properties":{"vogeId":2303,"vogeName":"St. Silvester","bezkId":1006,"bezkName":"Sense","kantId":10,"kantName":"Freiburg"}},{"arcs":[[3848,-3826,-3846,3849,-3759,-3740]],"type":"Polygon","properties":{"vogeId":2304,"vogeName":"St. Ursen","bezkId":1006,"bezkName":"Sense","kantId":10,"kantName":"Freiburg"}},{"arcs":[[-3839,3850,3851,-3831]],"type":"Polygon","properties":{"vogeId":2305,"vogeName":"Schmitten (FR)","bezkId":1006,"bezkName":"Sense","kantId":10,"kantName":"Freiburg"}},{"arcs":[[-2726,-3844,-3827,-3849,-3739,-3832,-3852,3852,3853,-3841,-2733]],"type":"Polygon","properties":{"vogeId":2306,"vogeName":"Tafers","bezkId":1006,"bezkName":"Sense","kantId":10,"kantName":"Freiburg"}},{"arcs":[[-3850,-3847,-3833,-3848,-3767,-3772,-3760]],"type":"Polygon","properties":{"vogeId":2307,"vogeName":"Tentlingen","bezkId":1006,"bezkName":"Sense","kantId":10,"kantName":"Freiburg"}},{"arcs":[[-2511,-1983,-2731,-3840,-3854,3854]],"type":"Polygon","properties":{"vogeId":2308,"vogeName":"Ueberstorf","bezkId":1006,"bezkName":"Sense","kantId":10,"kantName":"Freiburg"}},{"arcs":[[-2512,-3855,-3853,-3851,-3838]],"type":"Polygon","properties":{"vogeId":2309,"vogeName":"Wünnewil-Flamatt","bezkId":1006,"bezkName":"Sense","kantId":10,"kantName":"Freiburg"}},{"arcs":[[3855,3856,3857,3858,3859,3860,3861]],"type":"Polygon","properties":{"vogeId":2321,"vogeName":"Attalens","bezkId":1007,"bezkName":"La Veveyse","kantId":10,"kantName":"Freiburg"}},{"arcs":[[3862,-3862,3863]],"type":"Polygon","properties":{"vogeId":2323,"vogeName":"Bossonnens","bezkId":1007,"bezkName":"La Veveyse","kantId":10,"kantName":"Freiburg"}},{"arcs":[[3864,3865,-3637,3866,3867,3868]],"type":"Polygon","properties":{"vogeId":2325,"vogeName":"Châtel-Saint-Denis","bezkId":1007,"bezkName":"La Veveyse","kantId":10,"kantName":"Freiburg"}},{"arcs":[[-3864,-3861,3869,3870,3871]],"type":"Polygon","properties":{"vogeId":2328,"vogeName":"Granges (Veveyse)","bezkId":1007,"bezkName":"La Veveyse","kantId":10,"kantName":"Freiburg"}},{"arcs":[[-3869,3872,-3857,3873,3874]],"type":"Polygon","properties":{"vogeId":2333,"vogeName":"Remaufens","bezkId":1007,"bezkName":"La Veveyse","kantId":10,"kantName":"Freiburg"}},{"arcs":[[3875,3876,3877,3878,3879]],"type":"Polygon","properties":{"vogeId":2335,"vogeName":"Saint-Martin (FR)","bezkId":1007,"bezkName":"La Veveyse","kantId":10,"kantName":"Freiburg"}},{"arcs":[[-3701,-3705,-3675,-3628,-3866,3880,-3877,3881]],"type":"Polygon","properties":{"vogeId":2336,"vogeName":"Semsales","bezkId":1007,"bezkName":"La Veveyse","kantId":10,"kantName":"Freiburg"}},{"arcs":[[-3612,3882,-3880,3883,-3602,-3611,-3604]],"type":"Polygon","properties":{"vogeId":2337,"vogeName":"Le Flon","bezkId":1007,"bezkName":"La Veveyse","kantId":10,"kantName":"Freiburg"}},{"arcs":[[-3702,-3882,-3876,-3883,-3614]],"type":"Polygon","properties":{"vogeId":2338,"vogeName":"La Verrerie","bezkId":1007,"bezkName":"La Veveyse","kantId":10,"kantName":"Freiburg"}},{"arcs":[[3884,3885,3886,3887,3888,3889,3890]],"type":"Polygon","properties":{"vogeId":2401,"vogeName":"Egerkingen","bezkId":1101,"bezkName":"Gäu","kantId":11,"kantName":"Solothurn"}},{"arcs":[[-3888,3891,3892,3893]],"type":"Polygon","properties":{"vogeId":2402,"vogeName":"Härkingen","bezkId":1101,"bezkName":"Gäu","kantId":11,"kantName":"Solothurn"}},{"arcs":[[3894,3895,3896,-1943,-2926,3897]],"type":"Polygon","properties":{"vogeId":2403,"vogeName":"Kestenholz","bezkId":1101,"bezkName":"Gäu","kantId":11,"kantName":"Solothurn"}},{"arcs":[[-3889,-3894,3898,3899,3900,3901]],"type":"Polygon","properties":{"vogeId":2404,"vogeName":"Neuendorf","bezkId":1101,"bezkName":"Gäu","kantId":11,"kantName":"Solothurn"}},{"arcs":[[3902,-3901,3903,-3896]],"type":"Polygon","properties":{"vogeId":2405,"vogeName":"Niederbuchsiten","bezkId":1101,"bezkName":"Gäu","kantId":11,"kantName":"Solothurn"}},{"arcs":[[3904,-3890,-3902,-3903,-3895,3905,3906]],"type":"Polygon","properties":{"vogeId":2406,"vogeName":"Oberbuchsiten","bezkId":1101,"bezkName":"Gäu","kantId":11,"kantName":"Solothurn"}},{"arcs":[[-3906,-3898,-2925,3907]],"type":"Polygon","properties":{"vogeId":2407,"vogeName":"Oensingen","bezkId":1101,"bezkName":"Gäu","kantId":11,"kantName":"Solothurn"}},{"arcs":[[-3900,3908,3909,-1952,-1944,-3897,-3904]],"type":"Polygon","properties":{"vogeId":2408,"vogeName":"Wolfwil","bezkId":1101,"bezkName":"Gäu","kantId":11,"kantName":"Solothurn"}},{"arcs":[[3910,3911,3912,-2941,3913,-2570,-2567]],"type":"Polygon","properties":{"vogeId":2421,"vogeName":"Aedermannsdorf","bezkId":1102,"bezkName":"Thal","kantId":11,"kantName":"Solothurn"}},{"arcs":[[3914,3915,-3907,-3908,-2931,3916]],"type":"Polygon","properties":{"vogeId":2422,"vogeName":"Balsthal","bezkId":1102,"bezkName":"Thal","kantId":11,"kantName":"Solothurn"}},{"arcs":[[-3914,-2906,3917,3918,3919,-2571]],"type":"Polygon","properties":{"vogeId":2424,"vogeName":"Herbetswil","bezkId":1102,"bezkName":"Thal","kantId":11,"kantName":"Solothurn"}},{"arcs":[[3920,-3891,-3905,-3916,3921]],"type":"Polygon","properties":{"vogeId":2425,"vogeName":"Holderbank (SO)","bezkId":1102,"bezkName":"Thal","kantId":11,"kantName":"Solothurn"}},{"arcs":[[3922,-3917,-2930,3923]],"type":"Polygon","properties":{"vogeId":2426,"vogeName":"Laupersdorf","bezkId":1102,"bezkName":"Thal","kantId":11,"kantName":"Solothurn"}},{"arcs":[[3924,-3924,-2929,-2939,-3913]],"type":"Polygon","properties":{"vogeId":2427,"vogeName":"Matzendorf","bezkId":1102,"bezkName":"Thal","kantId":11,"kantName":"Solothurn"}},{"arcs":[[3925,3926,3927,-3922,-3915,-3923,-3925,-3912,3928,3929]],"type":"Polygon","properties":{"vogeId":2428,"vogeName":"Mümliswil-Ramiswil","bezkId":1102,"bezkName":"Thal","kantId":11,"kantName":"Solothurn"}},{"arcs":[[-2572,-3920,3930,3931,3932,3933,-2530,-2540,-2543,-2537,-2527]],"type":"Polygon","properties":{"vogeId":2430,"vogeName":"Welschenrohr-Gänsbrunnen","bezkId":1102,"bezkName":"Thal","kantId":11,"kantName":"Solothurn"}},{"arcs":[[-2057,3934,3935,3936]],"type":"Polygon","properties":{"vogeId":2445,"vogeName":"Biezwil","bezkId":1103,"bezkName":"Bucheggberg","kantId":11,"kantName":"Solothurn"}},{"arcs":[[3937,-2257,3938,-2050,3939]],"type":"Polygon","properties":{"vogeId":2455,"vogeName":"Lüterkofen-Ichertswil","bezkId":1103,"bezkName":"Bucheggberg","kantId":11,"kantName":"Solothurn"}},{"arcs":[[3940,3941,-2260,-2270,-1871,-2064,3942,-3936]],"type":"Polygon","properties":{"vogeId":2457,"vogeName":"Messen","bezkId":1103,"bezkName":"Bucheggberg","kantId":11,"kantName":"Solothurn"}},{"arcs":[[-2037,-2058,-3937,-3943,-2065,-2040]],"type":"Polygon","properties":{"vogeId":2461,"vogeName":"Schnottwil","bezkId":1103,"bezkName":"Bucheggberg","kantId":11,"kantName":"Solothurn"}},{"arcs":[[-2261,-3942,3943]],"type":"Polygon","properties":{"vogeId":2463,"vogeName":"Unterramsern","bezkId":1103,"bezkName":"Bucheggberg","kantId":11,"kantName":"Solothurn"}},{"arcs":[[3944,3945,3946,-3940,-2049,3947]],"type":"Polygon","properties":{"vogeId":2464,"vogeName":"Lüsslingen-Nennigkofen","bezkId":1103,"bezkName":"Bucheggberg","kantId":11,"kantName":"Solothurn"}},{"arcs":[[-3935,-2056,-2063,-2023,-2051,-3939,-2256,-2262,-3944,-3941]],"type":"Polygon","properties":{"vogeId":2465,"vogeName":"Buchegg","bezkId":1103,"bezkName":"Bucheggberg","kantId":11,"kantName":"Solothurn"}},{"arcs":[[3948,3949,3950,3951]],"type":"Polygon","properties":{"vogeId":2471,"vogeName":"Bättwil","bezkId":1104,"bezkName":"Dorneck","kantId":11,"kantName":"Solothurn"}},{"arcs":[[3952,3953,3954,3955,3956]],"type":"Polygon","properties":{"vogeId":2472,"vogeName":"Büren (SO)","bezkId":1104,"bezkName":"Dorneck","kantId":11,"kantName":"Solothurn"}},{"arcs":[[3957,3958,3959,3960,3961,3962]],"type":"Polygon","properties":{"vogeId":2473,"vogeName":"Dornach","bezkId":1104,"bezkName":"Dorneck","kantId":11,"kantName":"Solothurn"}},{"arcs":[[3963,3964,3965,-3953,3966,-3960,3967]],"type":"Polygon","properties":{"vogeId":2474,"vogeName":"Gempen","bezkId":1104,"bezkName":"Dorneck","kantId":11,"kantName":"Solothurn"}},{"arcs":[[-3967,-3957,3968,3969,-3961]],"type":"Polygon","properties":{"vogeId":2475,"vogeName":"Hochwald","bezkId":1104,"bezkName":"Dorneck","kantId":11,"kantName":"Solothurn"}},{"arcs":[[-3951,3970,3971,3972,3973,3974]],"type":"Polygon","properties":{"vogeId":2476,"vogeName":"Hofstetten-Flüh","bezkId":1104,"bezkName":"Dorneck","kantId":11,"kantName":"Solothurn"}},{"arcs":[[3975,-3974,3976,3977,3978,3979,3980,3981]],"type":"Polygon","properties":{"vogeId":2477,"vogeName":"Metzerlen-Mariastein","bezkId":1104,"bezkName":"Dorneck","kantId":11,"kantName":"Solothurn"}},{"arcs":[[3982,3983,3984,3985,-3954,-3966]],"type":"Polygon","properties":{"vogeId":2478,"vogeName":"Nuglar-St. Pantaleon","bezkId":1104,"bezkName":"Dorneck","kantId":11,"kantName":"Solothurn"}},{"arcs":[[3986,-3982]],"type":"Polygon","properties":{"vogeId":2479,"vogeName":"Rodersdorf","bezkId":1104,"bezkName":"Dorneck","kantId":11,"kantName":"Solothurn"}},{"arcs":[[-3969,-3956,3987,3988,3989,3990,3991,3992]],"type":"Polygon","properties":{"vogeId":2480,"vogeName":"Seewen","bezkId":1104,"bezkName":"Dorneck","kantId":11,"kantName":"Solothurn"}},{"arcs":[[3993,3994,3995,-3971,-3950]],"type":"Polygon","properties":{"vogeId":2481,"vogeName":"Witterswil","bezkId":1104,"bezkName":"Dorneck","kantId":11,"kantName":"Solothurn"}},{"arcs":[[3996,3997,3998,3999,4000,4001,4002]],"type":"Polygon","properties":{"vogeId":2491,"vogeName":"Hauenstein-Ifenthal","bezkId":1105,"bezkName":"Gösgen","kantId":11,"kantName":"Solothurn"}},{"arcs":[[4003,4004,4005,4006,4007,4008,4009]],"type":"Polygon","properties":{"vogeId":2492,"vogeName":"Kienberg","bezkId":1105,"bezkName":"Gösgen","kantId":11,"kantName":"Solothurn"}},{"arcs":[[4010,4011,4012,4013,4014,4015,4016]],"type":"Polygon","properties":{"vogeId":2493,"vogeName":"Lostorf","bezkId":1105,"bezkName":"Gösgen","kantId":11,"kantName":"Solothurn"}},{"arcs":[[4017,4018,4019,4020,4021,-4012,4022]],"type":"Polygon","properties":{"vogeId":2495,"vogeName":"Niedergösgen","bezkId":1105,"bezkName":"Gösgen","kantId":11,"kantName":"Solothurn"}},{"arcs":[[-4013,-4022,4023,4024,4025]],"type":"Polygon","properties":{"vogeId":2497,"vogeName":"Obergösgen","bezkId":1105,"bezkName":"Gösgen","kantId":11,"kantName":"Solothurn"}},{"arcs":[[-4023,-4011,4026,4027,4028]],"type":"Polygon","properties":{"vogeId":2499,"vogeName":"Stüsslingen","bezkId":1105,"bezkName":"Gösgen","kantId":11,"kantName":"Solothurn"}},{"arcs":[[4029,-4015,4030,4031,4032,-3998]],"type":"Polygon","properties":{"vogeId":2500,"vogeName":"Trimbach","bezkId":1105,"bezkName":"Gösgen","kantId":11,"kantName":"Solothurn"}},{"arcs":[[-4014,-4026,4033,4034,-4031]],"type":"Polygon","properties":{"vogeId":2501,"vogeName":"Winznau","bezkId":1105,"bezkName":"Gösgen","kantId":11,"kantName":"Solothurn"}},{"arcs":[[4035,4036,-4016,-4030,-3997,4037]],"type":"Polygon","properties":{"vogeId":2502,"vogeName":"Wisen (SO)","bezkId":1105,"bezkName":"Gösgen","kantId":11,"kantName":"Solothurn"}},{"arcs":[[4038,4039,4040,-4018,-4029,4041,-4008,4042]],"type":"Polygon","properties":{"vogeId":2503,"vogeName":"Erlinsbach (SO)","bezkId":1105,"bezkName":"Gösgen","kantId":11,"kantName":"Solothurn"}},{"arcs":[[[-2917,-2904,-2942]],[[-2944,4043,4044,4045,-2932,-2919]]],"type":"MultiPolygon","properties":{"vogeId":2511,"vogeName":"Aeschi (SO)","bezkId":1106,"bezkName":"Wasseramt","kantId":11,"kantName":"Solothurn"}},{"arcs":[[4046,4047,4048,4049,-2251,4050,-3946,4051]],"type":"Polygon","properties":{"vogeId":2513,"vogeName":"Biberist","bezkId":1106,"bezkName":"Wasseramt","kantId":11,"kantName":"Solothurn"}},{"arcs":[[4052,-2923,-2933,-4046,4053]],"type":"Polygon","properties":{"vogeId":2514,"vogeName":"Bolken","bezkId":1106,"bezkName":"Wasseramt","kantId":11,"kantName":"Solothurn"}},{"arcs":[[4054,4055,-2950,4056,4057,4058]],"type":"Polygon","properties":{"vogeId":2516,"vogeName":"Deitingen","bezkId":1106,"bezkName":"Wasseramt","kantId":11,"kantName":"Solothurn"}},{"arcs":[[-4058,4059,4060,4061,-4049,4062,4063]],"type":"Polygon","properties":{"vogeId":2517,"vogeName":"Derendingen","bezkId":1106,"bezkName":"Wasseramt","kantId":11,"kantName":"Solothurn"}},{"arcs":[[4064,-4054,-4045,4065,4066]],"type":"Polygon","properties":{"vogeId":2518,"vogeName":"Etziken","bezkId":1106,"bezkName":"Wasseramt","kantId":11,"kantName":"Solothurn"}},{"arcs":[[-4062,4067,4068,-2283,-4050]],"type":"Polygon","properties":{"vogeId":2519,"vogeName":"Gerlafingen","bezkId":1106,"bezkName":"Wasseramt","kantId":11,"kantName":"Solothurn"}},{"arcs":[[4069,4070,-4066,4071,4072]],"type":"Polygon","properties":{"vogeId":2523,"vogeName":"Horriwil","bezkId":1106,"bezkName":"Wasseramt","kantId":11,"kantName":"Solothurn"}},{"arcs":[[4073,-4067,-4071]],"type":"Polygon","properties":{"vogeId":2524,"vogeName":"Hüniken","bezkId":1106,"bezkName":"Wasseramt","kantId":11,"kantName":"Solothurn"}},{"arcs":[[4074,4075,-4068,-4061,4076,-4073,4077]],"type":"Polygon","properties":{"vogeId":2525,"vogeName":"Kriegstetten","bezkId":1106,"bezkName":"Wasseramt","kantId":11,"kantName":"Solothurn"}},{"arcs":[[-3947,-4051,-2258,-3938]],"type":"Polygon","properties":{"vogeId":2526,"vogeName":"Lohn-Ammannsegg","bezkId":1106,"bezkName":"Wasseramt","kantId":11,"kantName":"Solothurn"}},{"arcs":[[4078,-4059,-4064,4079]],"type":"Polygon","properties":{"vogeId":2527,"vogeName":"Luterbach","bezkId":1106,"bezkName":"Wasseramt","kantId":11,"kantName":"Solothurn"}},{"arcs":[[-4076,4080,-2126,-2284,-4069]],"type":"Polygon","properties":{"vogeId":2528,"vogeName":"Obergerlafingen","bezkId":1106,"bezkName":"Wasseramt","kantId":11,"kantName":"Solothurn"}},{"arcs":[[-4075,4081,-2140,-2123,-4081]],"type":"Polygon","properties":{"vogeId":2530,"vogeName":"Recherswil","bezkId":1106,"bezkName":"Wasseramt","kantId":11,"kantName":"Solothurn"}},{"arcs":[[-2949,-2924,-4053,-4065,-4074,-4070,-4077,-4060,-4057]],"type":"Polygon","properties":{"vogeId":2532,"vogeName":"Subingen","bezkId":1106,"bezkName":"Wasseramt","kantId":11,"kantName":"Solothurn"}},{"arcs":[[4082,-4080,-4063,-4048,4083,4084]],"type":"Polygon","properties":{"vogeId":2534,"vogeName":"Zuchwil","bezkId":1106,"bezkName":"Wasseramt","kantId":11,"kantName":"Solothurn"}},{"arcs":[[-2943,-2111,-2139,-4082,-4078,-4072,-4044]],"type":"Polygon","properties":{"vogeId":2535,"vogeName":"Drei Höfe","bezkId":1106,"bezkName":"Wasseramt","kantId":11,"kantName":"Solothurn"}},{"arcs":[[-3919,4085,4086,4087,-3931]],"type":"Polygon","properties":{"vogeId":2541,"vogeName":"Balm bei Günsberg","bezkId":1107,"bezkName":"Lebern","kantId":11,"kantName":"Solothurn"}},{"arcs":[[4088,4089,4090,-4052,-3945,4091,4092]],"type":"Polygon","properties":{"vogeId":2542,"vogeName":"Bellach","bezkId":1107,"bezkName":"Lebern","kantId":11,"kantName":"Solothurn"}},{"arcs":[[4093,-2052,-2021,4094]],"type":"Polygon","properties":{"vogeId":2543,"vogeName":"Bettlach","bezkId":1107,"bezkName":"Lebern","kantId":11,"kantName":"Solothurn"}},{"arcs":[[4095,4096,-4085,4097]],"type":"Polygon","properties":{"vogeId":2544,"vogeName":"Feldbrunnen-St. Niklaus","bezkId":1107,"bezkName":"Lebern","kantId":11,"kantName":"Solothurn"}},{"arcs":[[4098,-2893,-2951,-4056,4099]],"type":"Polygon","properties":{"vogeId":2545,"vogeName":"Flumenthal","bezkId":1107,"bezkName":"Lebern","kantId":11,"kantName":"Solothurn"}},{"arcs":[[-2532,4100,-4095,-2025,-2062,-2034,-2045,-2177]],"type":"Polygon","properties":{"vogeId":2546,"vogeName":"Grenchen","bezkId":1107,"bezkName":"Lebern","kantId":11,"kantName":"Solothurn"}},{"arcs":[[-3918,-2908,-2896,4101,4102,4103,-4086]],"type":"Polygon","properties":{"vogeId":2547,"vogeName":"Günsberg","bezkId":1107,"bezkName":"Lebern","kantId":11,"kantName":"Solothurn"}},{"arcs":[[4104,-2894,-4099,4105,-4103]],"type":"Polygon","properties":{"vogeId":2548,"vogeName":"Hubersdorf","bezkId":1107,"bezkName":"Lebern","kantId":11,"kantName":"Solothurn"}},{"arcs":[[-4102,-2895,-4105]],"type":"Polygon","properties":{"vogeId":2549,"vogeName":"Kammersrohr","bezkId":1107,"bezkName":"Lebern","kantId":11,"kantName":"Solothurn"}},{"arcs":[[4106,4107,4108,-4090]],"type":"Polygon","properties":{"vogeId":2550,"vogeName":"Langendorf","bezkId":1107,"bezkName":"Lebern","kantId":11,"kantName":"Solothurn"}},{"arcs":[[4109,-4093,4110]],"type":"Polygon","properties":{"vogeId":2551,"vogeName":"Lommiswil","bezkId":1107,"bezkName":"Lebern","kantId":11,"kantName":"Solothurn"}},{"arcs":[[4111,-4107,-4089,-4110,4112,-3933]],"type":"Polygon","properties":{"vogeId":2553,"vogeName":"Oberdorf (SO)","bezkId":1107,"bezkName":"Lebern","kantId":11,"kantName":"Solothurn"}},{"arcs":[[-4104,-4106,-4100,-4055,-4079,-4083,-4097,4113,-4087]],"type":"Polygon","properties":{"vogeId":2554,"vogeName":"Riedholz","bezkId":1107,"bezkName":"Lebern","kantId":11,"kantName":"Solothurn"}},{"arcs":[[-3932,-4088,-4114,-4096,4114,-4108,-4112]],"type":"Polygon","properties":{"vogeId":2555,"vogeName":"Rüttenen","bezkId":1107,"bezkName":"Lebern","kantId":11,"kantName":"Solothurn"}},{"arcs":[[-3934,-4113,-4111,-4092,-3948,-2048,-4094,-4101,-2531]],"type":"Polygon","properties":{"vogeId":2556,"vogeName":"Selzach","bezkId":1107,"bezkName":"Lebern","kantId":11,"kantName":"Solothurn"}},{"arcs":[[4115,4116,4117,4118,4119,4120]],"type":"Polygon","properties":{"vogeId":2571,"vogeName":"Boningen","bezkId":1108,"bezkName":"Olten","kantId":11,"kantName":"Solothurn"}},{"arcs":[[-4021,4121,4122,4123,-4024]],"type":"Polygon","properties":{"vogeId":2572,"vogeName":"Däniken","bezkId":1108,"bezkName":"Olten","kantId":11,"kantName":"Solothurn"}},{"arcs":[[-4034,-4025,-4124,4124,4125,4126]],"type":"Polygon","properties":{"vogeId":2573,"vogeName":"Dulliken","bezkId":1108,"bezkName":"Olten","kantId":11,"kantName":"Solothurn"}},{"arcs":[[-4040,4127,4128,4129]],"type":"Polygon","properties":{"vogeId":2574,"vogeName":"Eppenberg-Wöschnau","bezkId":1108,"bezkName":"Olten","kantId":11,"kantName":"Solothurn"}},{"arcs":[[-4120,4130,-3909,-3899,-3893]],"type":"Polygon","properties":{"vogeId":2575,"vogeName":"Fulenbach","bezkId":1108,"bezkName":"Olten","kantId":11,"kantName":"Solothurn"}},{"arcs":[[-4020,4131,4132,4133,4134,4135,-4122]],"type":"Polygon","properties":{"vogeId":2576,"vogeName":"Gretzenbach","bezkId":1108,"bezkName":"Olten","kantId":11,"kantName":"Solothurn"}},{"arcs":[[4136,4137,-4121,-3892,-3887]],"type":"Polygon","properties":{"vogeId":2578,"vogeName":"Gunzgen","bezkId":1108,"bezkName":"Olten","kantId":11,"kantName":"Solothurn"}},{"arcs":[[4138,-4001,4139,4140,-4137,-3886,4141]],"type":"Polygon","properties":{"vogeId":2579,"vogeName":"Hägendorf","bezkId":1108,"bezkName":"Olten","kantId":11,"kantName":"Solothurn"}},{"arcs":[[-4141,4142,4143,4144,-4116,-4138]],"type":"Polygon","properties":{"vogeId":2580,"vogeName":"Kappel (SO)","bezkId":1108,"bezkName":"Olten","kantId":11,"kantName":"Solothurn"}},{"arcs":[[-4035,4145,4146,4147,-4117,-4145,4148,-4032]],"type":"Polygon","properties":{"vogeId":2581,"vogeName":"Olten","bezkId":1108,"bezkName":"Olten","kantId":11,"kantName":"Solothurn"}},{"arcs":[[-4000,4149,-4143,-4140]],"type":"Polygon","properties":{"vogeId":2582,"vogeName":"Rickenbach (SO)","bezkId":1108,"bezkName":"Olten","kantId":11,"kantName":"Solothurn"}},{"arcs":[[-4041,-4130,4150,4151,-4132,-4019]],"type":"Polygon","properties":{"vogeId":2583,"vogeName":"Schönenwerd","bezkId":1108,"bezkName":"Olten","kantId":11,"kantName":"Solothurn"}},{"arcs":[[-4146,-4127,4152,4153]],"type":"Polygon","properties":{"vogeId":2584,"vogeName":"Starrkirch-Wil","bezkId":1108,"bezkName":"Olten","kantId":11,"kantName":"Solothurn"}},{"arcs":[[-4123,-4136,4154,4155,-4125]],"type":"Polygon","properties":{"vogeId":2585,"vogeName":"Walterswil (SO)","bezkId":1108,"bezkName":"Olten","kantId":11,"kantName":"Solothurn"}},{"arcs":[[-3999,-4033,-4149,-4144,-4150]],"type":"Polygon","properties":{"vogeId":2586,"vogeName":"Wangen bei Olten","bezkId":1108,"bezkName":"Olten","kantId":11,"kantName":"Solothurn"}},{"arcs":[[-4115,-4098,-4084,-4047,-4091,-4109]],"type":"Polygon","properties":{"vogeId":2601,"vogeName":"Solothurn","bezkId":1109,"bezkName":"Solothurn","kantId":11,"kantName":"Solothurn"}},{"arcs":[[4156,4157,4158,4159,4160,4161,4162]],"type":"Polygon","properties":{"vogeId":2611,"vogeName":"Bärschwil","bezkId":1110,"bezkName":"Thierstein","kantId":11,"kantName":"Solothurn"}},{"arcs":[[4163,4164,-3929,-3911,-2566,4165,4166,4167,4168]],"type":"Polygon","properties":{"vogeId":2612,"vogeName":"Beinwil (SO)","bezkId":1110,"bezkName":"Thierstein","kantId":11,"kantName":"Solothurn"}},{"arcs":[[4169,4170,4171,4172,4173,4174]],"type":"Polygon","properties":{"vogeId":2613,"vogeName":"Breitenbach","bezkId":1110,"bezkName":"Thierstein","kantId":11,"kantName":"Solothurn"}},{"arcs":[[-4174,4175,4176,4177,4178,4179]],"type":"Polygon","properties":{"vogeId":2614,"vogeName":"Büsserach","bezkId":1110,"bezkName":"Thierstein","kantId":11,"kantName":"Solothurn"}},{"arcs":[[-4178,4180,-4168,4181,4182]],"type":"Polygon","properties":{"vogeId":2615,"vogeName":"Erschwil","bezkId":1110,"bezkName":"Thierstein","kantId":11,"kantName":"Solothurn"}},{"arcs":[[-4173,4183,4184,-4176]],"type":"Polygon","properties":{"vogeId":2616,"vogeName":"Fehren","bezkId":1110,"bezkName":"Thierstein","kantId":11,"kantName":"Solothurn"}},{"arcs":[[4185,-4179,-4183,4186,-4158,4187]],"type":"Polygon","properties":{"vogeId":2617,"vogeName":"Grindel","bezkId":1110,"bezkName":"Thierstein","kantId":11,"kantName":"Solothurn"}},{"arcs":[[4188,-3992,4189,-4171,4190,4191]],"type":"Polygon","properties":{"vogeId":2618,"vogeName":"Himmelried","bezkId":1110,"bezkName":"Thierstein","kantId":11,"kantName":"Solothurn"}},{"arcs":[[4192,4193,4194,4195,4196]],"type":"Polygon","properties":{"vogeId":2619,"vogeName":"Kleinlützel","bezkId":1110,"bezkName":"Thierstein","kantId":11,"kantName":"Solothurn"}},{"arcs":[[-4185,4197,4198,-4169,-4181,-4177]],"type":"Polygon","properties":{"vogeId":2620,"vogeName":"Meltingen","bezkId":1110,"bezkName":"Thierstein","kantId":11,"kantName":"Solothurn"}},{"arcs":[[-4190,-3991,4199,4200,-4164,-4199,4201,-4172]],"type":"Polygon","properties":{"vogeId":2621,"vogeName":"Nunningen","bezkId":1110,"bezkName":"Thierstein","kantId":11,"kantName":"Solothurn"}},{"arcs":[[-4184,-4202,-4198]],"type":"Polygon","properties":{"vogeId":2622,"vogeName":"Zullwil","bezkId":1110,"bezkName":"Thierstein","kantId":11,"kantName":"Solothurn"}},{"arcs":[[4202,4203,4204,4205,4206,4207,4208,4209,4210]],"type":"Polygon","properties":{"vogeId":2701,"vogeName":"Basel","bezkId":1200,"bezkName":"Kt. Basel-Stadt","kantId":12,"kantName":"Basel-Stadt"}},{"arcs":[[4211,4212]],"type":"Polygon","properties":{"vogeId":2702,"vogeName":"Bettingen","bezkId":1200,"bezkName":"Kt. Basel-Stadt","kantId":12,"kantName":"Basel-Stadt"}},{"arcs":[[4213,-4213,4214,-4203]],"type":"Polygon","properties":{"vogeId":2703,"vogeName":"Riehen","bezkId":1200,"bezkName":"Kt. Basel-Stadt","kantId":12,"kantName":"Basel-Stadt"}},{"arcs":[[4215,4216,-3963,4217,4218,4219]],"type":"Polygon","properties":{"vogeId":2761,"vogeName":"Aesch (BL)","bezkId":1301,"bezkName":"Arlesheim","kantId":13,"kantName":"Basel-Landschaft"}},{"arcs":[[-4210,4220,4221,4222,4223,4224]],"type":"Polygon","properties":{"vogeId":2762,"vogeName":"Allschwil","bezkId":1301,"bezkName":"Arlesheim","kantId":13,"kantName":"Basel-Landschaft"}},{"arcs":[[4225,4226,-3968,-3959,4227]],"type":"Polygon","properties":{"vogeId":2763,"vogeName":"Arlesheim","bezkId":1301,"bezkName":"Arlesheim","kantId":13,"kantName":"Basel-Landschaft"}},{"arcs":[[4228,4229,4230,-3994,-3949]],"type":"Polygon","properties":{"vogeId":2764,"vogeName":"Biel-Benken","bezkId":1301,"bezkName":"Arlesheim","kantId":13,"kantName":"Basel-Landschaft"}},{"arcs":[[-4221,-4209,4231,4232]],"type":"Polygon","properties":{"vogeId":2765,"vogeName":"Binningen","bezkId":1301,"bezkName":"Arlesheim","kantId":13,"kantName":"Basel-Landschaft"}},{"arcs":[[4233,4234,-4204]],"type":"Polygon","properties":{"vogeId":2766,"vogeName":"Birsfelden","bezkId":1301,"bezkName":"Arlesheim","kantId":13,"kantName":"Basel-Landschaft"}},{"arcs":[[-4232,-4208,4235,4236]],"type":"Polygon","properties":{"vogeId":2767,"vogeName":"Bottmingen","bezkId":1301,"bezkName":"Arlesheim","kantId":13,"kantName":"Basel-Landschaft"}},{"arcs":[[4237,-4220,4238,4239,-3972,-3996]],"type":"Polygon","properties":{"vogeId":2768,"vogeName":"Ettingen","bezkId":1301,"bezkName":"Arlesheim","kantId":13,"kantName":"Basel-Landschaft"}},{"arcs":[[-4206,4240,-4226,4241]],"type":"Polygon","properties":{"vogeId":2769,"vogeName":"Münchenstein","bezkId":1301,"bezkName":"Arlesheim","kantId":13,"kantName":"Basel-Landschaft"}},{"arcs":[[-4235,4242,4243,-3964,-4227,-4241,-4205]],"type":"Polygon","properties":{"vogeId":2770,"vogeName":"Muttenz","bezkId":1301,"bezkName":"Arlesheim","kantId":13,"kantName":"Basel-Landschaft"}},{"arcs":[[-4233,-4237,4244,4245,-4230,4246,-4222]],"type":"Polygon","properties":{"vogeId":2771,"vogeName":"Oberwil (BL)","bezkId":1301,"bezkName":"Arlesheim","kantId":13,"kantName":"Basel-Landschaft"}},{"arcs":[[-4219,4247,4248,4249,-4239]],"type":"Polygon","properties":{"vogeId":2772,"vogeName":"Pfeffingen","bezkId":1301,"bezkName":"Arlesheim","kantId":13,"kantName":"Basel-Landschaft"}},{"arcs":[[-4207,-4242,-4228,-3958,-4217,4250,-4245,-4236]],"type":"Polygon","properties":{"vogeId":2773,"vogeName":"Reinach (BL)","bezkId":1301,"bezkName":"Arlesheim","kantId":13,"kantName":"Basel-Landschaft"}},{"arcs":[[-4224,4251]],"type":"Polygon","properties":{"vogeId":2774,"vogeName":"Schönenbuch","bezkId":1301,"bezkName":"Arlesheim","kantId":13,"kantName":"Basel-Landschaft"}},{"arcs":[[-4246,-4251,-4216,-4238,-3995,-4231]],"type":"Polygon","properties":{"vogeId":2775,"vogeName":"Therwil","bezkId":1301,"bezkName":"Arlesheim","kantId":13,"kantName":"Basel-Landschaft"}},{"arcs":[[-4240,4252,4253,4254,-3977,-3973]],"type":"Polygon","properties":{"vogeId":2781,"vogeName":"Blauen","bezkId":1302,"bezkName":"Laufen","kantId":13,"kantName":"Basel-Landschaft"}},{"arcs":[[4255,-4191,-4170,4256,4257,4258]],"type":"Polygon","properties":{"vogeId":2782,"vogeName":"Brislach","bezkId":1302,"bezkName":"Laufen","kantId":13,"kantName":"Basel-Landschaft"}},{"arcs":[[-3980,4259,-4193,4260]],"type":"Polygon","properties":{"vogeId":2783,"vogeName":"Burg im Leimental","bezkId":1302,"bezkName":"Laufen","kantId":13,"kantName":"Basel-Landschaft"}},{"arcs":[[-3978,-4255,4261,4262,4263]],"type":"Polygon","properties":{"vogeId":2784,"vogeName":"Dittingen","bezkId":1302,"bezkName":"Laufen","kantId":13,"kantName":"Basel-Landschaft"}},{"arcs":[[-4218,-3962,-3970,-3993,-4189,4264,-4248]],"type":"Polygon","properties":{"vogeId":2785,"vogeName":"Duggingen","bezkId":1302,"bezkName":"Laufen","kantId":13,"kantName":"Basel-Landschaft"}},{"arcs":[[-4249,-4265,-4192,4265]],"type":"Polygon","properties":{"vogeId":2786,"vogeName":"Grellingen","bezkId":1302,"bezkName":"Laufen","kantId":13,"kantName":"Basel-Landschaft"}},{"arcs":[[-4263,4266,-4258,4267,-4188,-4157,4268,4269]],"type":"Polygon","properties":{"vogeId":2787,"vogeName":"Laufen","bezkId":1302,"bezkName":"Laufen","kantId":13,"kantName":"Basel-Landschaft"}},{"arcs":[[4270,-4195,4271,-4269,-4163,4272,4273]],"type":"Polygon","properties":{"vogeId":2788,"vogeName":"Liesberg","bezkId":1302,"bezkName":"Laufen","kantId":13,"kantName":"Basel-Landschaft"}},{"arcs":[[-4253,-4250,-4266,-4256,4274]],"type":"Polygon","properties":{"vogeId":2789,"vogeName":"Nenzlingen","bezkId":1302,"bezkName":"Laufen","kantId":13,"kantName":"Basel-Landschaft"}},{"arcs":[[4275,4276,-4196,-4271,4277,4278,4279]],"type":"Polygon","properties":{"vogeId":2790,"vogeName":"Roggenburg","bezkId":1302,"bezkName":"Laufen","kantId":13,"kantName":"Basel-Landschaft"}},{"arcs":[[-3979,-4264,-4270,-4272,-4194,-4260]],"type":"Polygon","properties":{"vogeId":2791,"vogeName":"Röschenz","bezkId":1302,"bezkName":"Laufen","kantId":13,"kantName":"Basel-Landschaft"}},{"arcs":[[-4257,-4175,-4180,-4186,-4268]],"type":"Polygon","properties":{"vogeId":2792,"vogeName":"Wahlen","bezkId":1302,"bezkName":"Laufen","kantId":13,"kantName":"Basel-Landschaft"}},{"arcs":[[-4275,-4259,-4267,-4262,-4254]],"type":"Polygon","properties":{"vogeId":2793,"vogeName":"Zwingen","bezkId":1302,"bezkName":"Laufen","kantId":13,"kantName":"Basel-Landschaft"}},{"arcs":[[4280,4281,4282,4283,4284]],"type":"Polygon","properties":{"vogeId":2821,"vogeName":"Arisdorf","bezkId":1303,"bezkName":"Liestal","kantId":13,"kantName":"Basel-Landschaft"}},{"arcs":[[4285,4286,4287,4288,4289]],"type":"Polygon","properties":{"vogeId":2822,"vogeName":"Augst","bezkId":1303,"bezkName":"Liestal","kantId":13,"kantName":"Basel-Landschaft"}},{"arcs":[[4290,4291,4292,4293,4294,4295,4296,4297,4298,4299]],"type":"Polygon","properties":{"vogeId":2823,"vogeName":"Bubendorf","bezkId":1303,"bezkName":"Liestal","kantId":13,"kantName":"Basel-Landschaft"}},{"arcs":[[4300,4301,-3983,-3965,4302]],"type":"Polygon","properties":{"vogeId":2824,"vogeName":"Frenkendorf","bezkId":1303,"bezkName":"Liestal","kantId":13,"kantName":"Basel-Landschaft"}},{"arcs":[[-4289,4303,-4284,4304,-4301,4305]],"type":"Polygon","properties":{"vogeId":2825,"vogeName":"Füllinsdorf","bezkId":1303,"bezkName":"Liestal","kantId":13,"kantName":"Basel-Landschaft"}},{"arcs":[[-4288,4306,-4285,-4304]],"type":"Polygon","properties":{"vogeId":2826,"vogeName":"Giebenach","bezkId":1303,"bezkName":"Liestal","kantId":13,"kantName":"Basel-Landschaft"}},{"arcs":[[4307,4308,4309,4310,4311,-4282]],"type":"Polygon","properties":{"vogeId":2827,"vogeName":"Hersberg","bezkId":1303,"bezkName":"Liestal","kantId":13,"kantName":"Basel-Landschaft"}},{"arcs":[[-4311,4312,4313,4314,-4292,4315]],"type":"Polygon","properties":{"vogeId":2828,"vogeName":"Lausen","bezkId":1303,"bezkName":"Liestal","kantId":13,"kantName":"Basel-Landschaft"}},{"arcs":[[-4305,-4283,-4312,-4316,-4291,4316,-3984,-4302]],"type":"Polygon","properties":{"vogeId":2829,"vogeName":"Liestal","bezkId":1303,"bezkName":"Liestal","kantId":13,"kantName":"Basel-Landschaft"}},{"arcs":[[-3986,4317,-4299,4318,-3955]],"type":"Polygon","properties":{"vogeId":2830,"vogeName":"Lupsingen","bezkId":1303,"bezkName":"Liestal","kantId":13,"kantName":"Basel-Landschaft"}},{"arcs":[[4319,-4290,-4306,-4303,-4244]],"type":"Polygon","properties":{"vogeId":2831,"vogeName":"Pratteln","bezkId":1303,"bezkName":"Liestal","kantId":13,"kantName":"Basel-Landschaft"}},{"arcs":[[-4315,4320,4321,4322,-4293]],"type":"Polygon","properties":{"vogeId":2832,"vogeName":"Ramlinsburg","bezkId":1303,"bezkName":"Liestal","kantId":13,"kantName":"Basel-Landschaft"}},{"arcs":[[-4317,-4300,-4318,-3985]],"type":"Polygon","properties":{"vogeId":2833,"vogeName":"Seltisberg","bezkId":1303,"bezkName":"Liestal","kantId":13,"kantName":"Basel-Landschaft"}},{"arcs":[[-4319,-4298,4323,4324,-3988]],"type":"Polygon","properties":{"vogeId":2834,"vogeName":"Ziefen","bezkId":1303,"bezkName":"Liestal","kantId":13,"kantName":"Basel-Landschaft"}},{"arcs":[[4325,-4010,4326,4327]],"type":"Polygon","properties":{"vogeId":2841,"vogeName":"Anwil","bezkId":1304,"bezkName":"Sissach","kantId":13,"kantName":"Basel-Landschaft"}},{"arcs":[[4328,4329,4330,4331]],"type":"Polygon","properties":{"vogeId":2842,"vogeName":"Böckten","bezkId":1304,"bezkName":"Sissach","kantId":13,"kantName":"Basel-Landschaft"}},{"arcs":[[4332,4333,4334,4335,4336]],"type":"Polygon","properties":{"vogeId":2843,"vogeName":"Buckten","bezkId":1304,"bezkName":"Sissach","kantId":13,"kantName":"Basel-Landschaft"}},{"arcs":[[4337,4338,4339,4340,4341,4342,4343,4344]],"type":"Polygon","properties":{"vogeId":2844,"vogeName":"Buus","bezkId":1304,"bezkName":"Sissach","kantId":13,"kantName":"Basel-Landschaft"}},{"arcs":[[4345,4346,4347]],"type":"Polygon","properties":{"vogeId":2845,"vogeName":"Diepflingen","bezkId":1304,"bezkName":"Sissach","kantId":13,"kantName":"Basel-Landschaft"}},{"arcs":[[4348,4349,4350,4351,4352,4353,-4346,4354,-4330]],"type":"Polygon","properties":{"vogeId":2846,"vogeName":"Gelterkinden","bezkId":1304,"bezkName":"Sissach","kantId":13,"kantName":"Basel-Landschaft"}},{"arcs":[[4355,4356,4357,-4036,4358,-4334]],"type":"Polygon","properties":{"vogeId":2847,"vogeName":"Häfelfingen","bezkId":1304,"bezkName":"Sissach","kantId":13,"kantName":"Basel-Landschaft"}},{"arcs":[[-4341,4359,4360,4361,4362]],"type":"Polygon","properties":{"vogeId":2848,"vogeName":"Hemmiken","bezkId":1304,"bezkName":"Sissach","kantId":13,"kantName":"Basel-Landschaft"}},{"arcs":[[-4314,4363,4364,-4321]],"type":"Polygon","properties":{"vogeId":2849,"vogeName":"Itingen","bezkId":1304,"bezkName":"Sissach","kantId":13,"kantName":"Basel-Landschaft"}},{"arcs":[[4365,-4336,4366,4367]],"type":"Polygon","properties":{"vogeId":2850,"vogeName":"Känerkinden","bezkId":1304,"bezkName":"Sissach","kantId":13,"kantName":"Basel-Landschaft"}},{"arcs":[[4368,4369,4370,4371]],"type":"Polygon","properties":{"vogeId":2851,"vogeName":"Kilchberg (BL)","bezkId":1304,"bezkName":"Sissach","kantId":13,"kantName":"Basel-Landschaft"}},{"arcs":[[-4335,-4359,-4038,-4003,4372,4373,-4367]],"type":"Polygon","properties":{"vogeId":2852,"vogeName":"Läufelfingen","bezkId":1304,"bezkName":"Sissach","kantId":13,"kantName":"Basel-Landschaft"}},{"arcs":[[4374,4375,-4345,4376,4377]],"type":"Polygon","properties":{"vogeId":2853,"vogeName":"Maisprach","bezkId":1304,"bezkName":"Sissach","kantId":13,"kantName":"Basel-Landschaft"}},{"arcs":[[4378,4379,4380,4381,-4309]],"type":"Polygon","properties":{"vogeId":2854,"vogeName":"Nusshof","bezkId":1304,"bezkName":"Sissach","kantId":13,"kantName":"Basel-Landschaft"}},{"arcs":[[-4327,-4009,-4042,-4028,4382,4383]],"type":"Polygon","properties":{"vogeId":2855,"vogeName":"Oltingen","bezkId":1304,"bezkName":"Sissach","kantId":13,"kantName":"Basel-Landschaft"}},{"arcs":[[-4342,-4363,4384,4385,4386,-4350,4387]],"type":"Polygon","properties":{"vogeId":2856,"vogeName":"Ormalingen","bezkId":1304,"bezkName":"Sissach","kantId":13,"kantName":"Basel-Landschaft"}},{"arcs":[[-4343,-4388,-4349,-4329,4388,4389]],"type":"Polygon","properties":{"vogeId":2857,"vogeName":"Rickenbach (BL)","bezkId":1304,"bezkName":"Sissach","kantId":13,"kantName":"Basel-Landschaft"}},{"arcs":[[4390,4391,-4328,4392,-4385,-4362]],"type":"Polygon","properties":{"vogeId":2858,"vogeName":"Rothenfluh","bezkId":1304,"bezkName":"Sissach","kantId":13,"kantName":"Basel-Landschaft"}},{"arcs":[[-4353,4393,-4356,-4333,4394]],"type":"Polygon","properties":{"vogeId":2859,"vogeName":"Rümlingen","bezkId":1304,"bezkName":"Sissach","kantId":13,"kantName":"Basel-Landschaft"}},{"arcs":[[4395,-4372,4396,-4357,-4394,-4352]],"type":"Polygon","properties":{"vogeId":2860,"vogeName":"Rünenberg","bezkId":1304,"bezkName":"Sissach","kantId":13,"kantName":"Basel-Landschaft"}},{"arcs":[[-4382,4397,-4389,-4332,4398,4399,-4364,-4313,-4310]],"type":"Polygon","properties":{"vogeId":2861,"vogeName":"Sissach","bezkId":1304,"bezkName":"Sissach","kantId":13,"kantName":"Basel-Landschaft"}},{"arcs":[[-4387,4400,-4369,-4396,-4351]],"type":"Polygon","properties":{"vogeId":2862,"vogeName":"Tecknau","bezkId":1304,"bezkName":"Sissach","kantId":13,"kantName":"Basel-Landschaft"}},{"arcs":[[4401,4402,4403,4404,4405]],"type":"Polygon","properties":{"vogeId":2863,"vogeName":"Tenniken","bezkId":1304,"bezkName":"Sissach","kantId":13,"kantName":"Basel-Landschaft"}},{"arcs":[[-4331,-4355,-4348,-4402,4406,-4399]],"type":"Polygon","properties":{"vogeId":2864,"vogeName":"Thürnen","bezkId":1304,"bezkName":"Sissach","kantId":13,"kantName":"Basel-Landschaft"}},{"arcs":[[-4393,-4384,4407,-4370,-4401,-4386]],"type":"Polygon","properties":{"vogeId":2865,"vogeName":"Wenslingen","bezkId":1304,"bezkName":"Sissach","kantId":13,"kantName":"Basel-Landschaft"}},{"arcs":[[-4377,-4344,-4390,-4398,-4381,4408]],"type":"Polygon","properties":{"vogeId":2866,"vogeName":"Wintersingen","bezkId":1304,"bezkName":"Sissach","kantId":13,"kantName":"Basel-Landschaft"}},{"arcs":[[-4347,-4354,-4395,-4337,-4366,4409,-4403]],"type":"Polygon","properties":{"vogeId":2867,"vogeName":"Wittinsburg","bezkId":1304,"bezkName":"Sissach","kantId":13,"kantName":"Basel-Landschaft"}},{"arcs":[[-4371,-4408,-4383,-4027,-4017,-4037,-4358,-4397]],"type":"Polygon","properties":{"vogeId":2868,"vogeName":"Zeglingen","bezkId":1304,"bezkName":"Sissach","kantId":13,"kantName":"Basel-Landschaft"}},{"arcs":[[-4400,-4407,-4406,4410,-4322,-4365]],"type":"Polygon","properties":{"vogeId":2869,"vogeName":"Zunzgen","bezkId":1304,"bezkName":"Sissach","kantId":13,"kantName":"Basel-Landschaft"}},{"arcs":[[-4297,4411,4412,4413,-4324]],"type":"Polygon","properties":{"vogeId":2881,"vogeName":"Arboldswil","bezkId":1305,"bezkName":"Waldenburg","kantId":13,"kantName":"Basel-Landschaft"}},{"arcs":[[4414,4415,4416,4417,4418,4419]],"type":"Polygon","properties":{"vogeId":2882,"vogeName":"Bennwil","bezkId":1305,"bezkName":"Waldenburg","kantId":13,"kantName":"Basel-Landschaft"}},{"arcs":[[-3990,4420,4421,-4200]],"type":"Polygon","properties":{"vogeId":2883,"vogeName":"Bretzwil","bezkId":1305,"bezkName":"Waldenburg","kantId":13,"kantName":"Basel-Landschaft"}},{"arcs":[[-4404,-4410,-4368,-4374,4422,-4416,4423]],"type":"Polygon","properties":{"vogeId":2884,"vogeName":"Diegten","bezkId":1305,"bezkName":"Waldenburg","kantId":13,"kantName":"Basel-Landschaft"}},{"arcs":[[-4423,-4373,-4002,-4139,4424,-4417]],"type":"Polygon","properties":{"vogeId":2885,"vogeName":"Eptingen","bezkId":1305,"bezkName":"Waldenburg","kantId":13,"kantName":"Basel-Landschaft"}},{"arcs":[[-4323,-4411,-4405,-4424,-4415,4425,4426,-4294]],"type":"Polygon","properties":{"vogeId":2886,"vogeName":"Hölstein","bezkId":1305,"bezkName":"Waldenburg","kantId":13,"kantName":"Basel-Landschaft"}},{"arcs":[[-4295,-4427,4427]],"type":"Polygon","properties":{"vogeId":2887,"vogeName":"Lampenberg","bezkId":1305,"bezkName":"Waldenburg","kantId":13,"kantName":"Basel-Landschaft"}},{"arcs":[[-4418,-4425,-4142,-3885,-3921,-3928,4428,4429]],"type":"Polygon","properties":{"vogeId":2888,"vogeName":"Langenbruck","bezkId":1305,"bezkName":"Waldenburg","kantId":13,"kantName":"Basel-Landschaft"}},{"arcs":[[-4422,4430,-3930,-4165,-4201]],"type":"Polygon","properties":{"vogeId":2889,"vogeName":"Lauwil","bezkId":1305,"bezkName":"Waldenburg","kantId":13,"kantName":"Basel-Landschaft"}},{"arcs":[[4431,4432,4433,4434]],"type":"Polygon","properties":{"vogeId":2890,"vogeName":"Liedertswil","bezkId":1305,"bezkName":"Waldenburg","kantId":13,"kantName":"Basel-Landschaft"}},{"arcs":[[-4296,-4428,-4426,-4420,4435,4436,-4412]],"type":"Polygon","properties":{"vogeId":2891,"vogeName":"Niederdorf","bezkId":1305,"bezkName":"Waldenburg","kantId":13,"kantName":"Basel-Landschaft"}},{"arcs":[[4437,-4436,-4419,-4430,4438,-4433]],"type":"Polygon","properties":{"vogeId":2892,"vogeName":"Oberdorf (BL)","bezkId":1305,"bezkName":"Waldenburg","kantId":13,"kantName":"Basel-Landschaft"}},{"arcs":[[-4325,-4414,4439,-4435,4440,-3926,-4431,-4421,-3989]],"type":"Polygon","properties":{"vogeId":2893,"vogeName":"Reigoldswil","bezkId":1305,"bezkName":"Waldenburg","kantId":13,"kantName":"Basel-Landschaft"}},{"arcs":[[-4413,-4437,-4438,-4432,-4440]],"type":"Polygon","properties":{"vogeId":2894,"vogeName":"Titterten","bezkId":1305,"bezkName":"Waldenburg","kantId":13,"kantName":"Basel-Landschaft"}},{"arcs":[[-4434,-4439,-4429,-3927,-4441]],"type":"Polygon","properties":{"vogeId":2895,"vogeName":"Waldenburg","bezkId":1305,"bezkName":"Waldenburg","kantId":13,"kantName":"Basel-Landschaft"}},{"arcs":[[4441,4442,4443,4444]],"type":"Polygon","properties":{"vogeId":2901,"vogeName":"Gächlingen","bezkId":1401,"bezkName":"Oberklettgau","kantId":14,"kantName":"Schaffhausen"}},{"arcs":[[4445,4446,4447]],"type":"Polygon","properties":{"vogeId":2903,"vogeName":"Löhningen","bezkId":1401,"bezkName":"Oberklettgau","kantId":14,"kantName":"Schaffhausen"}},{"arcs":[[4448,-4448,4449,4450,4451,4452,4453,-4444]],"type":"Polygon","properties":{"vogeId":2904,"vogeName":"Neunkirch","bezkId":1401,"bezkName":"Oberklettgau","kantId":14,"kantName":"Schaffhausen"}},{"arcs":[[4454,4455,4456,4457,4458,4459]],"type":"Polygon","properties":{"vogeId":2914,"vogeName":"Büttenhardt","bezkId":1402,"bezkName":"Reiat","kantId":14,"kantName":"Schaffhausen"}},{"arcs":[[4460,4461,4462,4463,4464]],"type":"Polygon","properties":{"vogeId":2915,"vogeName":"Dörflingen","bezkId":1402,"bezkName":"Reiat","kantId":14,"kantName":"Schaffhausen"}},{"arcs":[[4465,4466,-4456]],"type":"Polygon","properties":{"vogeId":2917,"vogeName":"Lohn (SH)","bezkId":1402,"bezkName":"Reiat","kantId":14,"kantName":"Schaffhausen"}},{"arcs":[[-4467,4467,4468,-4457]],"type":"Polygon","properties":{"vogeId":2919,"vogeName":"Stetten (SH)","bezkId":1402,"bezkName":"Reiat","kantId":14,"kantName":"Schaffhausen"}},{"arcs":[[-4461,4469,-4468,-4466,-4455,4470]],"type":"Polygon","properties":{"vogeId":2920,"vogeName":"Thayngen","bezkId":1402,"bezkName":"Reiat","kantId":14,"kantName":"Schaffhausen"}},{"arcs":[[4471,4472]],"type":"Polygon","properties":{"vogeId":2931,"vogeName":"Bargen (SH)","bezkId":1403,"bezkName":"Schaffhausen","kantId":14,"kantName":"Schaffhausen"}},{"arcs":[[-4447,4473,4474,4475,4476,-4450]],"type":"Polygon","properties":{"vogeId":2932,"vogeName":"Beringen","bezkId":1403,"bezkName":"Schaffhausen","kantId":14,"kantName":"Schaffhausen"}},{"arcs":[[4477,-1359,-1455,-1439]],"type":"Polygon","properties":{"vogeId":2933,"vogeName":"Buchberg","bezkId":1403,"bezkName":"Schaffhausen","kantId":14,"kantName":"Schaffhausen"}},{"arcs":[[-4473,4478,-4459,4479,4480,4481]],"type":"Polygon","properties":{"vogeId":2936,"vogeName":"Merishausen","bezkId":1403,"bezkName":"Schaffhausen","kantId":14,"kantName":"Schaffhausen"}},{"arcs":[[4482,-1384,-1396,4483,-4476]],"type":"Polygon","properties":{"vogeId":2937,"vogeName":"Neuhausen am Rheinfall","bezkId":1403,"bezkName":"Schaffhausen","kantId":14,"kantName":"Schaffhausen"}},{"arcs":[[-1398,-1381,-4478,-1495,-1488,4484]],"type":"Polygon","properties":{"vogeId":2938,"vogeName":"Rüdlingen","bezkId":1403,"bezkName":"Schaffhausen","kantId":14,"kantName":"Schaffhausen"}},{"arcs":[[4485,-4480,-4458,-4469,-4470,-4465,4486,-1372,-1382,-4483,-4475,4487,4488]],"type":"Polygon","properties":{"vogeId":2939,"vogeName":"Schaffhausen","bezkId":1403,"bezkName":"Schaffhausen","kantId":14,"kantName":"Schaffhausen"}},{"arcs":[[4489,-4481,-4486,4490]],"type":"Polygon","properties":{"vogeId":2951,"vogeName":"Beggingen","bezkId":1404,"bezkName":"Schleitheim","kantId":14,"kantName":"Schaffhausen"}},{"arcs":[[-4491,-4489,4491,-4442,4492,4493]],"type":"Polygon","properties":{"vogeId":2952,"vogeName":"Schleitheim","bezkId":1404,"bezkName":"Schleitheim","kantId":14,"kantName":"Schaffhausen"}},{"arcs":[[-4492,-4488,-4474,-4446,-4449,-4443]],"type":"Polygon","properties":{"vogeId":2953,"vogeName":"Siblingen","bezkId":1404,"bezkName":"Schleitheim","kantId":14,"kantName":"Schaffhausen"}},{"arcs":[[4494,4495]],"type":"Polygon","properties":{"vogeId":2961,"vogeName":"Buch (SH)","bezkId":1405,"bezkName":"Stein","kantId":14,"kantName":"Schaffhausen"}},{"arcs":[[4496,4497,4498,4499]],"type":"Polygon","properties":{"vogeId":2962,"vogeName":"Hemishofen","bezkId":1405,"bezkName":"Stein","kantId":14,"kantName":"Schaffhausen"}},{"arcs":[[4500,-4500,4501,4502,4503,-4495]],"type":"Polygon","properties":{"vogeId":2963,"vogeName":"Ramsen","bezkId":1405,"bezkName":"Stein","kantId":14,"kantName":"Schaffhausen"}},{"arcs":[[-4498,4504,4505,4506]],"type":"Polygon","properties":{"vogeId":2964,"vogeName":"Stein am Rhein","bezkId":1405,"bezkName":"Stein","kantId":14,"kantName":"Schaffhausen"}},{"arcs":[[4507,-4453,4508,4509]],"type":"Polygon","properties":{"vogeId":2971,"vogeName":"Hallau","bezkId":1406,"bezkName":"Unterklettgau","kantId":14,"kantName":"Schaffhausen"}},{"arcs":[[-4493,-4445,-4454,-4508,4510]],"type":"Polygon","properties":{"vogeId":2972,"vogeName":"Oberhallau","bezkId":1406,"bezkName":"Unterklettgau","kantId":14,"kantName":"Schaffhausen"}},{"arcs":[[4511,4512]],"type":"Polygon","properties":{"vogeId":2973,"vogeName":"Trasadingen","bezkId":1406,"bezkName":"Unterklettgau","kantId":14,"kantName":"Schaffhausen"}},{"arcs":[[4513,-4512,-4509,-4452]],"type":"Polygon","properties":{"vogeId":2974,"vogeName":"Wilchingen","bezkId":1406,"bezkName":"Unterklettgau","kantId":14,"kantName":"Schaffhausen"}},{"arcs":[[4514,4515,4516,4517,4518,4519,4520,4521]],"type":"Polygon","properties":{"vogeId":3001,"vogeName":"Herisau","bezkId":1501,"bezkName":"Hinterland","kantId":15,"kantName":"Appenzell Ausserrhoden"}},{"arcs":[[-4517,4522,4523,4524,4525,4526,4527,4528,4529]],"type":"Polygon","properties":{"vogeId":3002,"vogeName":"Hundwil","bezkId":1501,"bezkName":"Hinterland","kantId":15,"kantName":"Appenzell Ausserrhoden"}},{"arcs":[[4530,4531,4532]],"type":"Polygon","properties":{"vogeId":3003,"vogeName":"Schönengrund","bezkId":1501,"bezkName":"Hinterland","kantId":15,"kantName":"Appenzell Ausserrhoden"}},{"arcs":[[4533,-4519,4534,4535,-4531,4536]],"type":"Polygon","properties":{"vogeId":3004,"vogeName":"Schwellbrunn","bezkId":1501,"bezkName":"Hinterland","kantId":15,"kantName":"Appenzell Ausserrhoden"}},{"arcs":[[4537,4538,4539,-4523,-4516]],"type":"Polygon","properties":{"vogeId":3005,"vogeName":"Stein (AR)","bezkId":1501,"bezkName":"Hinterland","kantId":15,"kantName":"Appenzell Ausserrhoden"}},{"arcs":[[4540,-4529,4541,4542,-4532,-4536]],"type":"Polygon","properties":{"vogeId":3006,"vogeName":"Urnäsch","bezkId":1501,"bezkName":"Hinterland","kantId":15,"kantName":"Appenzell Ausserrhoden"}},{"arcs":[[-4518,-4530,-4541,-4535]],"type":"Polygon","properties":{"vogeId":3007,"vogeName":"Waldstatt","bezkId":1501,"bezkName":"Hinterland","kantId":15,"kantName":"Appenzell Ausserrhoden"}},{"arcs":[[4543,4544,4545,4546,4547]],"type":"Polygon","properties":{"vogeId":3021,"vogeName":"Bühler","bezkId":1502,"bezkName":"Mittelland","kantId":15,"kantName":"Appenzell Ausserrhoden"}},{"arcs":[[4548,4549,4550,4551,4552,4553,-4546]],"type":"Polygon","properties":{"vogeId":3022,"vogeName":"Gais","bezkId":1502,"bezkName":"Mittelland","kantId":15,"kantName":"Appenzell Ausserrhoden"}},{"arcs":[[4554,4555,4556,-4544,4557,4558]],"type":"Polygon","properties":{"vogeId":3023,"vogeName":"Speicher","bezkId":1502,"bezkName":"Mittelland","kantId":15,"kantName":"Appenzell Ausserrhoden"}},{"arcs":[[4559,-4558,-4548,4560,-4539]],"type":"Polygon","properties":{"vogeId":3024,"vogeName":"Teufen (AR)","bezkId":1502,"bezkName":"Mittelland","kantId":15,"kantName":"Appenzell Ausserrhoden"}},{"arcs":[[4561,4562,4563,4564,-4549,-4545,-4557]],"type":"Polygon","properties":{"vogeId":3025,"vogeName":"Trogen","bezkId":1502,"bezkName":"Mittelland","kantId":15,"kantName":"Appenzell Ausserrhoden"}},{"arcs":[[4565,4566,4567]],"type":"Polygon","properties":{"vogeId":3031,"vogeName":"Grub (AR)","bezkId":1503,"bezkName":"Vorderland","kantId":15,"kantName":"Appenzell Ausserrhoden"}},{"arcs":[[4568,4569,4570,4571,4572,4573,4574,-4567,4575,4576]],"type":"Polygon","properties":{"vogeId":3032,"vogeName":"Heiden","bezkId":1503,"bezkName":"Vorderland","kantId":15,"kantName":"Appenzell Ausserrhoden"}},{"arcs":[[[4577,4578,4579,4580,4581]],[[4582,4583,4584,-4577]]],"type":"MultiPolygon","properties":{"vogeId":3033,"vogeName":"Lutzenberg","bezkId":1503,"bezkName":"Vorderland","kantId":15,"kantName":"Appenzell Ausserrhoden"}},{"arcs":[[4585,-4568,-4575,4586,-4562,-4556]],"type":"Polygon","properties":{"vogeId":3034,"vogeName":"Rehetobel","bezkId":1503,"bezkName":"Vorderland","kantId":15,"kantName":"Appenzell Ausserrhoden"}},{"arcs":[[-4572,4587,4588,4589,4590,4591]],"type":"Polygon","properties":{"vogeId":3035,"vogeName":"Reute (AR)","bezkId":1503,"bezkName":"Vorderland","kantId":15,"kantName":"Appenzell Ausserrhoden"}},{"arcs":[[-4574,4592,-4563,-4587]],"type":"Polygon","properties":{"vogeId":3036,"vogeName":"Wald (AR)","bezkId":1503,"bezkName":"Vorderland","kantId":15,"kantName":"Appenzell Ausserrhoden"}},{"arcs":[[-4578,4593,4594,4595,4596,4597]],"type":"Polygon","properties":{"vogeId":3037,"vogeName":"Walzenhausen","bezkId":1503,"bezkName":"Vorderland","kantId":15,"kantName":"Appenzell Ausserrhoden"}},{"arcs":[[4598,-4579,-4598,4599,-4570]],"type":"Polygon","properties":{"vogeId":3038,"vogeName":"Wolfhalden","bezkId":1503,"bezkName":"Vorderland","kantId":15,"kantName":"Appenzell Ausserrhoden"}},{"arcs":[[-4553,4600,4601,4602]],"type":"Polygon","properties":{"vogeId":3101,"vogeName":"Appenzell","bezkId":1600,"bezkName":"Kt. Appenzell i.Rh.","kantId":16,"kantName":"Appenzell Innerrhoden"}},{"arcs":[[4603,-4602,4604,-4525]],"type":"Polygon","properties":{"vogeId":3102,"vogeName":"Gonten","bezkId":1600,"bezkName":"Kt. Appenzell i.Rh.","kantId":16,"kantName":"Appenzell Innerrhoden"}},{"arcs":[[-4561,-4547,-4554,-4603,-4604,-4524,-4540]],"type":"Polygon","properties":{"vogeId":3104,"vogeName":"Schlatt-Haslen","bezkId":1600,"bezkName":"Kt. Appenzell i.Rh.","kantId":16,"kantName":"Appenzell Innerrhoden"}},{"arcs":[[[4605,-4564,-4593,-4573,-4592]],[[4606,-4588,-4571,-4600,-4597,4607]]],"type":"MultiPolygon","properties":{"vogeId":3111,"vogeName":"Oberegg","bezkId":1600,"bezkName":"Kt. Appenzell i.Rh.","kantId":16,"kantName":"Appenzell Innerrhoden"}},{"arcs":[[4608,-4526,-4605,-4601,-4552,4609,4610,4611,4612]],"type":"Polygon","properties":{"vogeId":3112,"vogeName":"Schwende-Rüte","bezkId":1600,"bezkName":"Kt. Appenzell i.Rh.","kantId":16,"kantName":"Appenzell Innerrhoden"}},{"arcs":[[4613,4614,4615,4616,4617,4618,4619]],"type":"Polygon","properties":{"vogeId":3201,"vogeName":"Häggenschwil","bezkId":1721,"bezkName":"St. Gallen","kantId":17,"kantName":"St. Gallen"}},{"arcs":[[4620,4621,-4614,4622]],"type":"Polygon","properties":{"vogeId":3202,"vogeName":"Muolen","bezkId":1721,"bezkName":"St. Gallen","kantId":17,"kantName":"St. Gallen"}},{"arcs":[[4623,-4559,-4560,-4538,-4515,4624,4625,4626,4627,4628]],"type":"Polygon","properties":{"vogeId":3203,"vogeName":"St. Gallen","bezkId":1721,"bezkName":"St. Gallen","kantId":17,"kantName":"St. Gallen"}},{"arcs":[[-4617,4629,4630,4631,4632,4633,-4627,4634,4635]],"type":"Polygon","properties":{"vogeId":3204,"vogeName":"Wittenbach","bezkId":1721,"bezkName":"St. Gallen","kantId":17,"kantName":"St. Gallen"}},{"arcs":[[[4636,-4631]],[[-4633,4637,4638,4639,4640]]],"type":"MultiPolygon","properties":{"vogeId":3211,"vogeName":"Berg (SG)","bezkId":1722,"bezkName":"Rorschach","kantId":17,"kantName":"St. Gallen"}},{"arcs":[[-4583,-4576,-4566,-4586,-4555,-4624,4641,4642]],"type":"Polygon","properties":{"vogeId":3212,"vogeName":"Eggersriet","bezkId":1721,"bezkName":"St. Gallen","kantId":17,"kantName":"St. Gallen"}},{"arcs":[[4643,4644,4645,4646,4647,4648,4649]],"type":"Polygon","properties":{"vogeId":3213,"vogeName":"Goldach","bezkId":1722,"bezkName":"Rorschach","kantId":17,"kantName":"St. Gallen"}},{"arcs":[[4650,4651,-4649,4652,-4628,-4634,-4641]],"type":"Polygon","properties":{"vogeId":3214,"vogeName":"Mörschwil","bezkId":1722,"bezkName":"Rorschach","kantId":17,"kantName":"St. Gallen"}},{"arcs":[[4653,4654,-4646]],"type":"Polygon","properties":{"vogeId":3215,"vogeName":"Rorschach","bezkId":1722,"bezkName":"Rorschach","kantId":17,"kantName":"St. Gallen"}},{"arcs":[[4655,4656,-4584,-4643,4657,-4647,-4655]],"type":"Polygon","properties":{"vogeId":3216,"vogeName":"Rorschacherberg","bezkId":1722,"bezkName":"Rorschach","kantId":17,"kantName":"St. Gallen"}},{"arcs":[[4658,4659,4660,-4651,-4640,4661]],"type":"Polygon","properties":{"vogeId":3217,"vogeName":"Steinach","bezkId":1722,"bezkName":"Rorschach","kantId":17,"kantName":"St. Gallen"}},{"arcs":[[-4661,4662,-4650,-4652]],"type":"Polygon","properties":{"vogeId":3218,"vogeName":"Tübach","bezkId":1722,"bezkName":"Rorschach","kantId":17,"kantName":"St. Gallen"}},{"arcs":[[-4648,-4658,-4642,-4629,-4653]],"type":"Polygon","properties":{"vogeId":3219,"vogeName":"Untereggen","bezkId":1722,"bezkName":"Rorschach","kantId":17,"kantName":"St. Gallen"}},{"arcs":[[4663,4664,4665,4666,4667,-4595]],"type":"Polygon","properties":{"vogeId":3231,"vogeName":"Au (SG)","bezkId":1723,"bezkName":"Rheintal","kantId":17,"kantName":"St. Gallen"}},{"arcs":[[4668,-4667,4669,4670,4671,4672,-4589,-4607]],"type":"Polygon","properties":{"vogeId":3232,"vogeName":"Balgach","bezkId":1723,"bezkName":"Rheintal","kantId":17,"kantName":"St. Gallen"}},{"arcs":[[-4596,-4668,-4669,-4608]],"type":"Polygon","properties":{"vogeId":3233,"vogeName":"Berneck","bezkId":1723,"bezkName":"Rheintal","kantId":17,"kantName":"St. Gallen"}},{"arcs":[[4673,4674,4675,-4671]],"type":"Polygon","properties":{"vogeId":3234,"vogeName":"Diepoldsau","bezkId":1723,"bezkName":"Rheintal","kantId":17,"kantName":"St. Gallen"}},{"arcs":[[4676,4677,-4581,4678]],"type":"Polygon","properties":{"vogeId":3235,"vogeName":"Rheineck","bezkId":1723,"bezkName":"Rheintal","kantId":17,"kantName":"St. Gallen"}},{"arcs":[[4679,-4664,-4594,-4582,-4678]],"type":"Polygon","properties":{"vogeId":3236,"vogeName":"St. Margrethen","bezkId":1723,"bezkName":"Rheintal","kantId":17,"kantName":"St. Gallen"}},{"arcs":[[-4679,-4580,-4599,-4569,-4585,-4657,4680]],"type":"Polygon","properties":{"vogeId":3237,"vogeName":"Thal","bezkId":1722,"bezkName":"Rorschach","kantId":17,"kantName":"St. Gallen"}},{"arcs":[[-4666,4681,-4674,-4670]],"type":"Polygon","properties":{"vogeId":3238,"vogeName":"Widnau","bezkId":1723,"bezkName":"Rheintal","kantId":17,"kantName":"St. Gallen"}},{"arcs":[[[4682,4683,-4612,4684,4685]],[[4686,-4550,-4565,-4606,4687,4688]]],"type":"MultiPolygon","properties":{"vogeId":3251,"vogeName":"Altstätten","bezkId":1723,"bezkName":"Rheintal","kantId":17,"kantName":"St. Gallen"}},{"arcs":[[-4551,-4687,4689,-4610]],"type":"Polygon","properties":{"vogeId":3252,"vogeName":"Eichberg","bezkId":1723,"bezkName":"Rheintal","kantId":17,"kantName":"St. Gallen"}},{"arcs":[[-4591,4690,4691,-4688]],"type":"Polygon","properties":{"vogeId":3253,"vogeName":"Marbach (SG)","bezkId":1723,"bezkName":"Rheintal","kantId":17,"kantName":"St. Gallen"}},{"arcs":[[-4672,-4676,4692,4693,-4685,-4611,-4690,-4689,-4692,4694]],"type":"Polygon","properties":{"vogeId":3254,"vogeName":"Oberriet (SG)","bezkId":1723,"bezkName":"Rheintal","kantId":17,"kantName":"St. Gallen"}},{"arcs":[[-4590,-4673,-4695,-4691]],"type":"Polygon","properties":{"vogeId":3255,"vogeName":"Rebstein","bezkId":1723,"bezkName":"Rheintal","kantId":17,"kantName":"St. Gallen"}},{"arcs":[[-4694,4695,-4686]],"type":"Polygon","properties":{"vogeId":3256,"vogeName":"Rüthi (SG)","bezkId":1723,"bezkName":"Rheintal","kantId":17,"kantName":"St. Gallen"}},{"arcs":[[4696,4697,4698,4699,4700]],"type":"Polygon","properties":{"vogeId":3271,"vogeName":"Buchs (SG)","bezkId":1724,"bezkName":"Werdenberg","kantId":17,"kantName":"St. Gallen"}},{"arcs":[[4701,-4701,4702,4703]],"type":"Polygon","properties":{"vogeId":3272,"vogeName":"Gams","bezkId":1724,"bezkName":"Werdenberg","kantId":17,"kantName":"St. Gallen"}},{"arcs":[[-4703,-4700,4704,4705,4706]],"type":"Polygon","properties":{"vogeId":3273,"vogeName":"Grabs","bezkId":1724,"bezkName":"Werdenberg","kantId":17,"kantName":"St. Gallen"}},{"arcs":[[-4684,4707,-4697,-4702,4708,-4613]],"type":"Polygon","properties":{"vogeId":3274,"vogeName":"Sennwald","bezkId":1724,"bezkName":"Werdenberg","kantId":17,"kantName":"St. Gallen"}},{"arcs":[[-4699,4709,4710,4711,-4705]],"type":"Polygon","properties":{"vogeId":3275,"vogeName":"Sevelen","bezkId":1724,"bezkName":"Werdenberg","kantId":17,"kantName":"St. Gallen"}},{"arcs":[[-4711,4712,4713,4714,4715,4716]],"type":"Polygon","properties":{"vogeId":3276,"vogeName":"Wartau","bezkId":1724,"bezkName":"Werdenberg","kantId":17,"kantName":"St. Gallen"}},{"arcs":[[4717,4718,4719,4720,4721,4722]],"type":"Polygon","properties":{"vogeId":3291,"vogeName":"Bad Ragaz","bezkId":1725,"bezkName":"Sarganserland","kantId":17,"kantName":"St. Gallen"}},{"arcs":[[4723,4724,-4716,4725,-3446]],"type":"Polygon","properties":{"vogeId":3292,"vogeName":"Flums","bezkId":1725,"bezkName":"Sarganserland","kantId":17,"kantName":"St. Gallen"}},{"arcs":[[-4715,4726,4727,4728,-4722,4729,-3447,-4726]],"type":"Polygon","properties":{"vogeId":3293,"vogeName":"Mels","bezkId":1725,"bezkName":"Sarganserland","kantId":17,"kantName":"St. Gallen"}},{"arcs":[[-4721,4730,4731,4732,4733,4734,4735,4736,-3448,-4730]],"type":"Polygon","properties":{"vogeId":3294,"vogeName":"Pfäfers","bezkId":1725,"bezkName":"Sarganserland","kantId":17,"kantName":"St. Gallen"}},{"arcs":[[[4737,-4724,-3445,-3441,4738]],[[4739,4740,4741,4742]]],"type":"MultiPolygon","properties":{"vogeId":3295,"vogeName":"Quarten","bezkId":1725,"bezkName":"Sarganserland","kantId":17,"kantName":"St. Gallen"}},{"arcs":[[-4714,4743,4744,-4727]],"type":"Polygon","properties":{"vogeId":3296,"vogeName":"Sargans","bezkId":1725,"bezkName":"Sarganserland","kantId":17,"kantName":"St. Gallen"}},{"arcs":[[4745,-4723,-4729]],"type":"Polygon","properties":{"vogeId":3297,"vogeName":"Vilters-Wangs","bezkId":1725,"bezkName":"Sarganserland","kantId":17,"kantName":"St. Gallen"}},{"arcs":[[4746,-4706,-4712,-4717,-4725,-4738,4747,-4743]],"type":"Polygon","properties":{"vogeId":3298,"vogeName":"Walenstadt","bezkId":1725,"bezkName":"Sarganserland","kantId":17,"kantName":"St. Gallen"}},{"arcs":[[4748,4749,-4741,4750,4751,4752]],"type":"Polygon","properties":{"vogeId":3311,"vogeName":"Amden","bezkId":1726,"bezkName":"See-Gaster","kantId":17,"kantName":"St. Gallen"}},{"arcs":[[4753,4754,4755,-3437,-3335,-3339,-3345]],"type":"Polygon","properties":{"vogeId":3312,"vogeName":"Benken (SG)","bezkId":1726,"bezkName":"See-Gaster","kantId":17,"kantName":"St. Gallen"}},{"arcs":[[4756,4757,4758,-4755,4759]],"type":"Polygon","properties":{"vogeId":3313,"vogeName":"Kaltbrunn","bezkId":1726,"bezkName":"See-Gaster","kantId":17,"kantName":"St. Gallen"}},{"arcs":[[-4759,4760,-4753,4761,-3438,-4756]],"type":"Polygon","properties":{"vogeId":3315,"vogeName":"Schänis","bezkId":1726,"bezkName":"See-Gaster","kantId":17,"kantName":"St. Gallen"}},{"arcs":[[-4762,-4752,4762,-3439]],"type":"Polygon","properties":{"vogeId":3316,"vogeName":"Weesen","bezkId":1726,"bezkName":"See-Gaster","kantId":17,"kantName":"St. Gallen"}},{"arcs":[[4763,4764,-3343,4765,4766]],"type":"Polygon","properties":{"vogeId":3338,"vogeName":"Schmerikon","bezkId":1726,"bezkName":"See-Gaster","kantId":17,"kantName":"St. Gallen"}},{"arcs":[[4767,-4760,-4754,-3344,-4765,4768]],"type":"Polygon","properties":{"vogeId":3339,"vogeName":"Uznach","bezkId":1726,"bezkName":"See-Gaster","kantId":17,"kantName":"St. Gallen"}},{"arcs":[[-1576,-1602,4769,-4767,4770,-1636]],"type":"Polygon","properties":{"vogeId":3340,"vogeName":"Rapperswil-Jona","bezkId":1726,"bezkName":"See-Gaster","kantId":17,"kantName":"St. Gallen"}},{"arcs":[[-4757,-4768,4771,4772,4773]],"type":"Polygon","properties":{"vogeId":3341,"vogeName":"Gommiswald","bezkId":1726,"bezkName":"See-Gaster","kantId":17,"kantName":"St. Gallen"}},{"arcs":[[-1606,-1584,4774,4775,-4772,-4769,-4764,-4770,-1601]],"type":"Polygon","properties":{"vogeId":3342,"vogeName":"Eschenbach (SG)","bezkId":1726,"bezkName":"See-Gaster","kantId":17,"kantName":"St. Gallen"}},{"arcs":[[4776,4777,-4761,-4758,-4774,4778]],"type":"Polygon","properties":{"vogeId":3352,"vogeName":"Ebnat-Kappel","bezkId":1727,"bezkName":"Toggenburg","kantId":17,"kantName":"St. Gallen"}},{"arcs":[[-4747,-4742,-4750,4779,-4527,-4609,-4709,-4704,-4707]],"type":"Polygon","properties":{"vogeId":3359,"vogeName":"Wildhaus-Alt St. Johann","bezkId":1727,"bezkName":"Toggenburg","kantId":17,"kantName":"St. Gallen"}},{"arcs":[[-4749,-4778,4780,-4542,-4528,-4780]],"type":"Polygon","properties":{"vogeId":3360,"vogeName":"Nesslau","bezkId":1727,"bezkName":"Toggenburg","kantId":17,"kantName":"St. Gallen"}},{"arcs":[[4781,4782,4783]],"type":"Polygon","properties":{"vogeId":3374,"vogeName":"Lichtensteig","bezkId":1727,"bezkName":"Toggenburg","kantId":17,"kantName":"St. Gallen"}},{"arcs":[[4784,-4784,4785,-4779,-4773,-4776,4786]],"type":"Polygon","properties":{"vogeId":3379,"vogeName":"Wattwil","bezkId":1727,"bezkName":"Toggenburg","kantId":17,"kantName":"St. Gallen"}},{"arcs":[[4787,4788,4789,4790,4791,4792,4793]],"type":"Polygon","properties":{"vogeId":3392,"vogeName":"Kirchberg (SG)","bezkId":1727,"bezkName":"Toggenburg","kantId":17,"kantName":"St. Gallen"}},{"arcs":[[4794,4795,4796,4797,4798,4799,-4790]],"type":"Polygon","properties":{"vogeId":3393,"vogeName":"Lütisburg","bezkId":1727,"bezkName":"Toggenburg","kantId":17,"kantName":"St. Gallen"}},{"arcs":[[-4800,4800,-4787,-4775,-1583,4801,-4791]],"type":"Polygon","properties":{"vogeId":3394,"vogeName":"Mosnang","bezkId":1727,"bezkName":"Toggenburg","kantId":17,"kantName":"St. Gallen"}},{"arcs":[[-4799,4802,-4782,-4785,-4801]],"type":"Polygon","properties":{"vogeId":3395,"vogeName":"Bütschwil-Ganterschwil","bezkId":1727,"bezkName":"Toggenburg","kantId":17,"kantName":"St. Gallen"}},{"arcs":[[4803,-4537,-4533,-4543,-4781,-4777,-4786,-4783,-4803,-4798]],"type":"Polygon","properties":{"vogeId":3396,"vogeName":"Neckertal","bezkId":1727,"bezkName":"Toggenburg","kantId":17,"kantName":"St. Gallen"}},{"arcs":[[4804,4805,-4520,-4534,-4804,-4797]],"type":"Polygon","properties":{"vogeId":3401,"vogeName":"Degersheim","bezkId":1728,"bezkName":"Wil","kantId":17,"kantName":"St. Gallen"}},{"arcs":[[4806,4807,-4521,-4806,4808]],"type":"Polygon","properties":{"vogeId":3402,"vogeName":"Flawil","bezkId":1728,"bezkName":"Wil","kantId":17,"kantName":"St. Gallen"}},{"arcs":[[4809,4810,4811,-4795,-4789,4812]],"type":"Polygon","properties":{"vogeId":3405,"vogeName":"Jonschwil","bezkId":1728,"bezkName":"Wil","kantId":17,"kantName":"St. Gallen"}},{"arcs":[[4813,-4809,-4805,-4796,-4812,4814]],"type":"Polygon","properties":{"vogeId":3407,"vogeName":"Oberuzwil","bezkId":1728,"bezkName":"Wil","kantId":17,"kantName":"St. Gallen"}},{"arcs":[[4815,4816,-4815,-4811,4817]],"type":"Polygon","properties":{"vogeId":3408,"vogeName":"Uzwil","bezkId":1728,"bezkName":"Wil","kantId":17,"kantName":"St. Gallen"}},{"arcs":[[4818,4819,4820,4821,4822]],"type":"Polygon","properties":{"vogeId":3422,"vogeName":"Niederbüren","bezkId":1728,"bezkName":"Wil","kantId":17,"kantName":"St. Gallen"}},{"arcs":[[4823,4824,-4823,4825,4826,4827]],"type":"Polygon","properties":{"vogeId":3423,"vogeName":"Niederhelfenschwil","bezkId":1728,"bezkName":"Wil","kantId":17,"kantName":"St. Gallen"}},{"arcs":[[4828,-4826,-4822,4829,-4807,-4814,-4817]],"type":"Polygon","properties":{"vogeId":3424,"vogeName":"Oberbüren","bezkId":1728,"bezkName":"Wil","kantId":17,"kantName":"St. Gallen"}},{"arcs":[[4830,-4827,-4829,-4816,4831]],"type":"Polygon","properties":{"vogeId":3426,"vogeName":"Zuzwil (SG)","bezkId":1728,"bezkName":"Wil","kantId":17,"kantName":"St. Gallen"}},{"arcs":[[4832,4833,4834,-4832,-4818,-4810,4835,4836,4837,4838]],"type":"Polygon","properties":{"vogeId":3427,"vogeName":"Wil (SG)","bezkId":1728,"bezkName":"Wil","kantId":17,"kantName":"St. Gallen"}},{"arcs":[[4839,4840]],"type":"Polygon","properties":{"vogeId":3441,"vogeName":"Andwil (SG)","bezkId":1721,"bezkName":"St. Gallen","kantId":17,"kantName":"St. Gallen"}},{"arcs":[[-4635,-4626,4841,4842]],"type":"Polygon","properties":{"vogeId":3442,"vogeName":"Gaiserwald","bezkId":1721,"bezkName":"St. Gallen","kantId":17,"kantName":"St. Gallen"}},{"arcs":[[4843,-4841,-4842,-4625,-4522,-4808,-4830,-4821]],"type":"Polygon","properties":{"vogeId":3443,"vogeName":"Gossau (SG)","bezkId":1721,"bezkName":"St. Gallen","kantId":17,"kantName":"St. Gallen"}},{"arcs":[[-4618,-4636,-4843,-4840,-4844,-4820,4844,4845]],"type":"Polygon","properties":{"vogeId":3444,"vogeName":"Waldkirch","bezkId":1721,"bezkName":"St. Gallen","kantId":17,"kantName":"St. Gallen"}},{"arcs":[[4846,4847,4848,4849,4850,4851,4852,4853,4854]],"type":"Polygon","properties":{"vogeId":3506,"vogeName":"Vaz/Obervaz","bezkId":1841,"bezkName":"Albula","kantId":18,"kantName":"Graubünden"}},{"arcs":[[4855,4856,-4850]],"type":"Polygon","properties":{"vogeId":3513,"vogeName":"Lantsch/Lenz","bezkId":1841,"bezkName":"Albula","kantId":18,"kantName":"Graubünden"}},{"arcs":[[4857,4858,4859,4860]],"type":"Polygon","properties":{"vogeId":3514,"vogeName":"Schmitten (GR)","bezkId":1841,"bezkName":"Albula","kantId":18,"kantName":"Graubünden"}},{"arcs":[[4861,4862,-4851,-4857,4863,-4861,4864,4865]],"type":"Polygon","properties":{"vogeId":3542,"vogeName":"Albula/Alvra","bezkId":1841,"bezkName":"Albula","kantId":18,"kantName":"Graubünden"}},{"arcs":[[4866,4867,4868,4869,4870,4871,4872,4873,4874,-4866]],"type":"Polygon","properties":{"vogeId":3543,"vogeName":"Surses","bezkId":1841,"bezkName":"Albula","kantId":18,"kantName":"Graubünden"}},{"arcs":[[4875,4876,4877,4878,4879,4880,-4867,-4865,-4860]],"type":"Polygon","properties":{"vogeId":3544,"vogeName":"Bergün Filisur","bezkId":1841,"bezkName":"Albula","kantId":18,"kantName":"Graubünden"}},{"arcs":[[4881,4882]],"type":"Polygon","properties":{"vogeId":3551,"vogeName":"Brusio","bezkId":1842,"bezkName":"Bernina","kantId":18,"kantName":"Graubünden"}},{"arcs":[[4883,4884,-4882,4885]],"type":"Polygon","properties":{"vogeId":3561,"vogeName":"Poschiavo","bezkId":1842,"bezkName":"Bernina","kantId":18,"kantName":"Graubünden"}},{"arcs":[[4886,4887,4888]],"type":"Polygon","properties":{"vogeId":3572,"vogeName":"Falera","bezkId":1850,"bezkName":"Surselva","kantId":18,"kantName":"Graubünden"}},{"arcs":[[-3450,4889,4890,-4887,4891]],"type":"Polygon","properties":{"vogeId":3575,"vogeName":"Laax","bezkId":1850,"bezkName":"Surselva","kantId":18,"kantName":"Graubünden"}},{"arcs":[[4892,4893,4894,4895,-4891]],"type":"Polygon","properties":{"vogeId":3581,"vogeName":"Sagogn","bezkId":1850,"bezkName":"Surselva","kantId":18,"kantName":"Graubünden"}},{"arcs":[[-4888,-4896,4896]],"type":"Polygon","properties":{"vogeId":3582,"vogeName":"Schluein","bezkId":1850,"bezkName":"Surselva","kantId":18,"kantName":"Graubünden"}},{"arcs":[[4897,4898,4899,4900]],"type":"Polygon","properties":{"vogeId":3603,"vogeName":"Vals","bezkId":1850,"bezkName":"Surselva","kantId":18,"kantName":"Graubünden"}},{"arcs":[[-4900,4901,4902,4903,4904,4905]],"type":"Polygon","properties":{"vogeId":3618,"vogeName":"Lumnezia","bezkId":1850,"bezkName":"Surselva","kantId":18,"kantName":"Graubünden"}},{"arcs":[[-4895,4906,-4906,4907,4908,-3451,-4892,-4889,-4897]],"type":"Polygon","properties":{"vogeId":3619,"vogeName":"Ilanz/Glion","bezkId":1850,"bezkName":"Surselva","kantId":18,"kantName":"Graubünden"}},{"arcs":[[4909,4910,4911,4912,4913]],"type":"Polygon","properties":{"vogeId":3633,"vogeName":"Fürstenau","bezkId":1851,"bezkName":"Viamala","kantId":18,"kantName":"Graubünden"}},{"arcs":[[4914,4915,4916,4917]],"type":"Polygon","properties":{"vogeId":3637,"vogeName":"Rothenbrunnen","bezkId":1851,"bezkName":"Viamala","kantId":18,"kantName":"Graubünden"}},{"arcs":[[4918,-4854,4919,-4910]],"type":"Polygon","properties":{"vogeId":3638,"vogeName":"Scharans","bezkId":1851,"bezkName":"Viamala","kantId":18,"kantName":"Graubünden"}},{"arcs":[[-4911,-4920,-4853,4920,4921,4922,4923]],"type":"Polygon","properties":{"vogeId":3640,"vogeName":"Sils im Domleschg","bezkId":1851,"bezkName":"Viamala","kantId":18,"kantName":"Graubünden"}},{"arcs":[[-4917,4924,-4913,4925,4926,4927,4928,4929]],"type":"Polygon","properties":{"vogeId":3661,"vogeName":"Cazis","bezkId":1851,"bezkName":"Viamala","kantId":18,"kantName":"Graubünden"}},{"arcs":[[[4930,4931,4932]],[[4933,-4928,4934,4935]]],"type":"MultiPolygon","properties":{"vogeId":3662,"vogeName":"Flerden","bezkId":1851,"bezkName":"Viamala","kantId":18,"kantName":"Graubünden"}},{"arcs":[[4936,4937,-4935,-4927]],"type":"Polygon","properties":{"vogeId":3663,"vogeName":"Masein","bezkId":1851,"bezkName":"Viamala","kantId":18,"kantName":"Graubünden"}},{"arcs":[[[4938,-4921,-4852,-4863]],[[4939,4940,4941,-4937,-4926,-4912,-4924]]],"type":"MultiPolygon","properties":{"vogeId":3668,"vogeName":"Thusis","bezkId":1851,"bezkName":"Viamala","kantId":18,"kantName":"Graubünden"}},{"arcs":[[-4934,4942,-4933,4943,4944]],"type":"Polygon","properties":{"vogeId":3669,"vogeName":"Tschappina","bezkId":1851,"bezkName":"Viamala","kantId":18,"kantName":"Graubünden"}},{"arcs":[[-4936,-4938,-4942,4945,-4931,-4943]],"type":"Polygon","properties":{"vogeId":3670,"vogeName":"Urmein","bezkId":1851,"bezkName":"Viamala","kantId":18,"kantName":"Graubünden"}},{"arcs":[[-4894,4946,4947,4948,4949,-4929,-4945,4950,4951,4952,-4901,-4907]],"type":"Polygon","properties":{"vogeId":3672,"vogeName":"Safiental","bezkId":1850,"bezkName":"Surselva","kantId":18,"kantName":"Graubünden"}},{"arcs":[[-4916,4953,4954,-4855,-4919,-4914,-4925]],"type":"Polygon","properties":{"vogeId":3673,"vogeName":"Domleschg","bezkId":1851,"bezkName":"Viamala","kantId":18,"kantName":"Graubünden"}},{"arcs":[[4955,-4872,4956,4957]],"type":"Polygon","properties":{"vogeId":3681,"vogeName":"Avers","bezkId":1851,"bezkName":"Viamala","kantId":18,"kantName":"Graubünden"}},{"arcs":[[4958,4959,4960,4961,4962,-4952]],"type":"Polygon","properties":{"vogeId":3695,"vogeName":"Sufers","bezkId":1851,"bezkName":"Viamala","kantId":18,"kantName":"Graubünden"}},{"arcs":[[4963,-4960,4964,4965,-4874]],"type":"Polygon","properties":{"vogeId":3701,"vogeName":"Andeer","bezkId":1851,"bezkName":"Viamala","kantId":18,"kantName":"Graubünden"}},{"arcs":[[-4923,4966,4967,-4940]],"type":"Polygon","properties":{"vogeId":3711,"vogeName":"Rongellen","bezkId":1851,"bezkName":"Viamala","kantId":18,"kantName":"Graubünden"}},{"arcs":[[-4922,-4939,-4862,-4875,-4966,4968,-4967]],"type":"Polygon","properties":{"vogeId":3712,"vogeName":"Zillis-Reischen","bezkId":1851,"bezkName":"Viamala","kantId":18,"kantName":"Graubünden"}},{"arcs":[[-4964,-4873,-4956,4969,-4961]],"type":"Polygon","properties":{"vogeId":3713,"vogeName":"Ferrera","bezkId":1851,"bezkName":"Viamala","kantId":18,"kantName":"Graubünden"}},{"arcs":[[4970,4971,-4898,-4953,-4963,4972,4973]],"type":"Polygon","properties":{"vogeId":3714,"vogeName":"Rheinwald","bezkId":1851,"bezkName":"Viamala","kantId":18,"kantName":"Graubünden"}},{"arcs":[[-4965,-4959,-4951,-4944,-4932,-4946,-4941,-4968,-4969]],"type":"Polygon","properties":{"vogeId":3715,"vogeName":"Muntogna da Schons","bezkId":1851,"bezkName":"Viamala","kantId":18,"kantName":"Graubünden"}},{"arcs":[[4974,4975,4976,-4949,4977]],"type":"Polygon","properties":{"vogeId":3721,"vogeName":"Bonaduz","bezkId":1844,"bezkName":"Imboden","kantId":18,"kantName":"Graubünden"}},{"arcs":[[4978,4979,4980,-4954,-4915,4981,-4976,4982]],"type":"Polygon","properties":{"vogeId":3722,"vogeName":"Domat/Ems","bezkId":1844,"bezkName":"Imboden","kantId":18,"kantName":"Graubünden"}},{"arcs":[[-4982,-4918,-4930,-4950,-4977]],"type":"Polygon","properties":{"vogeId":3723,"vogeName":"Rhäzüns","bezkId":1844,"bezkName":"Imboden","kantId":18,"kantName":"Graubünden"}},{"arcs":[[-4734,4983,-4979,4984]],"type":"Polygon","properties":{"vogeId":3731,"vogeName":"Felsberg","bezkId":1844,"bezkName":"Imboden","kantId":18,"kantName":"Graubünden"}},{"arcs":[[-4737,4985,-4947,-4893,-4890,-3449]],"type":"Polygon","properties":{"vogeId":3732,"vogeName":"Flims","bezkId":1844,"bezkName":"Imboden","kantId":18,"kantName":"Graubünden"}},{"arcs":[[-4735,-4985,-4983,-4975,4986]],"type":"Polygon","properties":{"vogeId":3733,"vogeName":"Tamins","bezkId":1844,"bezkName":"Imboden","kantId":18,"kantName":"Graubünden"}},{"arcs":[[-4736,-4987,-4978,-4948,-4986]],"type":"Polygon","properties":{"vogeId":3734,"vogeName":"Trin","bezkId":1844,"bezkName":"Imboden","kantId":18,"kantName":"Graubünden"}},{"arcs":[[4987,4988,4989,4990,4991,4992,4993]],"type":"Polygon","properties":{"vogeId":3746,"vogeName":"Zernez","bezkId":1843,"bezkName":"Engiadina B./Val Müstair","kantId":18,"kantName":"Graubünden"}},{"arcs":[[4994,4995]],"type":"Polygon","properties":{"vogeId":3752,"vogeName":"Samnaun","bezkId":1843,"bezkName":"Engiadina B./Val Müstair","kantId":18,"kantName":"Graubünden"}},{"arcs":[[4996,4997,4998,4999,5000,5001,-4994]],"type":"Polygon","properties":{"vogeId":3762,"vogeName":"Scuol","bezkId":1843,"bezkName":"Engiadina B./Val Müstair","kantId":18,"kantName":"Graubünden"}},{"arcs":[[[5002,-5000,5003,-4996]],[[5004,-4998]]],"type":"MultiPolygon","properties":{"vogeId":3764,"vogeName":"Valsot","bezkId":1843,"bezkName":"Engiadina B./Val Müstair","kantId":18,"kantName":"Graubünden"}},{"arcs":[[[5005,5006,-4868,-4881,5007]],[[5008,5009]]],"type":"MultiPolygon","properties":{"vogeId":3781,"vogeName":"Bever","bezkId":1846,"bezkName":"Maloja","kantId":18,"kantName":"Graubünden"}},{"arcs":[[5010,5011,5012,5013]],"type":"Polygon","properties":{"vogeId":3782,"vogeName":"Celerina/Schlarigna","bezkId":1846,"bezkName":"Maloja","kantId":18,"kantName":"Graubünden"}},{"arcs":[[[5014,5015,5016]],[[5017,5018,5019,5020]]],"type":"MultiPolygon","properties":{"vogeId":3783,"vogeName":"Madulain","bezkId":1846,"bezkName":"Maloja","kantId":18,"kantName":"Graubünden"}},{"arcs":[[5021,5022,-5015,5023,5024,-4884,5025,5026,-5012]],"type":"Polygon","properties":{"vogeId":3784,"vogeName":"Pontresina","bezkId":1846,"bezkName":"Maloja","kantId":18,"kantName":"Graubünden"}},{"arcs":[[5027,-5018,5028,-5016,-5023,5029,-5010,-4879]],"type":"Polygon","properties":{"vogeId":3785,"vogeName":"La Punt Chamues-ch","bezkId":1846,"bezkName":"Maloja","kantId":18,"kantName":"Graubünden"}},{"arcs":[[[5030,5031,5032,5033,-5013,-5027]],[[-5030,-5022,-5011,5034,-5008,-4880,-5009]]],"type":"MultiPolygon","properties":{"vogeId":3786,"vogeName":"Samedan","bezkId":1846,"bezkName":"Maloja","kantId":18,"kantName":"Graubünden"}},{"arcs":[[-5014,-5034,5035,-5006,-5035]],"type":"Polygon","properties":{"vogeId":3787,"vogeName":"St. Moritz","bezkId":1846,"bezkName":"Maloja","kantId":18,"kantName":"Graubünden"}},{"arcs":[[-4990,5036,5037,-5020,5038,-4877,5039]],"type":"Polygon","properties":{"vogeId":3788,"vogeName":"S-chanf","bezkId":1846,"bezkName":"Maloja","kantId":18,"kantName":"Graubünden"}},{"arcs":[[5040,-5032,5041,5042,-4870]],"type":"Polygon","properties":{"vogeId":3789,"vogeName":"Sils im Engadin/Segl","bezkId":1846,"bezkName":"Maloja","kantId":18,"kantName":"Graubünden"}},{"arcs":[[-5007,-5036,-5033,-5041,-4869]],"type":"Polygon","properties":{"vogeId":3790,"vogeName":"Silvaplana","bezkId":1846,"bezkName":"Maloja","kantId":18,"kantName":"Graubünden"}},{"arcs":[[[5043,-5024,-5017,-5029,-5021,-5038]],[[-5028,-4878,-5039,-5019]]],"type":"MultiPolygon","properties":{"vogeId":3791,"vogeName":"Zuoz","bezkId":1846,"bezkName":"Maloja","kantId":18,"kantName":"Graubünden"}},{"arcs":[[-4957,-4871,-5043,5044]],"type":"Polygon","properties":{"vogeId":3792,"vogeName":"Bregaglia","bezkId":1846,"bezkName":"Maloja","kantId":18,"kantName":"Graubünden"}},{"arcs":[[5045,5046,5047,5048]],"type":"Polygon","properties":{"vogeId":3804,"vogeName":"Buseno","bezkId":1847,"bezkName":"Moesa","kantId":18,"kantName":"Graubünden"}},{"arcs":[[5049,5050,5051,-5048]],"type":"Polygon","properties":{"vogeId":3805,"vogeName":"Castaneda","bezkId":1847,"bezkName":"Moesa","kantId":18,"kantName":"Graubünden"}},{"arcs":[[5052,5053,5054,5055,5056]],"type":"Polygon","properties":{"vogeId":3808,"vogeName":"Rossa","bezkId":1847,"bezkName":"Moesa","kantId":18,"kantName":"Graubünden"}},{"arcs":[[5057,-5050,-5047,5058]],"type":"Polygon","properties":{"vogeId":3810,"vogeName":"Santa Maria in Calanca","bezkId":1847,"bezkName":"Moesa","kantId":18,"kantName":"Graubünden"}},{"arcs":[[5059,5060,5061,5062,5063,5064]],"type":"Polygon","properties":{"vogeId":3821,"vogeName":"Lostallo","bezkId":1847,"bezkName":"Moesa","kantId":18,"kantName":"Graubünden"}},{"arcs":[[5065,5066,-5054,5067,-4974]],"type":"Polygon","properties":{"vogeId":3822,"vogeName":"Mesocco","bezkId":1847,"bezkName":"Moesa","kantId":18,"kantName":"Graubünden"}},{"arcs":[[-5067,5068,-5060,5069,-5055]],"type":"Polygon","properties":{"vogeId":3823,"vogeName":"Soazza","bezkId":1847,"bezkName":"Moesa","kantId":18,"kantName":"Graubünden"}},{"arcs":[[-5063,5070,5071,5072]],"type":"Polygon","properties":{"vogeId":3831,"vogeName":"Cama","bezkId":1847,"bezkName":"Moesa","kantId":18,"kantName":"Graubünden"}},{"arcs":[[[5073,-5051,-5058,5074,-5064,-5073,5075]],[[-5062,5076,-5071]]],"type":"MultiPolygon","properties":{"vogeId":3832,"vogeName":"Grono","bezkId":1847,"bezkName":"Moesa","kantId":18,"kantName":"Graubünden"}},{"arcs":[[-5052,-5074,5077,5078,5079,5080,5081,5082]],"type":"Polygon","properties":{"vogeId":3834,"vogeName":"Roveredo (GR)","bezkId":1847,"bezkName":"Moesa","kantId":18,"kantName":"Graubünden"}},{"arcs":[[[5083,-5079]],[[-5083,5084,5085,5086,5087,-5049]]],"type":"MultiPolygon","properties":{"vogeId":3835,"vogeName":"San Vittore","bezkId":1847,"bezkName":"Moesa","kantId":18,"kantName":"Graubünden"}},{"arcs":[[-5046,-5088,5088,-5056,-5070,-5065,-5075,-5059]],"type":"Polygon","properties":{"vogeId":3837,"vogeName":"Calanca","bezkId":1847,"bezkName":"Moesa","kantId":18,"kantName":"Graubünden"}},{"arcs":[[-4988,-5002,5089]],"type":"Polygon","properties":{"vogeId":3847,"vogeName":"Val Müstair","bezkId":1843,"bezkName":"Engiadina B./Val Müstair","kantId":18,"kantName":"Graubünden"}},{"arcs":[[5090,5091,-4991,-5040,-4876,-4859]],"type":"Polygon","properties":{"vogeId":3851,"vogeName":"Davos","bezkId":1849,"bezkName":"Prättigau / Davos","kantId":18,"kantName":"Graubünden"}},{"arcs":[[5092,5093,5094,5095]],"type":"Polygon","properties":{"vogeId":3861,"vogeName":"Fideris","bezkId":1849,"bezkName":"Prättigau / Davos","kantId":18,"kantName":"Graubünden"}},{"arcs":[[5096,5097,5098,5099,5100]],"type":"Polygon","properties":{"vogeId":3862,"vogeName":"Furna","bezkId":1849,"bezkName":"Prättigau / Davos","kantId":18,"kantName":"Graubünden"}},{"arcs":[[5101,5102,-5093,5103,-5098]],"type":"Polygon","properties":{"vogeId":3863,"vogeName":"Jenaz","bezkId":1849,"bezkName":"Prättigau / Davos","kantId":18,"kantName":"Graubünden"}},{"arcs":[[5104,-4992,-5092,5105,5106,5107,5108]],"type":"Polygon","properties":{"vogeId":3871,"vogeName":"Klosters","bezkId":1849,"bezkName":"Prättigau / Davos","kantId":18,"kantName":"Graubünden"}},{"arcs":[[5109,-5107,5110,-5095]],"type":"Polygon","properties":{"vogeId":3881,"vogeName":"Conters im Prättigau","bezkId":1849,"bezkName":"Prättigau / Davos","kantId":18,"kantName":"Graubünden"}},{"arcs":[[-5108,-5110,5111]],"type":"Polygon","properties":{"vogeId":3882,"vogeName":"Küblis","bezkId":1849,"bezkName":"Prättigau / Davos","kantId":18,"kantName":"Graubünden"}},{"arcs":[[-5112,-5094,-5103,5112,5113,-5109]],"type":"Polygon","properties":{"vogeId":3891,"vogeName":"Luzein","bezkId":1849,"bezkName":"Prättigau / Davos","kantId":18,"kantName":"Graubünden"}},{"arcs":[[-4848,5114,-4980,-4984,-4733,5115,5116,5117]],"type":"Polygon","properties":{"vogeId":3901,"vogeName":"Chur","bezkId":1848,"bezkName":"Plessur","kantId":18,"kantName":"Graubünden"}},{"arcs":[[-4847,-4955,-4981,-5115]],"type":"Polygon","properties":{"vogeId":3911,"vogeName":"Churwalden","bezkId":1848,"bezkName":"Plessur","kantId":18,"kantName":"Graubünden"}},{"arcs":[[-4858,-4864,-4856,-4849,-5118,5118,-5099,-5104,-5096,-5111,-5106,-5091]],"type":"Polygon","properties":{"vogeId":3921,"vogeName":"Arosa","bezkId":1848,"bezkName":"Plessur","kantId":18,"kantName":"Graubünden"}},{"arcs":[[5119,-5100,-5119,-5117,5120,5121]],"type":"Polygon","properties":{"vogeId":3945,"vogeName":"Trimmis","bezkId":1845,"bezkName":"Landquart","kantId":18,"kantName":"Graubünden"}},{"arcs":[[5122,5123,-5121,-5116,-4732]],"type":"Polygon","properties":{"vogeId":3946,"vogeName":"Untervaz","bezkId":1845,"bezkName":"Landquart","kantId":18,"kantName":"Graubünden"}},{"arcs":[[5124,5125,5126,-5122,-5124]],"type":"Polygon","properties":{"vogeId":3947,"vogeName":"Zizers","bezkId":1845,"bezkName":"Landquart","kantId":18,"kantName":"Graubünden"}},{"arcs":[[[-4718,-4746,-4728,-4745,5127,5128]],[[5129,5130]]],"type":"MultiPolygon","properties":{"vogeId":3951,"vogeName":"Fläsch","bezkId":1845,"bezkName":"Landquart","kantId":18,"kantName":"Graubünden"}},{"arcs":[[5131,5132,5133]],"type":"Polygon","properties":{"vogeId":3952,"vogeName":"Jenins","bezkId":1845,"bezkName":"Landquart","kantId":18,"kantName":"Graubünden"}},{"arcs":[[5134,-5131,5135,5136,-5132,5137,5138,5139,-4719,-5129]],"type":"Polygon","properties":{"vogeId":3953,"vogeName":"Maienfeld","bezkId":1845,"bezkName":"Landquart","kantId":18,"kantName":"Graubünden"}},{"arcs":[[-5134,5140,5141,-5138]],"type":"Polygon","properties":{"vogeId":3954,"vogeName":"Malans","bezkId":1845,"bezkName":"Landquart","kantId":18,"kantName":"Graubünden"}},{"arcs":[[[-5126,-5139,-5142,5142]],[[-5123,-4731,-4720,-5140,-5125]]],"type":"MultiPolygon","properties":{"vogeId":3955,"vogeName":"Landquart","bezkId":1845,"bezkName":"Landquart","kantId":18,"kantName":"Graubünden"}},{"arcs":[[-5101,-5120,-5127,-5143,5143,5144]],"type":"Polygon","properties":{"vogeId":3961,"vogeName":"Grüsch","bezkId":1849,"bezkName":"Prättigau / Davos","kantId":18,"kantName":"Graubünden"}},{"arcs":[[5145,5146,-5113,-5102,-5097,-5145]],"type":"Polygon","properties":{"vogeId":3962,"vogeName":"Schiers","bezkId":1849,"bezkName":"Prättigau / Davos","kantId":18,"kantName":"Graubünden"}},{"arcs":[[5147,-5146,-5144,-5141,-5133,-5137]],"type":"Polygon","properties":{"vogeId":3972,"vogeName":"Seewis im Prättigau","bezkId":1849,"bezkName":"Prättigau / Davos","kantId":18,"kantName":"Graubünden"}},{"arcs":[[-4909,5148,5149,-3452]],"type":"Polygon","properties":{"vogeId":3981,"vogeName":"Breil/Brigels","bezkId":1850,"bezkName":"Surselva","kantId":18,"kantName":"Graubünden"}},{"arcs":[[-3455,5150,5151,5152,-3282]],"type":"Polygon","properties":{"vogeId":3982,"vogeName":"Disentis/Mustér","bezkId":1850,"bezkName":"Surselva","kantId":18,"kantName":"Graubünden"}},{"arcs":[[-5152,5153,-4903,5154,5155,5156]],"type":"Polygon","properties":{"vogeId":3983,"vogeName":"Medel (Lucmagn)","bezkId":1850,"bezkName":"Surselva","kantId":18,"kantName":"Graubünden"}},{"arcs":[[-3454,5157,5158,-4904,-5154,-5151]],"type":"Polygon","properties":{"vogeId":3985,"vogeName":"Sumvitg","bezkId":1850,"bezkName":"Surselva","kantId":18,"kantName":"Graubünden"}},{"arcs":[[-3283,-5153,-5157,5159,5160,-3227,-3257]],"type":"Polygon","properties":{"vogeId":3986,"vogeName":"Tujetsch","bezkId":1850,"bezkName":"Surselva","kantId":18,"kantName":"Graubünden"}},{"arcs":[[5161,-5158,-3453,-5150]],"type":"Polygon","properties":{"vogeId":3987,"vogeName":"Trun","bezkId":1850,"bezkName":"Surselva","kantId":18,"kantName":"Graubünden"}},{"arcs":[[-4905,-5159,-5162,-5149,-4908]],"type":"Polygon","properties":{"vogeId":3988,"vogeName":"Obersaxen Mundaun","bezkId":1850,"bezkName":"Surselva","kantId":18,"kantName":"Graubünden"}},{"arcs":[[5162,5163,5164,5165,5166,5167,-4128,-4039,5168]],"type":"Polygon","properties":{"vogeId":4001,"vogeName":"Aarau","bezkId":1901,"bezkName":"Aarau","kantId":19,"kantName":"Aargau"}},{"arcs":[[5169,5170,-5164,5171]],"type":"Polygon","properties":{"vogeId":4002,"vogeName":"Biberstein","bezkId":1901,"bezkName":"Aarau","kantId":19,"kantName":"Aargau"}},{"arcs":[[5172,5173,-5166]],"type":"Polygon","properties":{"vogeId":4003,"vogeName":"Buchs (AG)","bezkId":1901,"bezkName":"Aarau","kantId":19,"kantName":"Aargau"}},{"arcs":[[5174,5175,5176,5177,5178,5179]],"type":"Polygon","properties":{"vogeId":4004,"vogeName":"Densbüren","bezkId":1901,"bezkName":"Aarau","kantId":19,"kantName":"Aargau"}},{"arcs":[[5180,5181,-5169,-4043,-4007]],"type":"Polygon","properties":{"vogeId":4005,"vogeName":"Erlinsbach (AG)","bezkId":1901,"bezkName":"Aarau","kantId":19,"kantName":"Aargau"}},{"arcs":[[5182,5183,5184,5185,5186,5187,5188,5189]],"type":"Polygon","properties":{"vogeId":4006,"vogeName":"Gränichen","bezkId":1901,"bezkName":"Aarau","kantId":19,"kantName":"Aargau"}},{"arcs":[[5190,5191,5192,5193]],"type":"Polygon","properties":{"vogeId":4007,"vogeName":"Hirschthal","bezkId":1901,"bezkName":"Aarau","kantId":19,"kantName":"Aargau"}},{"arcs":[[-5178,5194,-5172,-5163,-5182,5195]],"type":"Polygon","properties":{"vogeId":4008,"vogeName":"Küttigen","bezkId":1901,"bezkName":"Aarau","kantId":19,"kantName":"Aargau"}},{"arcs":[[5196,-5188,5197,-5191,5198,5199]],"type":"Polygon","properties":{"vogeId":4009,"vogeName":"Muhen","bezkId":1901,"bezkName":"Aarau","kantId":19,"kantName":"Aargau"}},{"arcs":[[-4152,5200,5201,-5189,-5197,5202,-4133]],"type":"Polygon","properties":{"vogeId":4010,"vogeName":"Oberentfelden","bezkId":1901,"bezkName":"Aarau","kantId":19,"kantName":"Aargau"}},{"arcs":[[5203,5204,-5190,-5202,5205,-5167,-5174]],"type":"Polygon","properties":{"vogeId":4012,"vogeName":"Suhr","bezkId":1901,"bezkName":"Aarau","kantId":19,"kantName":"Aargau"}},{"arcs":[[-5168,-5206,-5201,-4151,-4129]],"type":"Polygon","properties":{"vogeId":4013,"vogeName":"Unterentfelden","bezkId":1901,"bezkName":"Aarau","kantId":19,"kantName":"Aargau"}},{"arcs":[[5206,5207,5208,5209,5210,5211,5212,5213]],"type":"Polygon","properties":{"vogeId":4021,"vogeName":"Baden","bezkId":1902,"bezkName":"Baden","kantId":19,"kantName":"Aargau"}},{"arcs":[[5214,-1783,5215,5216,5217,5218,5219]],"type":"Polygon","properties":{"vogeId":4022,"vogeName":"Bellikon","bezkId":1902,"bezkName":"Baden","kantId":19,"kantName":"Aargau"}},{"arcs":[[-1782,-1800,5220,5221,-5216]],"type":"Polygon","properties":{"vogeId":4023,"vogeName":"Bergdietikon","bezkId":1902,"bezkName":"Baden","kantId":19,"kantName":"Aargau"}},{"arcs":[[5222,-5211,5223,5224,5225,5226,5227]],"type":"Polygon","properties":{"vogeId":4024,"vogeName":"Birmenstorf (AG)","bezkId":1902,"bezkName":"Baden","kantId":19,"kantName":"Aargau"}},{"arcs":[[5228,5229,5230,-5207,5231]],"type":"Polygon","properties":{"vogeId":4026,"vogeName":"Ennetbaden","bezkId":1902,"bezkName":"Baden","kantId":19,"kantName":"Aargau"}},{"arcs":[[-5210,5232,5233,5234,5235,-5224]],"type":"Polygon","properties":{"vogeId":4027,"vogeName":"Fislisbach","bezkId":1902,"bezkName":"Baden","kantId":19,"kantName":"Aargau"}},{"arcs":[[5236,5237,-5229,5238]],"type":"Polygon","properties":{"vogeId":4028,"vogeName":"Freienwil","bezkId":1902,"bezkName":"Baden","kantId":19,"kantName":"Aargau"}},{"arcs":[[5239,-5212,-5223,5240,5241]],"type":"Polygon","properties":{"vogeId":4029,"vogeName":"Gebenstorf","bezkId":1902,"bezkName":"Baden","kantId":19,"kantName":"Aargau"}},{"arcs":[[5242,5243,5244,5245]],"type":"Polygon","properties":{"vogeId":4030,"vogeName":"Killwangen","bezkId":1902,"bezkName":"Baden","kantId":19,"kantName":"Aargau"}},{"arcs":[[5246,-5219,5247,5248,5249,5250]],"type":"Polygon","properties":{"vogeId":4031,"vogeName":"Künten","bezkId":1902,"bezkName":"Baden","kantId":19,"kantName":"Aargau"}},{"arcs":[[5251,5252,5253,5254,5255]],"type":"Polygon","properties":{"vogeId":4032,"vogeName":"Mägenwil","bezkId":1902,"bezkName":"Baden","kantId":19,"kantName":"Aargau"}},{"arcs":[[-5236,5256,5257,5258,5259,-5225]],"type":"Polygon","properties":{"vogeId":4033,"vogeName":"Mellingen","bezkId":1902,"bezkName":"Baden","kantId":19,"kantName":"Aargau"}},{"arcs":[[-5209,5260,5261,-5246,5262,-5233]],"type":"Polygon","properties":{"vogeId":4034,"vogeName":"Neuenhof","bezkId":1902,"bezkName":"Baden","kantId":19,"kantName":"Aargau"}},{"arcs":[[-5235,5263,5264,5265,-5257]],"type":"Polygon","properties":{"vogeId":4035,"vogeName":"Niederrohrdorf","bezkId":1902,"bezkName":"Baden","kantId":19,"kantName":"Aargau"}},{"arcs":[[-5234,-5263,-5245,5266,5267,-5264]],"type":"Polygon","properties":{"vogeId":4037,"vogeName":"Oberrohrdorf","bezkId":1902,"bezkName":"Baden","kantId":19,"kantName":"Aargau"}},{"arcs":[[5268,5269,5270,-5239,-5232,-5214,5271]],"type":"Polygon","properties":{"vogeId":4038,"vogeName":"Obersiggenthal","bezkId":1902,"bezkName":"Baden","kantId":19,"kantName":"Aargau"}},{"arcs":[[-5268,5272,-5220,-5247,5273,-5265]],"type":"Polygon","properties":{"vogeId":4039,"vogeName":"Remetschwil","bezkId":1902,"bezkName":"Baden","kantId":19,"kantName":"Aargau"}},{"arcs":[[5274,-1791,-1784,-5215,-5273,-5267,-5244]],"type":"Polygon","properties":{"vogeId":4040,"vogeName":"Spreitenbach","bezkId":1902,"bezkName":"Baden","kantId":19,"kantName":"Aargau"}},{"arcs":[[-5266,-5274,-5251,5275,5276,-5258]],"type":"Polygon","properties":{"vogeId":4041,"vogeName":"Stetten (AG)","bezkId":1902,"bezkName":"Baden","kantId":19,"kantName":"Aargau"}},{"arcs":[[5277,-5272,-5213,-5240,5278,5279]],"type":"Polygon","properties":{"vogeId":4044,"vogeName":"Untersiggenthal","bezkId":1902,"bezkName":"Baden","kantId":19,"kantName":"Aargau"}},{"arcs":[[-1542,-1553,5280,-5261,-5208,-5231,5281]],"type":"Polygon","properties":{"vogeId":4045,"vogeName":"Wettingen","bezkId":1902,"bezkName":"Baden","kantId":19,"kantName":"Aargau"}},{"arcs":[[-5260,5282,5283,-5253,5284]],"type":"Polygon","properties":{"vogeId":4046,"vogeName":"Wohlenschwil","bezkId":1902,"bezkName":"Baden","kantId":19,"kantName":"Aargau"}},{"arcs":[[5285,5286,5287,-5269,-5278,5288,5289]],"type":"Polygon","properties":{"vogeId":4047,"vogeName":"Würenlingen","bezkId":1902,"bezkName":"Baden","kantId":19,"kantName":"Aargau"}},{"arcs":[[-1552,-1528,-1792,-5275,-5243,-5262,-5281]],"type":"Polygon","properties":{"vogeId":4048,"vogeName":"Würenlos","bezkId":1902,"bezkName":"Baden","kantId":19,"kantName":"Aargau"}},{"arcs":[[-5238,5290,5291,-1543,-5282,-5230]],"type":"Polygon","properties":{"vogeId":4049,"vogeName":"Ehrendingen","bezkId":1902,"bezkName":"Baden","kantId":19,"kantName":"Aargau"}},{"arcs":[[5292,-1769,5293,-1322,5294,5295,5296]],"type":"Polygon","properties":{"vogeId":4061,"vogeName":"Arni (AG)","bezkId":1903,"bezkName":"Bremgarten","kantId":19,"kantName":"Aargau"}},{"arcs":[[5297,5298,-1774,5299,5300]],"type":"Polygon","properties":{"vogeId":4062,"vogeName":"Berikon","bezkId":1903,"bezkName":"Bremgarten","kantId":19,"kantName":"Aargau"}},{"arcs":[[5301,5302,5303,5304,5305,5306,5307,5308,5309]],"type":"Polygon","properties":{"vogeId":4063,"vogeName":"Bremgarten (AG)","bezkId":1903,"bezkName":"Bremgarten","kantId":19,"kantName":"Aargau"}},{"arcs":[[5310,5311,5312,5313,5314]],"type":"Polygon","properties":{"vogeId":4064,"vogeName":"Büttikon","bezkId":1903,"bezkName":"Bremgarten","kantId":19,"kantName":"Aargau"}},{"arcs":[[5315,5316,5317,5318,5319]],"type":"Polygon","properties":{"vogeId":4065,"vogeName":"Dottikon","bezkId":1903,"bezkName":"Bremgarten","kantId":19,"kantName":"Aargau"}},{"arcs":[[-5248,-5218,5320,-5302,5321]],"type":"Polygon","properties":{"vogeId":4066,"vogeName":"Eggenwil","bezkId":1903,"bezkName":"Bremgarten","kantId":19,"kantName":"Aargau"}},{"arcs":[[-5249,-5322,-5310,5322,5323]],"type":"Polygon","properties":{"vogeId":4067,"vogeName":"Fischbach-Göslikon","bezkId":1903,"bezkName":"Bremgarten","kantId":19,"kantName":"Aargau"}},{"arcs":[[-5254,-5284,5324,5325,5326,-5317,5327]],"type":"Polygon","properties":{"vogeId":4068,"vogeName":"Hägglingen","bezkId":1903,"bezkName":"Bremgarten","kantId":19,"kantName":"Aargau"}},{"arcs":[[5328,-5295,-1303,-1341,5329,5330]],"type":"Polygon","properties":{"vogeId":4071,"vogeName":"Jonen","bezkId":1903,"bezkName":"Bremgarten","kantId":19,"kantName":"Aargau"}},{"arcs":[[5331,-5276,-5250,-5324,5332,-5326]],"type":"Polygon","properties":{"vogeId":4072,"vogeName":"Niederwil (AG)","bezkId":1903,"bezkName":"Bremgarten","kantId":19,"kantName":"Aargau"}},{"arcs":[[-5296,-5329,5333,5334]],"type":"Polygon","properties":{"vogeId":4073,"vogeName":"Oberlunkhofen","bezkId":1903,"bezkName":"Bremgarten","kantId":19,"kantName":"Aargau"}},{"arcs":[[-5300,-1773,-1770,-5293,5335,5336]],"type":"Polygon","properties":{"vogeId":4074,"vogeName":"Oberwil-Lieli","bezkId":1903,"bezkName":"Bremgarten","kantId":19,"kantName":"Aargau"}},{"arcs":[[-5221,-1799,-1775,-5299,5337]],"type":"Polygon","properties":{"vogeId":4075,"vogeName":"Rudolfstetten-Friedlisberg","bezkId":1903,"bezkName":"Bremgarten","kantId":19,"kantName":"Aargau"}},{"arcs":[[5338,-5314,5339,5340,5341,5342,5343,5344]],"type":"Polygon","properties":{"vogeId":4076,"vogeName":"Sarmenstorf","bezkId":1903,"bezkName":"Bremgarten","kantId":19,"kantName":"Aargau"}},{"arcs":[[-5259,-5277,-5332,-5325,-5283]],"type":"Polygon","properties":{"vogeId":4077,"vogeName":"Tägerig","bezkId":1903,"bezkName":"Bremgarten","kantId":19,"kantName":"Aargau"}},{"arcs":[[5345,-5340,-5313]],"type":"Polygon","properties":{"vogeId":4078,"vogeName":"Uezwil","bezkId":1903,"bezkName":"Bremgarten","kantId":19,"kantName":"Aargau"}},{"arcs":[[5346,-5336,-5297,-5335,5347,-5304]],"type":"Polygon","properties":{"vogeId":4079,"vogeName":"Unterlunkhofen","bezkId":1903,"bezkName":"Bremgarten","kantId":19,"kantName":"Aargau"}},{"arcs":[[-5339,5348,5349,5350,-5319,5351,-5315]],"type":"Polygon","properties":{"vogeId":4080,"vogeName":"Villmergen","bezkId":1903,"bezkName":"Bremgarten","kantId":19,"kantName":"Aargau"}},{"arcs":[[-5222,-5338,-5298,5352,-5321,-5217]],"type":"Polygon","properties":{"vogeId":4081,"vogeName":"Widen","bezkId":1903,"bezkName":"Bremgarten","kantId":19,"kantName":"Aargau"}},{"arcs":[[-5327,-5333,-5323,-5309,5353,-5311,-5352,-5318]],"type":"Polygon","properties":{"vogeId":4082,"vogeName":"Wohlen (AG)","bezkId":1903,"bezkName":"Bremgarten","kantId":19,"kantName":"Aargau"}},{"arcs":[[-5353,-5301,-5337,-5347,-5303]],"type":"Polygon","properties":{"vogeId":4083,"vogeName":"Zufikon","bezkId":1903,"bezkName":"Bremgarten","kantId":19,"kantName":"Aargau"}},{"arcs":[[-1768,-1313,-1320,-5294]],"type":"Polygon","properties":{"vogeId":4084,"vogeName":"Islisberg","bezkId":1903,"bezkName":"Bremgarten","kantId":19,"kantName":"Aargau"}},{"arcs":[[5354,5355,5356,5357,-5171,5358]],"type":"Polygon","properties":{"vogeId":4091,"vogeName":"Auenstein","bezkId":1904,"bezkName":"Brugg","kantId":19,"kantName":"Aargau"}},{"arcs":[[5359,5360,5361,5362]],"type":"Polygon","properties":{"vogeId":4092,"vogeName":"Birr","bezkId":1904,"bezkName":"Brugg","kantId":19,"kantName":"Aargau"}},{"arcs":[[5363,-5226,-5285,-5252,5364,-5360,5365]],"type":"Polygon","properties":{"vogeId":4093,"vogeName":"Birrhard","bezkId":1904,"bezkName":"Brugg","kantId":19,"kantName":"Aargau"}},{"arcs":[[5366,5367,5368,5369,-5279,-5242,5370,5371,5372,5373,5374,5375]],"type":"Polygon","properties":{"vogeId":4095,"vogeName":"Brugg","bezkId":1904,"bezkName":"Brugg","kantId":19,"kantName":"Aargau"}},{"arcs":[[5376,5377,-5373]],"type":"Polygon","properties":{"vogeId":4099,"vogeName":"Habsburg","bezkId":1904,"bezkName":"Brugg","kantId":19,"kantName":"Aargau"}},{"arcs":[[-5372,5378,5379,5380,-5377]],"type":"Polygon","properties":{"vogeId":4100,"vogeName":"Hausen (AG)","bezkId":1904,"bezkName":"Brugg","kantId":19,"kantName":"Aargau"}},{"arcs":[[-5381,5381,-5366,-5363,5382,5383,-5374,-5378]],"type":"Polygon","properties":{"vogeId":4104,"vogeName":"Lupfig","bezkId":1904,"bezkName":"Brugg","kantId":19,"kantName":"Aargau"}},{"arcs":[[5384,5385,5386,5387]],"type":"Polygon","properties":{"vogeId":4105,"vogeName":"Mandach","bezkId":1904,"bezkName":"Brugg","kantId":19,"kantName":"Aargau"}},{"arcs":[[5388,5389,5390,5391,5392]],"type":"Polygon","properties":{"vogeId":4106,"vogeName":"Mönthal","bezkId":1904,"bezkName":"Brugg","kantId":19,"kantName":"Aargau"}},{"arcs":[[5393,-5227,-5364,-5382,-5380]],"type":"Polygon","properties":{"vogeId":4107,"vogeName":"Mülligen","bezkId":1904,"bezkName":"Brugg","kantId":19,"kantName":"Aargau"}},{"arcs":[[5394,5395,5396,5397,5398,-5390,5399]],"type":"Polygon","properties":{"vogeId":4110,"vogeName":"Remigen","bezkId":1904,"bezkName":"Brugg","kantId":19,"kantName":"Aargau"}},{"arcs":[[-5398,5400,-5368,5401]],"type":"Polygon","properties":{"vogeId":4111,"vogeName":"Riniken","bezkId":1904,"bezkName":"Brugg","kantId":19,"kantName":"Aargau"}},{"arcs":[[5402,-5369,-5401,-5397]],"type":"Polygon","properties":{"vogeId":4112,"vogeName":"Rüfenach","bezkId":1904,"bezkName":"Brugg","kantId":19,"kantName":"Aargau"}},{"arcs":[[5403,5404,-5359,-5170,-5195,-5177]],"type":"Polygon","properties":{"vogeId":4117,"vogeName":"Thalheim (AG)","bezkId":1904,"bezkName":"Brugg","kantId":19,"kantName":"Aargau"}},{"arcs":[[5405,5406,-5356,5407]],"type":"Polygon","properties":{"vogeId":4120,"vogeName":"Veltheim (AG)","bezkId":1904,"bezkName":"Brugg","kantId":19,"kantName":"Aargau"}},{"arcs":[[-5280,-5370,-5403,-5396,5408,-5387,5409,-5289]],"type":"Polygon","properties":{"vogeId":4121,"vogeName":"Villigen","bezkId":1904,"bezkName":"Brugg","kantId":19,"kantName":"Aargau"}},{"arcs":[[-5371,-5241,-5228,-5394,-5379]],"type":"Polygon","properties":{"vogeId":4123,"vogeName":"Windisch","bezkId":1904,"bezkName":"Brugg","kantId":19,"kantName":"Aargau"}},{"arcs":[[-5391,-5399,-5402,-5367,5410,5411,5412]],"type":"Polygon","properties":{"vogeId":4124,"vogeName":"Bözberg","bezkId":1904,"bezkName":"Brugg","kantId":19,"kantName":"Aargau"}},{"arcs":[[-5355,-5405,5413,-5411,-5376,-5408]],"type":"Polygon","properties":{"vogeId":4125,"vogeName":"Schinznach","bezkId":1904,"bezkName":"Brugg","kantId":19,"kantName":"Aargau"}},{"arcs":[[5414,5415,-3100,5416,5417]],"type":"Polygon","properties":{"vogeId":4131,"vogeName":"Beinwil am See","bezkId":1905,"bezkName":"Kulm","kantId":19,"kantName":"Aargau"}},{"arcs":[[5418,5419,-5415,5420,5421,5422]],"type":"Polygon","properties":{"vogeId":4132,"vogeName":"Birrwil","bezkId":1905,"bezkName":"Kulm","kantId":19,"kantName":"Aargau"}},{"arcs":[[5423,5424,5425,5426,5427,5428,5429,5430]],"type":"Polygon","properties":{"vogeId":4134,"vogeName":"Dürrenäsch","bezkId":1905,"bezkName":"Kulm","kantId":19,"kantName":"Aargau"}},{"arcs":[[5431,5432,5433,5434,-3151,5435]],"type":"Polygon","properties":{"vogeId":4135,"vogeName":"Gontenschwil","bezkId":1905,"bezkName":"Kulm","kantId":19,"kantName":"Aargau"}},{"arcs":[[-5199,-5194,5436,5437,5438]],"type":"Polygon","properties":{"vogeId":4136,"vogeName":"Holziken","bezkId":1905,"bezkName":"Kulm","kantId":19,"kantName":"Aargau"}},{"arcs":[[5439,5440,-5434]],"type":"Polygon","properties":{"vogeId":4137,"vogeName":"Leimbach (AG)","bezkId":1905,"bezkName":"Kulm","kantId":19,"kantName":"Aargau"}},{"arcs":[[5441,-5423,5442,-5427]],"type":"Polygon","properties":{"vogeId":4138,"vogeName":"Leutwil","bezkId":1905,"bezkName":"Kulm","kantId":19,"kantName":"Aargau"}},{"arcs":[[-3148,5443,-5417,-3099]],"type":"Polygon","properties":{"vogeId":4139,"vogeName":"Menziken","bezkId":1905,"bezkName":"Kulm","kantId":19,"kantName":"Aargau"}},{"arcs":[[5444,-5429,5445,-5432,5446,5447]],"type":"Polygon","properties":{"vogeId":4140,"vogeName":"Oberkulm","bezkId":1905,"bezkName":"Kulm","kantId":19,"kantName":"Aargau"}},{"arcs":[[5448,-5421,-5418,-5444,-3147,-5435,-5441]],"type":"Polygon","properties":{"vogeId":4141,"vogeName":"Reinach (AG)","bezkId":1905,"bezkName":"Kulm","kantId":19,"kantName":"Aargau"}},{"arcs":[[5449,-5448,5450,5451,5452,5453]],"type":"Polygon","properties":{"vogeId":4142,"vogeName":"Schlossrued","bezkId":1905,"bezkName":"Kulm","kantId":19,"kantName":"Aargau"}},{"arcs":[[-5447,-5436,-3150,-3156,-3160,5454,5455,-5451]],"type":"Polygon","properties":{"vogeId":4143,"vogeName":"Schmiedrued","bezkId":1905,"bezkName":"Kulm","kantId":19,"kantName":"Aargau"}},{"arcs":[[-5193,5456,-5454,5457,5458,-5437]],"type":"Polygon","properties":{"vogeId":4144,"vogeName":"Schöftland","bezkId":1905,"bezkName":"Kulm","kantId":19,"kantName":"Aargau"}},{"arcs":[[-5186,5459,-5431,5460]],"type":"Polygon","properties":{"vogeId":4145,"vogeName":"Teufenthal (AG)","bezkId":1905,"bezkName":"Kulm","kantId":19,"kantName":"Aargau"}},{"arcs":[[-5187,-5461,-5430,-5445,-5450,-5457,-5192,-5198]],"type":"Polygon","properties":{"vogeId":4146,"vogeName":"Unterkulm","bezkId":1905,"bezkName":"Kulm","kantId":19,"kantName":"Aargau"}},{"arcs":[[-5428,-5443,-5422,-5449,-5440,-5433,-5446]],"type":"Polygon","properties":{"vogeId":4147,"vogeName":"Zetzwil","bezkId":1905,"bezkName":"Kulm","kantId":19,"kantName":"Aargau"}},{"arcs":[[5461,5462,5463,5464,5465,5466]],"type":"Polygon","properties":{"vogeId":4161,"vogeName":"Eiken","bezkId":1906,"bezkName":"Laufenburg","kantId":19,"kantName":"Aargau"}},{"arcs":[[-5465,5467,5468,5469,5470,5471,5472]],"type":"Polygon","properties":{"vogeId":4163,"vogeName":"Frick","bezkId":1906,"bezkName":"Laufenburg","kantId":19,"kantName":"Aargau"}},{"arcs":[[5473,-5400,-5389,5474]],"type":"Polygon","properties":{"vogeId":4164,"vogeName":"Gansingen","bezkId":1906,"bezkName":"Laufenburg","kantId":19,"kantName":"Aargau"}},{"arcs":[[5475,-5472,5476,5477,5478]],"type":"Polygon","properties":{"vogeId":4165,"vogeName":"Gipf-Oberfrick","bezkId":1906,"bezkName":"Laufenburg","kantId":19,"kantName":"Aargau"}},{"arcs":[[5479,-5469,5480,-5463,5481,5482]],"type":"Polygon","properties":{"vogeId":4169,"vogeName":"Kaisten","bezkId":1906,"bezkName":"Laufenburg","kantId":19,"kantName":"Aargau"}},{"arcs":[[5483,5484,-5475,-5393,5485,-5483]],"type":"Polygon","properties":{"vogeId":4170,"vogeName":"Laufenburg","bezkId":1906,"bezkName":"Laufenburg","kantId":19,"kantName":"Aargau"}},{"arcs":[[5486,-5467,5487,5488,5489]],"type":"Polygon","properties":{"vogeId":4172,"vogeName":"Münchwilen (AG)","bezkId":1906,"bezkName":"Laufenburg","kantId":19,"kantName":"Aargau"}},{"arcs":[[5490,-5179,-5196,-5181,-4006]],"type":"Polygon","properties":{"vogeId":4173,"vogeName":"Oberhof","bezkId":1906,"bezkName":"Laufenburg","kantId":19,"kantName":"Aargau"}},{"arcs":[[-5464,-5481,-5468]],"type":"Polygon","properties":{"vogeId":4175,"vogeName":"Oeschgen","bezkId":1906,"bezkName":"Laufenburg","kantId":19,"kantName":"Aargau"}},{"arcs":[[5491,5492,5493]],"type":"Polygon","properties":{"vogeId":4176,"vogeName":"Schwaderloch","bezkId":1906,"bezkName":"Laufenburg","kantId":19,"kantName":"Aargau"}},{"arcs":[[5494,-5462,-5487,5495]],"type":"Polygon","properties":{"vogeId":4177,"vogeName":"Sisseln","bezkId":1906,"bezkName":"Laufenburg","kantId":19,"kantName":"Aargau"}},{"arcs":[[5496,-5479,5497,-4004,-4326,-4392]],"type":"Polygon","properties":{"vogeId":4181,"vogeName":"Wittnau","bezkId":1906,"bezkName":"Laufenburg","kantId":19,"kantName":"Aargau"}},{"arcs":[[-5478,5498,-5180,-5491,-4005,-5498]],"type":"Polygon","properties":{"vogeId":4182,"vogeName":"Wölflinswil","bezkId":1906,"bezkName":"Laufenburg","kantId":19,"kantName":"Aargau"}},{"arcs":[[5499,-5412,-5414,-5404,-5176,5500]],"type":"Polygon","properties":{"vogeId":4183,"vogeName":"Zeihen","bezkId":1906,"bezkName":"Laufenburg","kantId":19,"kantName":"Aargau"}},{"arcs":[[-5409,-5395,-5474,-5485,5501,-5494,5502,5503,-5388]],"type":"Polygon","properties":{"vogeId":4184,"vogeName":"Mettauertal","bezkId":1906,"bezkName":"Laufenburg","kantId":19,"kantName":"Aargau"}},{"arcs":[[-5413,-5500,5504,-5470,-5480,-5486,-5392]],"type":"Polygon","properties":{"vogeId":4185,"vogeName":"Böztal","bezkId":1906,"bezkName":"Laufenburg","kantId":19,"kantName":"Aargau"}},{"arcs":[[-5175,-5499,-5477,-5471,-5505,-5501]],"type":"Polygon","properties":{"vogeId":4186,"vogeName":"Herznach-Ueken","bezkId":1906,"bezkName":"Laufenburg","kantId":19,"kantName":"Aargau"}},{"arcs":[[5505,5506,5507,5508]],"type":"Polygon","properties":{"vogeId":4191,"vogeName":"Ammerswil","bezkId":1907,"bezkName":"Lenzburg","kantId":19,"kantName":"Aargau"}},{"arcs":[[5509,5510,5511,-5419,-5442,-5426]],"type":"Polygon","properties":{"vogeId":4192,"vogeName":"Boniswil","bezkId":1907,"bezkName":"Lenzburg","kantId":19,"kantName":"Aargau"}},{"arcs":[[-5365,-5256,5512,5513,-5361]],"type":"Polygon","properties":{"vogeId":4193,"vogeName":"Brunegg","bezkId":1907,"bezkName":"Lenzburg","kantId":19,"kantName":"Aargau"}},{"arcs":[[5514,-5350,5515,-5507]],"type":"Polygon","properties":{"vogeId":4194,"vogeName":"Dintikon","bezkId":1907,"bezkName":"Lenzburg","kantId":19,"kantName":"Aargau"}},{"arcs":[[5516,-5508,-5516,5517,5518]],"type":"Polygon","properties":{"vogeId":4195,"vogeName":"Egliswil","bezkId":1907,"bezkName":"Lenzburg","kantId":19,"kantName":"Aargau"}},{"arcs":[[-5343,5519,-3040,-2979,5520,5521]],"type":"Polygon","properties":{"vogeId":4196,"vogeName":"Fahrwangen","bezkId":1907,"bezkName":"Lenzburg","kantId":19,"kantName":"Aargau"}},{"arcs":[[5522,5523,-5510,-5425]],"type":"Polygon","properties":{"vogeId":4197,"vogeName":"Hallwil","bezkId":1907,"bezkName":"Lenzburg","kantId":19,"kantName":"Aargau"}},{"arcs":[[5524,-5320,-5351,-5515,-5506,5525]],"type":"Polygon","properties":{"vogeId":4198,"vogeName":"Hendschiken","bezkId":1907,"bezkName":"Lenzburg","kantId":19,"kantName":"Aargau"}},{"arcs":[[-5375,-5384,5526,-5406]],"type":"Polygon","properties":{"vogeId":4199,"vogeName":"Holderbank (AG)","bezkId":1907,"bezkName":"Lenzburg","kantId":19,"kantName":"Aargau"}},{"arcs":[[5527,5528,-5183,-5205]],"type":"Polygon","properties":{"vogeId":4200,"vogeName":"Hunzenschwil","bezkId":1907,"bezkName":"Lenzburg","kantId":19,"kantName":"Aargau"}},{"arcs":[[5529,5530,-5526,-5509,-5517,5531,5532,5533,5534]],"type":"Polygon","properties":{"vogeId":4201,"vogeName":"Lenzburg","bezkId":1907,"bezkName":"Lenzburg","kantId":19,"kantName":"Aargau"}},{"arcs":[[5535,-5344,-5522,5536]],"type":"Polygon","properties":{"vogeId":4202,"vogeName":"Meisterschwanden","bezkId":1907,"bezkName":"Lenzburg","kantId":19,"kantName":"Aargau"}},{"arcs":[[-5383,-5362,-5514,5537,-5530,5538,5539,-5357,-5407,-5527]],"type":"Polygon","properties":{"vogeId":4203,"vogeName":"Möriken-Wildegg","bezkId":1907,"bezkName":"Lenzburg","kantId":19,"kantName":"Aargau"}},{"arcs":[[-5539,-5535,5540]],"type":"Polygon","properties":{"vogeId":4204,"vogeName":"Niederlenz","bezkId":1907,"bezkName":"Lenzburg","kantId":19,"kantName":"Aargau"}},{"arcs":[[-5513,-5255,-5328,-5316,-5525,-5531,-5538]],"type":"Polygon","properties":{"vogeId":4205,"vogeName":"Othmarsingen","bezkId":1907,"bezkName":"Lenzburg","kantId":19,"kantName":"Aargau"}},{"arcs":[[-5358,-5540,-5541,-5534,5541,5542,-5528,-5204,-5173,-5165]],"type":"Polygon","properties":{"vogeId":4206,"vogeName":"Rupperswil","bezkId":1907,"bezkName":"Lenzburg","kantId":19,"kantName":"Aargau"}},{"arcs":[[-5543,5543,5544,-5184,-5529]],"type":"Polygon","properties":{"vogeId":4207,"vogeName":"Schafisheim","bezkId":1907,"bezkName":"Lenzburg","kantId":19,"kantName":"Aargau"}},{"arcs":[[-5518,-5349,-5345,-5536,5545,-5511,-5524,5546]],"type":"Polygon","properties":{"vogeId":4208,"vogeName":"Seengen","bezkId":1907,"bezkName":"Lenzburg","kantId":19,"kantName":"Aargau"}},{"arcs":[[5547,-5532,-5519,-5547,-5523,-5424,-5460,-5185,-5545]],"type":"Polygon","properties":{"vogeId":4209,"vogeName":"Seon","bezkId":1907,"bezkName":"Lenzburg","kantId":19,"kantName":"Aargau"}},{"arcs":[[-5542,-5533,-5548,-5544]],"type":"Polygon","properties":{"vogeId":4210,"vogeName":"Staufen","bezkId":1907,"bezkName":"Lenzburg","kantId":19,"kantName":"Aargau"}},{"arcs":[[5548,-3020]],"type":"Polygon","properties":{"vogeId":4221,"vogeName":"Abtwil","bezkId":1908,"bezkName":"Muri","kantId":19,"kantName":"Aargau"}},{"arcs":[[5549,5550,-5330,-1343,5551,5552,5553]],"type":"Polygon","properties":{"vogeId":4222,"vogeName":"Aristau","bezkId":1908,"bezkName":"Muri","kantId":19,"kantName":"Aargau"}},{"arcs":[[5554,5555,-3018,5556]],"type":"Polygon","properties":{"vogeId":4223,"vogeName":"Auw","bezkId":1908,"bezkName":"Muri","kantId":19,"kantName":"Aargau"}},{"arcs":[[5557,5558,5559,-5557,-3023,-3011]],"type":"Polygon","properties":{"vogeId":4224,"vogeName":"Beinwil (Freiamt)","bezkId":1908,"bezkName":"Muri","kantId":19,"kantName":"Aargau"}},{"arcs":[[-5306,5560,-5550,5561,5562]],"type":"Polygon","properties":{"vogeId":4226,"vogeName":"Besenbüren","bezkId":1908,"bezkName":"Muri","kantId":19,"kantName":"Aargau"}},{"arcs":[[-5342,5563,5564,5565,-3038,-5520]],"type":"Polygon","properties":{"vogeId":4227,"vogeName":"Bettwil","bezkId":1908,"bezkName":"Muri","kantId":19,"kantName":"Aargau"}},{"arcs":[[5566,5567,-5562,-5554,5568,5569,-5565,5570]],"type":"Polygon","properties":{"vogeId":4228,"vogeName":"Boswil","bezkId":1908,"bezkName":"Muri","kantId":19,"kantName":"Aargau"}},{"arcs":[[5571,-5307,-5563,-5568]],"type":"Polygon","properties":{"vogeId":4229,"vogeName":"Bünzen","bezkId":1908,"bezkName":"Muri","kantId":19,"kantName":"Aargau"}},{"arcs":[[-5570,5572,5573,-3009,-3039,-5566]],"type":"Polygon","properties":{"vogeId":4230,"vogeName":"Buttwil","bezkId":1908,"bezkName":"Muri","kantId":19,"kantName":"Aargau"}},{"arcs":[[-3468,-3479,-3084,-3025,5574,5575]],"type":"Polygon","properties":{"vogeId":4231,"vogeName":"Dietwil","bezkId":1908,"bezkName":"Muri","kantId":19,"kantName":"Aargau"}},{"arcs":[[-5574,5576,5577,-5558,-3010]],"type":"Polygon","properties":{"vogeId":4232,"vogeName":"Geltwil","bezkId":1908,"bezkName":"Muri","kantId":19,"kantName":"Aargau"}},{"arcs":[[5578,-5571,-5564,-5341,-5346]],"type":"Polygon","properties":{"vogeId":4233,"vogeName":"Kallern","bezkId":1908,"bezkName":"Muri","kantId":19,"kantName":"Aargau"}},{"arcs":[[5579,-5552,-1342,-1340,-3465,5580,-5559,-5578]],"type":"Polygon","properties":{"vogeId":4234,"vogeName":"Merenschwand","bezkId":1908,"bezkName":"Muri","kantId":19,"kantName":"Aargau"}},{"arcs":[[-3471,5581,-5555,-5560,-5581]],"type":"Polygon","properties":{"vogeId":4235,"vogeName":"Mühlau","bezkId":1908,"bezkName":"Muri","kantId":19,"kantName":"Aargau"}},{"arcs":[[-5569,-5553,-5580,-5577,-5573]],"type":"Polygon","properties":{"vogeId":4236,"vogeName":"Muri (AG)","bezkId":1908,"bezkName":"Muri","kantId":19,"kantName":"Aargau"}},{"arcs":[[5582,-3469,-5576]],"type":"Polygon","properties":{"vogeId":4237,"vogeName":"Oberrüti","bezkId":1908,"bezkName":"Muri","kantId":19,"kantName":"Aargau"}},{"arcs":[[-5305,-5348,-5334,-5331,-5551,-5561]],"type":"Polygon","properties":{"vogeId":4238,"vogeName":"Rottenschwil","bezkId":1908,"bezkName":"Muri","kantId":19,"kantName":"Aargau"}},{"arcs":[[-5582,-3470,-5583,-5575,-3024,-2984,-3021,-5549,-3019,-5556]],"type":"Polygon","properties":{"vogeId":4239,"vogeName":"Sins","bezkId":1908,"bezkName":"Muri","kantId":19,"kantName":"Aargau"}},{"arcs":[[-5308,-5572,-5567,-5579,-5312,-5354]],"type":"Polygon","properties":{"vogeId":4240,"vogeName":"Waltenschwil","bezkId":1908,"bezkName":"Muri","kantId":19,"kantName":"Aargau"}},{"arcs":[[5583,5584,5585,-4360,-4340,5586]],"type":"Polygon","properties":{"vogeId":4251,"vogeName":"Hellikon","bezkId":1909,"bezkName":"Rheinfelden","kantId":19,"kantName":"Aargau"}},{"arcs":[[5587,5588,-4307,-4287,5589]],"type":"Polygon","properties":{"vogeId":4252,"vogeName":"Kaiseraugst","bezkId":1909,"bezkName":"Rheinfelden","kantId":19,"kantName":"Aargau"}},{"arcs":[[5590,5591,-4378,-4409,-4380,5592]],"type":"Polygon","properties":{"vogeId":4253,"vogeName":"Magden","bezkId":1909,"bezkName":"Rheinfelden","kantId":19,"kantName":"Aargau"}},{"arcs":[[5593,5594,5595,-4375,-5592,5596]],"type":"Polygon","properties":{"vogeId":4254,"vogeName":"Möhlin","bezkId":1909,"bezkName":"Rheinfelden","kantId":19,"kantName":"Aargau"}},{"arcs":[[5597,5598,5599,5600,5601,5602]],"type":"Polygon","properties":{"vogeId":4255,"vogeName":"Mumpf","bezkId":1909,"bezkName":"Rheinfelden","kantId":19,"kantName":"Aargau"}},{"arcs":[[-5601,5603,-5489,5604,-5584,5605]],"type":"Polygon","properties":{"vogeId":4256,"vogeName":"Obermumpf","bezkId":1909,"bezkName":"Rheinfelden","kantId":19,"kantName":"Aargau"}},{"arcs":[[-4379,-4308,-4281,-5589,5606,-5593]],"type":"Polygon","properties":{"vogeId":4257,"vogeName":"Olsberg","bezkId":1909,"bezkName":"Rheinfelden","kantId":19,"kantName":"Aargau"}},{"arcs":[[5607,-5597,-5591,-5607,-5588]],"type":"Polygon","properties":{"vogeId":4258,"vogeName":"Rheinfelden","bezkId":1909,"bezkName":"Rheinfelden","kantId":19,"kantName":"Aargau"}},{"arcs":[[-5488,-5466,-5473,-5476,5608,-5585,-5605]],"type":"Polygon","properties":{"vogeId":4259,"vogeName":"Schupfart","bezkId":1909,"bezkName":"Rheinfelden","kantId":19,"kantName":"Aargau"}},{"arcs":[[-5496,-5490,-5604,-5600,5609]],"type":"Polygon","properties":{"vogeId":4260,"vogeName":"Stein (AG)","bezkId":1909,"bezkName":"Rheinfelden","kantId":19,"kantName":"Aargau"}},{"arcs":[[5610,-5598,5611,-5595]],"type":"Polygon","properties":{"vogeId":4261,"vogeName":"Wallbach","bezkId":1909,"bezkName":"Rheinfelden","kantId":19,"kantName":"Aargau"}},{"arcs":[[-5586,-5609,-5497,-4391,-4361]],"type":"Polygon","properties":{"vogeId":4262,"vogeName":"Wegenstetten","bezkId":1909,"bezkName":"Rheinfelden","kantId":19,"kantName":"Aargau"}},{"arcs":[[-5612,-5603,5612,-4338,-4376,-5596]],"type":"Polygon","properties":{"vogeId":4263,"vogeName":"Zeiningen","bezkId":1909,"bezkName":"Rheinfelden","kantId":19,"kantName":"Aargau"}},{"arcs":[[-5602,-5606,-5587,-4339,-5613]],"type":"Polygon","properties":{"vogeId":4264,"vogeName":"Zuzgen","bezkId":1909,"bezkName":"Rheinfelden","kantId":19,"kantName":"Aargau"}},{"arcs":[[-4154,5613,5614,-4147]],"type":"Polygon","properties":{"vogeId":4271,"vogeName":"Aarburg","bezkId":1910,"bezkName":"Zofingen","kantId":19,"kantName":"Aargau"}},{"arcs":[[5615,5616,5617,-3218,5618]],"type":"Polygon","properties":{"vogeId":4273,"vogeName":"Bottenwil","bezkId":1910,"bezkName":"Zofingen","kantId":19,"kantName":"Aargau"}},{"arcs":[[5619,-3220,-3209,-3205,5620,5621,5622]],"type":"Polygon","properties":{"vogeId":4274,"vogeName":"Brittnau","bezkId":1910,"bezkName":"Zofingen","kantId":19,"kantName":"Aargau"}},{"arcs":[[5623,-5452,-5456,5624]],"type":"Polygon","properties":{"vogeId":4275,"vogeName":"Kirchleerau","bezkId":1910,"bezkName":"Zofingen","kantId":19,"kantName":"Aargau"}},{"arcs":[[-5203,-5200,-5439,5625,5626,-4134]],"type":"Polygon","properties":{"vogeId":4276,"vogeName":"Kölliken","bezkId":1910,"bezkName":"Zofingen","kantId":19,"kantName":"Aargau"}},{"arcs":[[5627,-5625,-5455,-3164,5628]],"type":"Polygon","properties":{"vogeId":4277,"vogeName":"Moosleerau","bezkId":1910,"bezkName":"Zofingen","kantId":19,"kantName":"Aargau"}},{"arcs":[[-4119,5629,5630,-5621,-3208,-1934,-1953,-3910,-4131]],"type":"Polygon","properties":{"vogeId":4279,"vogeName":"Murgenthal","bezkId":1910,"bezkName":"Zofingen","kantId":19,"kantName":"Aargau"}},{"arcs":[[-4153,-4126,-4156,5631,5632,5633,-5614]],"type":"Polygon","properties":{"vogeId":4280,"vogeName":"Oftringen","bezkId":1910,"bezkName":"Zofingen","kantId":19,"kantName":"Aargau"}},{"arcs":[[5634,5635,-5629,-3163,-3211]],"type":"Polygon","properties":{"vogeId":4281,"vogeName":"Reitnau","bezkId":1910,"bezkName":"Zofingen","kantId":19,"kantName":"Aargau"}},{"arcs":[[-4148,-5615,-5634,5636,5637,-5630,-4118]],"type":"Polygon","properties":{"vogeId":4282,"vogeName":"Rothrist","bezkId":1910,"bezkName":"Zofingen","kantId":19,"kantName":"Aargau"}},{"arcs":[[-4135,-5627,5638,5639,-5632,-4155]],"type":"Polygon","properties":{"vogeId":4283,"vogeName":"Safenwil","bezkId":1910,"bezkName":"Zofingen","kantId":19,"kantName":"Aargau"}},{"arcs":[[-5458,-5453,-5624,-5628,-5636,5640,-5617,5641]],"type":"Polygon","properties":{"vogeId":4284,"vogeName":"Staffelbach","bezkId":1910,"bezkName":"Zofingen","kantId":19,"kantName":"Aargau"}},{"arcs":[[5642,-5623,5643,-5637]],"type":"Polygon","properties":{"vogeId":4285,"vogeName":"Strengelbach","bezkId":1910,"bezkName":"Zofingen","kantId":19,"kantName":"Aargau"}},{"arcs":[[-5626,-5438,-5459,-5642,-5616,5644,-5639]],"type":"Polygon","properties":{"vogeId":4286,"vogeName":"Uerkheim","bezkId":1910,"bezkName":"Zofingen","kantId":19,"kantName":"Aargau"}},{"arcs":[[-5638,-5644,-5622,-5631]],"type":"Polygon","properties":{"vogeId":4287,"vogeName":"Vordemwald","bezkId":1910,"bezkName":"Zofingen","kantId":19,"kantName":"Aargau"}},{"arcs":[[-5618,-5641,-5635,-3219]],"type":"Polygon","properties":{"vogeId":4288,"vogeName":"Wiliberg","bezkId":1910,"bezkName":"Zofingen","kantId":19,"kantName":"Aargau"}},{"arcs":[[-5640,-5645,-5619,-3217,-5620,-5643,-5633]],"type":"Polygon","properties":{"vogeId":4289,"vogeName":"Zofingen","bezkId":1910,"bezkName":"Zofingen","kantId":19,"kantName":"Aargau"}},{"arcs":[[5645,5646,-5290,-5410,-5386,5647]],"type":"Polygon","properties":{"vogeId":4303,"vogeName":"Böttstein","bezkId":1911,"bezkName":"Zurzach","kantId":19,"kantName":"Aargau"}},{"arcs":[[5648,5649,-5286,-5647,5650]],"type":"Polygon","properties":{"vogeId":4304,"vogeName":"Döttingen","bezkId":1911,"bezkName":"Zurzach","kantId":19,"kantName":"Aargau"}},{"arcs":[[5651,-5270,-5288,5652,5653]],"type":"Polygon","properties":{"vogeId":4305,"vogeName":"Endingen","bezkId":1911,"bezkName":"Zurzach","kantId":19,"kantName":"Aargau"}},{"arcs":[[5654,5655,-1565,-1505,5656,5657]],"type":"Polygon","properties":{"vogeId":4306,"vogeName":"Fisibach","bezkId":1911,"bezkName":"Zurzach","kantId":19,"kantName":"Aargau"}},{"arcs":[[5658,5659,5660]],"type":"Polygon","properties":{"vogeId":4307,"vogeName":"Full-Reuenthal","bezkId":1911,"bezkName":"Zurzach","kantId":19,"kantName":"Aargau"}},{"arcs":[[5661,5662,-5651,-5646,5663]],"type":"Polygon","properties":{"vogeId":4309,"vogeName":"Klingnau","bezkId":1911,"bezkName":"Zurzach","kantId":19,"kantName":"Aargau"}},{"arcs":[[5664,5665,-5662,5666]],"type":"Polygon","properties":{"vogeId":4310,"vogeName":"Koblenz","bezkId":1911,"bezkName":"Zurzach","kantId":19,"kantName":"Aargau"}},{"arcs":[[5667,-5661,5668,-5503,-5493]],"type":"Polygon","properties":{"vogeId":4311,"vogeName":"Leibstadt","bezkId":1911,"bezkName":"Zurzach","kantId":19,"kantName":"Aargau"}},{"arcs":[[5669,-5291,-5237,-5271,-5652,5670]],"type":"Polygon","properties":{"vogeId":4312,"vogeName":"Lengnau (AG)","bezkId":1911,"bezkName":"Zurzach","kantId":19,"kantName":"Aargau"}},{"arcs":[[5671,-5667,-5664,-5648,-5385,-5504,-5669,-5660]],"type":"Polygon","properties":{"vogeId":4313,"vogeName":"Leuggern","bezkId":1911,"bezkName":"Zurzach","kantId":19,"kantName":"Aargau"}},{"arcs":[[5672,5673]],"type":"Polygon","properties":{"vogeId":4314,"vogeName":"Mellikon","bezkId":1911,"bezkName":"Zurzach","kantId":19,"kantName":"Aargau"}},{"arcs":[[5674,5675,-1544,-5292,-5670]],"type":"Polygon","properties":{"vogeId":4318,"vogeName":"Schneisingen","bezkId":1911,"bezkName":"Zurzach","kantId":19,"kantName":"Aargau"}},{"arcs":[[5676,-5657,-1504,-1546,-1561,-1539,-5676]],"type":"Polygon","properties":{"vogeId":4319,"vogeName":"Siglistorf","bezkId":1911,"bezkName":"Zurzach","kantId":19,"kantName":"Aargau"}},{"arcs":[[5677,-5653,-5287,-5650]],"type":"Polygon","properties":{"vogeId":4320,"vogeName":"Tegerfelden","bezkId":1911,"bezkName":"Zurzach","kantId":19,"kantName":"Aargau"}},{"arcs":[[[5678,-1566,-5656]],[[5679,-5658,-5677,-5675,-5671,-5654,-5678,-5649,-5663,-5666,5680,-5674]]],"type":"MultiPolygon","properties":{"vogeId":4324,"vogeName":"Zurzach","bezkId":1911,"bezkName":"Zurzach","kantId":19,"kantName":"Aargau"}},{"arcs":[[5681,5682,-4662,-4639,5683]],"type":"Polygon","properties":{"vogeId":4401,"vogeName":"Arbon","bezkId":2011,"bezkName":"Arbon","kantId":20,"kantName":"Thurgau"}},{"arcs":[[5684,5685,5686]],"type":"Polygon","properties":{"vogeId":4406,"vogeName":"Dozwil","bezkId":2011,"bezkName":"Arbon","kantId":20,"kantName":"Thurgau"}},{"arcs":[[5687,5688,-5682,5689,-4615,-4622,5690]],"type":"Polygon","properties":{"vogeId":4411,"vogeName":"Egnach","bezkId":2011,"bezkName":"Arbon","kantId":20,"kantName":"Thurgau"}},{"arcs":[[5691,-5687,5692,5693,5694,5695,5696]],"type":"Polygon","properties":{"vogeId":4416,"vogeName":"Hefenhofen","bezkId":2011,"bezkName":"Arbon","kantId":20,"kantName":"Thurgau"}},{"arcs":[[-4660,5697,-4644,-4663]],"type":"Polygon","properties":{"vogeId":4421,"vogeName":"Horn","bezkId":2011,"bezkName":"Arbon","kantId":20,"kantName":"Thurgau"}},{"arcs":[[5698,5699,-5685,-5692,5700,5701]],"type":"Polygon","properties":{"vogeId":4426,"vogeName":"Kesswil","bezkId":2011,"bezkName":"Arbon","kantId":20,"kantName":"Thurgau"}},{"arcs":[[-5690,-5684,-4638,-4632,-4637,-4630,-4616]],"type":"Polygon","properties":{"vogeId":4431,"vogeName":"Roggwil (TG)","bezkId":2011,"bezkName":"Arbon","kantId":20,"kantName":"Thurgau"}},{"arcs":[[5702,5703,-5694,5704]],"type":"Polygon","properties":{"vogeId":4436,"vogeName":"Romanshorn","bezkId":2011,"bezkName":"Arbon","kantId":20,"kantName":"Thurgau"}},{"arcs":[[5705,-5688,5706,-5695,-5704]],"type":"Polygon","properties":{"vogeId":4441,"vogeName":"Salmsach","bezkId":2011,"bezkName":"Arbon","kantId":20,"kantName":"Thurgau"}},{"arcs":[[5707,-5701,-5697,5708,5709,5710]],"type":"Polygon","properties":{"vogeId":4446,"vogeName":"Sommeri","bezkId":2011,"bezkName":"Arbon","kantId":20,"kantName":"Thurgau"}},{"arcs":[[5711,-5705,-5693,-5686,-5700]],"type":"Polygon","properties":{"vogeId":4451,"vogeName":"Uttwil","bezkId":2011,"bezkName":"Arbon","kantId":20,"kantName":"Thurgau"}},{"arcs":[[-5709,-5696,-5707,-5691,-4621,5712,5713]],"type":"Polygon","properties":{"vogeId":4461,"vogeName":"Amriswil","bezkId":2011,"bezkName":"Arbon","kantId":20,"kantName":"Thurgau"}},{"arcs":[[5714,5715,-4845,-4819,-4825,5716,5717]],"type":"Polygon","properties":{"vogeId":4471,"vogeName":"Bischofszell","bezkId":2015,"bezkName":"Weinfelden","kantId":20,"kantName":"Thurgau"}},{"arcs":[[5718,-5710,-5714,5719,5720,5721,5722]],"type":"Polygon","properties":{"vogeId":4476,"vogeName":"Erlen","bezkId":2015,"bezkName":"Weinfelden","kantId":20,"kantName":"Thurgau"}},{"arcs":[[5723,-4619,-4846,-5716]],"type":"Polygon","properties":{"vogeId":4486,"vogeName":"Hauptwil-Gottshaus","bezkId":2015,"bezkName":"Weinfelden","kantId":20,"kantName":"Thurgau"}},{"arcs":[[-5721,5724,-5718,5725,5726]],"type":"Polygon","properties":{"vogeId":4495,"vogeName":"Hohentannen","bezkId":2015,"bezkName":"Weinfelden","kantId":20,"kantName":"Thurgau"}},{"arcs":[[5727,5728,-5726,-5717,-4824,5729,5730]],"type":"Polygon","properties":{"vogeId":4501,"vogeName":"Kradolf-Schönenberg","bezkId":2015,"bezkName":"Weinfelden","kantId":20,"kantName":"Thurgau"}},{"arcs":[[5731,-5722,-5727,-5729,5732]],"type":"Polygon","properties":{"vogeId":4506,"vogeName":"Sulgen","bezkId":2015,"bezkName":"Weinfelden","kantId":20,"kantName":"Thurgau"}},{"arcs":[[-5713,-4623,-4620,-5724,-5715,-5725,-5720]],"type":"Polygon","properties":{"vogeId":4511,"vogeName":"Zihlschlacht-Sitterdorf","bezkId":2015,"bezkName":"Weinfelden","kantId":20,"kantName":"Thurgau"}},{"arcs":[[5733,-1804,-1415,5734]],"type":"Polygon","properties":{"vogeId":4536,"vogeName":"Basadingen-Schlattingen","bezkId":2012,"bezkName":"Frauenfeld","kantId":20,"kantName":"Thurgau"}},{"arcs":[[-4463,5735,-4503,5736,-1805,-5734,5737,5738]],"type":"Polygon","properties":{"vogeId":4545,"vogeName":"Diessenhofen","bezkId":2012,"bezkName":"Frauenfeld","kantId":20,"kantName":"Thurgau"}},{"arcs":[[-5738,-5735,-1417,-1413,-1393,-1374,5739]],"type":"Polygon","properties":{"vogeId":4546,"vogeName":"Schlatt (TG)","bezkId":2012,"bezkName":"Frauenfeld","kantId":20,"kantName":"Thurgau"}},{"arcs":[[5740,5741,5742,-1814,-1742,5743]],"type":"Polygon","properties":{"vogeId":4551,"vogeName":"Aadorf","bezkId":2014,"bezkName":"Münchwilen","kantId":20,"kantName":"Thurgau"}},{"arcs":[[5744,5745,5746,5747]],"type":"Polygon","properties":{"vogeId":4561,"vogeName":"Felben-Wellhausen","bezkId":2012,"bezkName":"Frauenfeld","kantId":20,"kantName":"Thurgau"}},{"arcs":[[5748,-5747,5749,5750,-5744,-1741,-1820,5751,-1733,5752]],"type":"Polygon","properties":{"vogeId":4566,"vogeName":"Frauenfeld","bezkId":2012,"bezkName":"Frauenfeld","kantId":20,"kantName":"Thurgau"}},{"arcs":[[-5752,-1819,-1734]],"type":"Polygon","properties":{"vogeId":4571,"vogeName":"Gachnang","bezkId":2012,"bezkName":"Frauenfeld","kantId":20,"kantName":"Thurgau"}},{"arcs":[[5753,5754,5755,5756,-5745]],"type":"Polygon","properties":{"vogeId":4590,"vogeName":"Hüttlingen","bezkId":2012,"bezkName":"Frauenfeld","kantId":20,"kantName":"Thurgau"}},{"arcs":[[5757,5758,5759,-5741,-5751]],"type":"Polygon","properties":{"vogeId":4591,"vogeName":"Matzingen","bezkId":2012,"bezkName":"Frauenfeld","kantId":20,"kantName":"Thurgau"}},{"arcs":[[-1803,5760,5761,-1717,-1408,-1404]],"type":"Polygon","properties":{"vogeId":4601,"vogeName":"Neunforn","bezkId":2012,"bezkName":"Frauenfeld","kantId":20,"kantName":"Thurgau"}},{"arcs":[[5762,5763,5764,-5759]],"type":"Polygon","properties":{"vogeId":4606,"vogeName":"Stettfurt","bezkId":2012,"bezkName":"Frauenfeld","kantId":20,"kantName":"Thurgau"}},{"arcs":[[5765,5766,5767,-5763,-5758,-5750,-5746,-5757]],"type":"Polygon","properties":{"vogeId":4611,"vogeName":"Thundorf","bezkId":2012,"bezkName":"Frauenfeld","kantId":20,"kantName":"Thurgau"}},{"arcs":[[5768,5769,-5753,-1732,-1718,-5762]],"type":"Polygon","properties":{"vogeId":4616,"vogeName":"Uesslingen-Buch","bezkId":2012,"bezkName":"Frauenfeld","kantId":20,"kantName":"Thurgau"}},{"arcs":[[5770,5771,5772,-5749,-5770]],"type":"Polygon","properties":{"vogeId":4621,"vogeName":"Warth-Weiningen","bezkId":2012,"bezkName":"Frauenfeld","kantId":20,"kantName":"Thurgau"}},{"arcs":[[5773,5774,5775,5776]],"type":"Polygon","properties":{"vogeId":4641,"vogeName":"Altnau","bezkId":2013,"bezkName":"Kreuzlingen","kantId":20,"kantName":"Thurgau"}},{"arcs":[[5777,5778,5779,5780]],"type":"Polygon","properties":{"vogeId":4643,"vogeName":"Bottighofen","bezkId":2013,"bezkName":"Kreuzlingen","kantId":20,"kantName":"Thurgau"}},{"arcs":[[5781,5782,5783,5784,5785,5786]],"type":"Polygon","properties":{"vogeId":4646,"vogeName":"Ermatingen","bezkId":2013,"bezkName":"Kreuzlingen","kantId":20,"kantName":"Thurgau"}},{"arcs":[[5787,5788,-5783]],"type":"Polygon","properties":{"vogeId":4651,"vogeName":"Gottlieben","bezkId":2013,"bezkName":"Kreuzlingen","kantId":20,"kantName":"Thurgau"}},{"arcs":[[5789,-5702,-5708,5790,-5775]],"type":"Polygon","properties":{"vogeId":4656,"vogeName":"Güttingen","bezkId":2013,"bezkName":"Kreuzlingen","kantId":20,"kantName":"Thurgau"}},{"arcs":[[5791,5792,5793,5794,5795,5796,5797,5798]],"type":"Polygon","properties":{"vogeId":4666,"vogeName":"Kemmental","bezkId":2013,"bezkName":"Kreuzlingen","kantId":20,"kantName":"Thurgau"}},{"arcs":[[5799,-5781,5800,-5793,5801]],"type":"Polygon","properties":{"vogeId":4671,"vogeName":"Kreuzlingen","bezkId":2013,"bezkName":"Kreuzlingen","kantId":20,"kantName":"Thurgau"}},{"arcs":[[-5776,-5791,-5711,-5719,5802,5803,5804]],"type":"Polygon","properties":{"vogeId":4681,"vogeName":"Langrickenbach","bezkId":2013,"bezkName":"Kreuzlingen","kantId":20,"kantName":"Thurgau"}},{"arcs":[[-5780,5805,-5804,5806,5807,-5794,-5801]],"type":"Polygon","properties":{"vogeId":4683,"vogeName":"Lengwil","bezkId":2013,"bezkName":"Kreuzlingen","kantId":20,"kantName":"Thurgau"}},{"arcs":[[5808,-5777,-5805,-5806,-5779]],"type":"Polygon","properties":{"vogeId":4691,"vogeName":"Münsterlingen","bezkId":2013,"bezkName":"Kreuzlingen","kantId":20,"kantName":"Thurgau"}},{"arcs":[[5809,-5802,-5792,5810,-5784,-5789]],"type":"Polygon","properties":{"vogeId":4696,"vogeName":"Tägerwilen","bezkId":2013,"bezkName":"Kreuzlingen","kantId":20,"kantName":"Thurgau"}},{"arcs":[[-5785,-5811,-5799,5811,5812]],"type":"Polygon","properties":{"vogeId":4701,"vogeName":"Wäldi","bezkId":2013,"bezkName":"Kreuzlingen","kantId":20,"kantName":"Thurgau"}},{"arcs":[[5813,5814,5815,5816,5817,-5767]],"type":"Polygon","properties":{"vogeId":4711,"vogeName":"Affeltrangen","bezkId":2015,"bezkName":"Weinfelden","kantId":20,"kantName":"Thurgau"}},{"arcs":[[5818,5819,-4833,5820,5821]],"type":"Polygon","properties":{"vogeId":4716,"vogeName":"Bettwiesen","bezkId":2014,"bezkName":"Münchwilen","kantId":20,"kantName":"Thurgau"}},{"arcs":[[5822,5823,5824,-1760,-5743]],"type":"Polygon","properties":{"vogeId":4721,"vogeName":"Bichelsee-Balterswil","bezkId":2014,"bezkName":"Münchwilen","kantId":20,"kantName":"Thurgau"}},{"arcs":[[-5816,5825,5826,5827,-4834,5828]],"type":"Polygon","properties":{"vogeId":4723,"vogeName":"Braunau","bezkId":2014,"bezkName":"Münchwilen","kantId":20,"kantName":"Thurgau"}},{"arcs":[[5829,5830,-5824,5831,5832]],"type":"Polygon","properties":{"vogeId":4724,"vogeName":"Eschlikon","bezkId":2014,"bezkName":"Münchwilen","kantId":20,"kantName":"Thurgau"}},{"arcs":[[5833,-4792,-4802,-1818,-1685,-1761,-5825,-5831]],"type":"Polygon","properties":{"vogeId":4726,"vogeName":"Fischingen","bezkId":2014,"bezkName":"Münchwilen","kantId":20,"kantName":"Thurgau"}},{"arcs":[[-5768,-5818,5834,-5819,5835,-5764]],"type":"Polygon","properties":{"vogeId":4741,"vogeName":"Lommis","bezkId":2014,"bezkName":"Münchwilen","kantId":20,"kantName":"Thurgau"}},{"arcs":[[-5821,-4839,5836,-5833,5837]],"type":"Polygon","properties":{"vogeId":4746,"vogeName":"Münchwilen (TG)","bezkId":2014,"bezkName":"Münchwilen","kantId":20,"kantName":"Thurgau"}},{"arcs":[[-4836,-4813,-4788,5838]],"type":"Polygon","properties":{"vogeId":4751,"vogeName":"Rickenbach (TG)","bezkId":2014,"bezkName":"Münchwilen","kantId":20,"kantName":"Thurgau"}},{"arcs":[[5839,-5731,5840,-5827,5841]],"type":"Polygon","properties":{"vogeId":4756,"vogeName":"Schönholzerswilen","bezkId":2015,"bezkName":"Weinfelden","kantId":20,"kantName":"Thurgau"}},{"arcs":[[5842,-4793,-5834,-5830,-5837,-4838]],"type":"Polygon","properties":{"vogeId":4761,"vogeName":"Sirnach","bezkId":2014,"bezkName":"Münchwilen","kantId":20,"kantName":"Thurgau"}},{"arcs":[[-5817,-5829,-5820,-5835]],"type":"Polygon","properties":{"vogeId":4776,"vogeName":"Tobel-Tägerschen","bezkId":2014,"bezkName":"Münchwilen","kantId":20,"kantName":"Thurgau"}},{"arcs":[[-5765,-5836,-5822,-5838,-5832,-5823,-5742,-5760]],"type":"Polygon","properties":{"vogeId":4781,"vogeName":"Wängi","bezkId":2014,"bezkName":"Münchwilen","kantId":20,"kantName":"Thurgau"}},{"arcs":[[-4837,-5839,-4794,-5843]],"type":"Polygon","properties":{"vogeId":4786,"vogeName":"Wilen (TG)","bezkId":2014,"bezkName":"Münchwilen","kantId":20,"kantName":"Thurgau"}},{"arcs":[[-5730,-4828,-4831,-4835,-5828,-5841]],"type":"Polygon","properties":{"vogeId":4791,"vogeName":"Wuppenau","bezkId":2015,"bezkName":"Weinfelden","kantId":20,"kantName":"Thurgau"}},{"arcs":[[5843,5844,5845,5846]],"type":"Polygon","properties":{"vogeId":4801,"vogeName":"Berlingen","bezkId":2012,"bezkName":"Frauenfeld","kantId":20,"kantName":"Thurgau"}},{"arcs":[[-4506,5847,5848,5849,5850]],"type":"Polygon","properties":{"vogeId":4806,"vogeName":"Eschenz","bezkId":2012,"bezkName":"Frauenfeld","kantId":20,"kantName":"Thurgau"}},{"arcs":[[5851,5852,-5772,5853,5854]],"type":"Polygon","properties":{"vogeId":4811,"vogeName":"Herdern","bezkId":2012,"bezkName":"Frauenfeld","kantId":20,"kantName":"Thurgau"}},{"arcs":[[5855,5856,5857,5858,-5852,5859]],"type":"Polygon","properties":{"vogeId":4816,"vogeName":"Homburg","bezkId":2012,"bezkName":"Frauenfeld","kantId":20,"kantName":"Thurgau"}},{"arcs":[[5860,-5854,-5771,-5769,-5761,-1802,5861,-5850]],"type":"Polygon","properties":{"vogeId":4821,"vogeName":"Hüttwilen","bezkId":2012,"bezkName":"Frauenfeld","kantId":20,"kantName":"Thurgau"}},{"arcs":[[5862,-5860,-5855,-5861,-5849,5863]],"type":"Polygon","properties":{"vogeId":4826,"vogeName":"Mammern","bezkId":2012,"bezkName":"Frauenfeld","kantId":20,"kantName":"Thurgau"}},{"arcs":[[-5858,5864,-5755,5865]],"type":"Polygon","properties":{"vogeId":4831,"vogeName":"Müllheim","bezkId":2012,"bezkName":"Frauenfeld","kantId":20,"kantName":"Thurgau"}},{"arcs":[[-5859,-5866,-5754,-5748,-5773,-5853]],"type":"Polygon","properties":{"vogeId":4841,"vogeName":"Pfyn","bezkId":2012,"bezkName":"Frauenfeld","kantId":20,"kantName":"Thurgau"}},{"arcs":[[-5846,5866,-5786,-5813,5867,-5857,5868]],"type":"Polygon","properties":{"vogeId":4846,"vogeName":"Raperswilen","bezkId":2013,"bezkName":"Kreuzlingen","kantId":20,"kantName":"Thurgau"}},{"arcs":[[5869,-5787,-5867,-5845]],"type":"Polygon","properties":{"vogeId":4851,"vogeName":"Salenstein","bezkId":2013,"bezkName":"Kreuzlingen","kantId":20,"kantName":"Thurgau"}},{"arcs":[[-5847,-5869,-5856,-5863,5870]],"type":"Polygon","properties":{"vogeId":4864,"vogeName":"Steckborn","bezkId":2012,"bezkName":"Frauenfeld","kantId":20,"kantName":"Thurgau"}},{"arcs":[[-4502,-4499,-4507,-5851,-5862,-1806,-5737]],"type":"Polygon","properties":{"vogeId":4871,"vogeName":"Wagenhausen","bezkId":2012,"bezkName":"Frauenfeld","kantId":20,"kantName":"Thurgau"}},{"arcs":[[5871,5872,5873,5874,-5814,-5766,-5756]],"type":"Polygon","properties":{"vogeId":4881,"vogeName":"Amlikon-Bissegg","bezkId":2015,"bezkName":"Weinfelden","kantId":20,"kantName":"Thurgau"}},{"arcs":[[-5808,5875,5876,5877,-5795]],"type":"Polygon","properties":{"vogeId":4891,"vogeName":"Berg (TG)","bezkId":2015,"bezkName":"Weinfelden","kantId":20,"kantName":"Thurgau"}},{"arcs":[[-5807,-5803,-5723,-5732,5878,-5876]],"type":"Polygon","properties":{"vogeId":4901,"vogeName":"Birwinken","bezkId":2015,"bezkName":"Weinfelden","kantId":20,"kantName":"Thurgau"}},{"arcs":[[-5879,-5733,-5728,-5840,5879,5880,-5877]],"type":"Polygon","properties":{"vogeId":4911,"vogeName":"Bürglen (TG)","bezkId":2015,"bezkName":"Weinfelden","kantId":20,"kantName":"Thurgau"}},{"arcs":[[5881,-5880,-5842,-5826,-5815,-5875]],"type":"Polygon","properties":{"vogeId":4921,"vogeName":"Bussnang","bezkId":2015,"bezkName":"Weinfelden","kantId":20,"kantName":"Thurgau"}},{"arcs":[[-5797,5882,-5873,5883]],"type":"Polygon","properties":{"vogeId":4941,"vogeName":"Märstetten","bezkId":2015,"bezkName":"Weinfelden","kantId":20,"kantName":"Thurgau"}},{"arcs":[[-5796,-5878,-5881,-5882,-5874,-5883]],"type":"Polygon","properties":{"vogeId":4946,"vogeName":"Weinfelden","bezkId":2015,"bezkName":"Weinfelden","kantId":20,"kantName":"Thurgau"}},{"arcs":[[-5812,-5798,-5884,-5872,-5865,-5868]],"type":"Polygon","properties":{"vogeId":4951,"vogeName":"Wigoltingen","bezkId":2015,"bezkName":"Weinfelden","kantId":20,"kantName":"Thurgau"}},{"arcs":[[5884,-5082,5885]],"type":"Polygon","properties":{"vogeId":5001,"vogeName":"Arbedo-Castione","bezkId":2101,"bezkName":"Bellinzona","kantId":21,"kantName":"Tessin"}},{"arcs":[[5886,5887,5888,5889,5890,5891,-5086,5892,-5886,-5081,5893,5894,5895]],"type":"Polygon","properties":{"vogeId":5002,"vogeName":"Bellinzona","bezkId":2101,"bezkName":"Bellinzona","kantId":21,"kantName":"Tessin"}},{"arcs":[[-5889,5896,5897,5898,5899,5900,5901]],"type":"Polygon","properties":{"vogeId":5003,"vogeName":"Cadenazzo","bezkId":2101,"bezkName":"Bellinzona","kantId":21,"kantName":"Tessin"}},{"arcs":[[-5887,5902,5903,5904,5905,-5898,5906]],"type":"Polygon","properties":{"vogeId":5009,"vogeName":"Isone","bezkId":2101,"bezkName":"Bellinzona","kantId":21,"kantName":"Tessin"}},{"arcs":[[-5893,-5085,-5885]],"type":"Polygon","properties":{"vogeId":5010,"vogeName":"Lumino","bezkId":2101,"bezkName":"Bellinzona","kantId":21,"kantName":"Tessin"}},{"arcs":[[-5888,-5907,-5897]],"type":"Polygon","properties":{"vogeId":5017,"vogeName":"Sant'Antonino","bezkId":2101,"bezkName":"Bellinzona","kantId":21,"kantName":"Tessin"}},{"arcs":[[5907,5908,5909]],"type":"Polygon","properties":{"vogeId":5048,"vogeName":"Acquarossa","bezkId":2102,"bezkName":"Blenio","kantId":21,"kantName":"Tessin"}},{"arcs":[[-4902,-4899,-4972,5910,-5908,5911,5912,-5155]],"type":"Polygon","properties":{"vogeId":5049,"vogeName":"Blenio","bezkId":2102,"bezkName":"Blenio","kantId":21,"kantName":"Tessin"}},{"arcs":[[-5911,-4971,-5068,-5053,5913,5914,5915,5916,-5909]],"type":"Polygon","properties":{"vogeId":5050,"vogeName":"Serravalle","bezkId":2102,"bezkName":"Blenio","kantId":21,"kantName":"Tessin"}},{"arcs":[[-5161,5917,5918,5919,-3269,-3259,-3228]],"type":"Polygon","properties":{"vogeId":5061,"vogeName":"Airolo","bezkId":2103,"bezkName":"Leventina","kantId":21,"kantName":"Tessin"}},{"arcs":[[-3270,-5920,5920,5921,5922,5923]],"type":"Polygon","properties":{"vogeId":5063,"vogeName":"Bedretto","bezkId":2103,"bezkName":"Leventina","kantId":21,"kantName":"Tessin"}},{"arcs":[[5924,5925,5926]],"type":"Polygon","properties":{"vogeId":5071,"vogeName":"Dalpe","bezkId":2103,"bezkName":"Leventina","kantId":21,"kantName":"Tessin"}},{"arcs":[[-5917,5927,5928,5929,-5925,5930,-5912,-5910]],"type":"Polygon","properties":{"vogeId":5072,"vogeName":"Faido","bezkId":2103,"bezkName":"Leventina","kantId":21,"kantName":"Tessin"}},{"arcs":[[-5916,5931,5932,5933,-5928]],"type":"Polygon","properties":{"vogeId":5073,"vogeName":"Giornico","bezkId":2103,"bezkName":"Leventina","kantId":21,"kantName":"Tessin"}},{"arcs":[[-5933,5934,5935,5936]],"type":"Polygon","properties":{"vogeId":5076,"vogeName":"Personico","bezkId":2103,"bezkName":"Leventina","kantId":21,"kantName":"Tessin"}},{"arcs":[[-5915,5937,-5935,-5932]],"type":"Polygon","properties":{"vogeId":5077,"vogeName":"Pollegio","bezkId":2103,"bezkName":"Leventina","kantId":21,"kantName":"Tessin"}},{"arcs":[[-5927,5938,-5918,-5160,-5156,-5913,-5931]],"type":"Polygon","properties":{"vogeId":5079,"vogeName":"Quinto","bezkId":2103,"bezkName":"Leventina","kantId":21,"kantName":"Tessin"}},{"arcs":[[5939,5940,5941,5942,5943,5944]],"type":"Polygon","properties":{"vogeId":5091,"vogeName":"Ascona","bezkId":2104,"bezkName":"Locarno","kantId":21,"kantName":"Tessin"}},{"arcs":[[5945,5946,5947,5948]],"type":"Polygon","properties":{"vogeId":5096,"vogeName":"Brione sopra Minusio","bezkId":2104,"bezkName":"Locarno","kantId":21,"kantName":"Tessin"}},{"arcs":[[-5944,5949,5950,5951]],"type":"Polygon","properties":{"vogeId":5097,"vogeName":"Brissago","bezkId":2104,"bezkName":"Locarno","kantId":21,"kantName":"Tessin"}},{"arcs":[[5952,5953,5954,5955,5956,5957]],"type":"Polygon","properties":{"vogeId":5108,"vogeName":"Gordola","bezkId":2104,"bezkName":"Locarno","kantId":21,"kantName":"Tessin"}},{"arcs":[[5958,5959,-5956]],"type":"Polygon","properties":{"vogeId":5112,"vogeName":"Lavertezzo","bezkId":2104,"bezkName":"Locarno","kantId":21,"kantName":"Tessin"}},{"arcs":[[[-5901,5960,5961,-5957,-5960,5962]],[[5963,5964,-5941,5965,5966,5967,5968]]],"type":"MultiPolygon","properties":{"vogeId":5113,"vogeName":"Locarno","bezkId":2104,"bezkName":"Locarno","kantId":21,"kantName":"Tessin"}},{"arcs":[[-5966,-5940,5969,5970]],"type":"Polygon","properties":{"vogeId":5115,"vogeName":"Losone","bezkId":2104,"bezkName":"Locarno","kantId":21,"kantName":"Tessin"}},{"arcs":[[5971,-5953,5972,-5946,5973]],"type":"Polygon","properties":{"vogeId":5117,"vogeName":"Mergoscia","bezkId":2104,"bezkName":"Locarno","kantId":21,"kantName":"Tessin"}},{"arcs":[[-5948,5974,5975,5976,5977,5978]],"type":"Polygon","properties":{"vogeId":5118,"vogeName":"Minusio","bezkId":2104,"bezkName":"Locarno","kantId":21,"kantName":"Tessin"}},{"arcs":[[5979,-5977,5980,-5964]],"type":"Polygon","properties":{"vogeId":5120,"vogeName":"Muralto","bezkId":2104,"bezkName":"Locarno","kantId":21,"kantName":"Tessin"}},{"arcs":[[-5978,-5980,-5969]],"type":"Polygon","properties":{"vogeId":5121,"vogeName":"Orselina","bezkId":2104,"bezkName":"Locarno","kantId":21,"kantName":"Tessin"}},{"arcs":[[-5943,5981,-5950]],"type":"Polygon","properties":{"vogeId":5125,"vogeName":"Ronco sopra Ascona","bezkId":2104,"bezkName":"Locarno","kantId":21,"kantName":"Tessin"}},{"arcs":[[-5973,-5958,5982,-5975,-5947]],"type":"Polygon","properties":{"vogeId":5131,"vogeName":"Tenero-Contra","bezkId":2104,"bezkName":"Locarno","kantId":21,"kantName":"Tessin"}},{"arcs":[[5983,5984,5985,5986,5987]],"type":"Polygon","properties":{"vogeId":5136,"vogeName":"Onsernone","bezkId":2104,"bezkName":"Locarno","kantId":21,"kantName":"Tessin"}},{"arcs":[[-5890,-5902,-5963,-5959,-5955,5988]],"type":"Polygon","properties":{"vogeId":5138,"vogeName":"Cugnasco-Gerra","bezkId":2104,"bezkName":"Locarno","kantId":21,"kantName":"Tessin"}},{"arcs":[[5989,5990,5991,5992,5993,5994]],"type":"Polygon","properties":{"vogeId":5141,"vogeName":"Agno","bezkId":2105,"bezkName":"Lugano","kantId":21,"kantName":"Tessin"}},{"arcs":[[5995,5996,5997,5998]],"type":"Polygon","properties":{"vogeId":5143,"vogeName":"Aranno","bezkId":2105,"bezkName":"Lugano","kantId":21,"kantName":"Tessin"}},{"arcs":[[5999,6000,6001,6002,6003]],"type":"Polygon","properties":{"vogeId":5144,"vogeName":"Arogno","bezkId":2105,"bezkName":"Lugano","kantId":21,"kantName":"Tessin"}},{"arcs":[[6004,6005,6006,6007]],"type":"Polygon","properties":{"vogeId":5148,"vogeName":"Bedano","bezkId":2105,"bezkName":"Lugano","kantId":21,"kantName":"Tessin"}},{"arcs":[[6008,6009,6010,-5995,6011,6012,-5997,6013,6014,6015]],"type":"Polygon","properties":{"vogeId":5151,"vogeName":"Bioggio","bezkId":2105,"bezkName":"Lugano","kantId":21,"kantName":"Tessin"}},{"arcs":[[-6003,6016,6017]],"type":"Polygon","properties":{"vogeId":5154,"vogeName":"Bissone","bezkId":2105,"bezkName":"Lugano","kantId":21,"kantName":"Tessin"}},{"arcs":[[6018,6019,6020]],"type":"Polygon","properties":{"vogeId":5160,"vogeName":"Brusino Arsizio","bezkId":2105,"bezkName":"Lugano","kantId":21,"kantName":"Tessin"}},{"arcs":[[-6014,-5996,6021]],"type":"Polygon","properties":{"vogeId":5161,"vogeName":"Cademario","bezkId":2105,"bezkName":"Lugano","kantId":21,"kantName":"Tessin"}},{"arcs":[[6022,6023,6024,6025]],"type":"Polygon","properties":{"vogeId":5162,"vogeName":"Cadempino","bezkId":2105,"bezkName":"Lugano","kantId":21,"kantName":"Tessin"}},{"arcs":[[6026,6027,6028,6029]],"type":"Polygon","properties":{"vogeId":5167,"vogeName":"Canobbio","bezkId":2105,"bezkName":"Lugano","kantId":21,"kantName":"Tessin"}},{"arcs":[[6030,6031,6032,6033]],"type":"Polygon","properties":{"vogeId":5171,"vogeName":"Caslano","bezkId":2105,"bezkName":"Lugano","kantId":21,"kantName":"Tessin"}},{"arcs":[[6034,-6030,6035,6036,6037]],"type":"Polygon","properties":{"vogeId":5176,"vogeName":"Comano","bezkId":2105,"bezkName":"Lugano","kantId":21,"kantName":"Tessin"}},{"arcs":[[6038,-6037,6039,6040,-6024,6041]],"type":"Polygon","properties":{"vogeId":5180,"vogeName":"Cureglia","bezkId":2105,"bezkName":"Lugano","kantId":21,"kantName":"Tessin"}},{"arcs":[[6042,6043]],"type":"Polygon","properties":{"vogeId":5186,"vogeName":"Grancia","bezkId":2105,"bezkName":"Lugano","kantId":21,"kantName":"Tessin"}},{"arcs":[[-6007,6044,6045,6046]],"type":"Polygon","properties":{"vogeId":5187,"vogeName":"Gravesano","bezkId":2105,"bezkName":"Lugano","kantId":21,"kantName":"Tessin"}},{"arcs":[[6047,6048,-6042,-6023,6049,-6045,-6006]],"type":"Polygon","properties":{"vogeId":5189,"vogeName":"Lamone","bezkId":2105,"bezkName":"Lugano","kantId":21,"kantName":"Tessin"}},{"arcs":[[[-6000,6050]],[[6051,6052,6053,6054,6055,6056,-6043,6057,6058,6059,-6010,6060,6061,6062,6063,6064,-6028,6065,6066,6067,6068]]],"type":"MultiPolygon","properties":{"vogeId":5192,"vogeName":"Lugano","bezkId":2105,"bezkName":"Lugano","kantId":21,"kantName":"Tessin"}},{"arcs":[[-5992,6069,-6031,6070]],"type":"Polygon","properties":{"vogeId":5193,"vogeName":"Magliaso","bezkId":2105,"bezkName":"Lugano","kantId":21,"kantName":"Tessin"}},{"arcs":[[6071,-6046,-6050,-6026,6072,-6016]],"type":"Polygon","properties":{"vogeId":5194,"vogeName":"Manno","bezkId":2105,"bezkName":"Lugano","kantId":21,"kantName":"Tessin"}},{"arcs":[[6073,-6063]],"type":"Polygon","properties":{"vogeId":5196,"vogeName":"Massagno","bezkId":2105,"bezkName":"Lugano","kantId":21,"kantName":"Tessin"}},{"arcs":[[6074,6075,-6053]],"type":"Polygon","properties":{"vogeId":5198,"vogeName":"Melide","bezkId":2105,"bezkName":"Lugano","kantId":21,"kantName":"Tessin"}},{"arcs":[[6076,6077]],"type":"Polygon","properties":{"vogeId":5199,"vogeName":"Mezzovico-Vira","bezkId":2105,"bezkName":"Lugano","kantId":21,"kantName":"Tessin"}},{"arcs":[[-6055,6078,6079]],"type":"Polygon","properties":{"vogeId":5203,"vogeName":"Morcote","bezkId":2105,"bezkName":"Lugano","kantId":21,"kantName":"Tessin"}},{"arcs":[[-6011,-6060,6080,6081,6082,-5990]],"type":"Polygon","properties":{"vogeId":5205,"vogeName":"Muzzano","bezkId":2105,"bezkName":"Lugano","kantId":21,"kantName":"Tessin"}},{"arcs":[[6083,6084,-5993,-6071,6085]],"type":"Polygon","properties":{"vogeId":5206,"vogeName":"Neggio","bezkId":2105,"bezkName":"Lugano","kantId":21,"kantName":"Tessin"}},{"arcs":[[6086,6087,-6038,-6039,-6049,6088]],"type":"Polygon","properties":{"vogeId":5208,"vogeName":"Origlio","bezkId":2105,"bezkName":"Lugano","kantId":21,"kantName":"Tessin"}},{"arcs":[[6089,-6069]],"type":"Polygon","properties":{"vogeId":5210,"vogeName":"Paradiso","bezkId":2105,"bezkName":"Lugano","kantId":21,"kantName":"Tessin"}},{"arcs":[[[-6087,6090,6091,6092]],[[-6067,6093,-5904,6094,-5895,6095]]],"type":"MultiPolygon","properties":{"vogeId":5212,"vogeName":"Ponte Capriasca","bezkId":2105,"bezkName":"Lugano","kantId":21,"kantName":"Tessin"}},{"arcs":[[-6036,-6029,-6065,6096,6097,-6040]],"type":"Polygon","properties":{"vogeId":5214,"vogeName":"Porza","bezkId":2105,"bezkName":"Lugano","kantId":21,"kantName":"Tessin"}},{"arcs":[[-6086,-6034,6098,6099]],"type":"Polygon","properties":{"vogeId":5216,"vogeName":"Pura","bezkId":2105,"bezkName":"Lugano","kantId":21,"kantName":"Tessin"}},{"arcs":[[-6097,-6064,-6074,-6062,6100]],"type":"Polygon","properties":{"vogeId":5221,"vogeName":"Savosa","bezkId":2105,"bezkName":"Lugano","kantId":21,"kantName":"Tessin"}},{"arcs":[[-6059,6101,-6081]],"type":"Polygon","properties":{"vogeId":5225,"vogeName":"Sorengo","bezkId":2105,"bezkName":"Lugano","kantId":21,"kantName":"Tessin"}},{"arcs":[[-6027,-6035,-6088,-6093,6102,-6077,6103,-5905,-6094,-6066]],"type":"Polygon","properties":{"vogeId":5226,"vogeName":"Capriasca","bezkId":2105,"bezkName":"Lugano","kantId":21,"kantName":"Tessin"}},{"arcs":[[6104,-6091,-6089,-6048,-6005,6105]],"type":"Polygon","properties":{"vogeId":5227,"vogeName":"Torricella-Taverne","bezkId":2105,"bezkName":"Lugano","kantId":21,"kantName":"Tessin"}},{"arcs":[[-6012,-5994,-6085,6106]],"type":"Polygon","properties":{"vogeId":5230,"vogeName":"Vernate","bezkId":2105,"bezkName":"Lugano","kantId":21,"kantName":"Tessin"}},{"arcs":[[-6025,-6041,-6098,-6101,-6061,-6009,-6073]],"type":"Polygon","properties":{"vogeId":5231,"vogeName":"Vezia","bezkId":2105,"bezkName":"Lugano","kantId":21,"kantName":"Tessin"}},{"arcs":[[-6054,-6076,6107,-6079]],"type":"Polygon","properties":{"vogeId":5233,"vogeName":"Vico Morcote","bezkId":2105,"bezkName":"Lugano","kantId":21,"kantName":"Tessin"}},{"arcs":[[6108,-6082,-6102,-6058,-6044,-6057]],"type":"Polygon","properties":{"vogeId":5236,"vogeName":"Collina d'Oro","bezkId":2105,"bezkName":"Lugano","kantId":21,"kantName":"Tessin"}},{"arcs":[[6109,-6106,-6008,-6047,-6072,-6015,-6022,-5999,6110,6111,6112]],"type":"Polygon","properties":{"vogeId":5237,"vogeName":"Alto Malcantone","bezkId":2105,"bezkName":"Lugano","kantId":21,"kantName":"Tessin"}},{"arcs":[[[-6078,-6103,-6092,-6105,-6110,6113,-5899,-5906,-6104]],[[-6095,-5903,-5896]]],"type":"MultiPolygon","properties":{"vogeId":5238,"vogeName":"Monteceneri","bezkId":2105,"bezkName":"Lugano","kantId":21,"kantName":"Tessin"}},{"arcs":[[-6099,-6033,6114,6115]],"type":"Polygon","properties":{"vogeId":5239,"vogeName":"Tresa","bezkId":2105,"bezkName":"Lugano","kantId":21,"kantName":"Tessin"}},{"arcs":[[6116,6117,-6017,-6002,6118,6119]],"type":"Polygon","properties":{"vogeId":5240,"vogeName":"Val Mara","bezkId":2105,"bezkName":"Lugano","kantId":21,"kantName":"Tessin"}},{"arcs":[[6120,6121,6122,6123,6124]],"type":"Polygon","properties":{"vogeId":5242,"vogeName":"Balerna","bezkId":2106,"bezkName":"Mendrisio","kantId":21,"kantName":"Tessin"}},{"arcs":[[6125,-6121,6126,6127,-6120,6128,6129]],"type":"Polygon","properties":{"vogeId":5249,"vogeName":"Castel San Pietro","bezkId":2106,"bezkName":"Mendrisio","kantId":21,"kantName":"Tessin"}},{"arcs":[[6130,6131,6132,-6123,6133]],"type":"Polygon","properties":{"vogeId":5250,"vogeName":"Chiasso","bezkId":2106,"bezkName":"Mendrisio","kantId":21,"kantName":"Tessin"}},{"arcs":[[6134,-6127,-6125,6135]],"type":"Polygon","properties":{"vogeId":5251,"vogeName":"Coldrerio","bezkId":2106,"bezkName":"Mendrisio","kantId":21,"kantName":"Tessin"}},{"arcs":[[-6020,6136,6137,-6117,-6128,-6135,6138,6139,6140,6141]],"type":"Polygon","properties":{"vogeId":5254,"vogeName":"Mendrisio","bezkId":2106,"bezkName":"Mendrisio","kantId":21,"kantName":"Tessin"}},{"arcs":[[6142,6143,-6134,-6122,-6126]],"type":"Polygon","properties":{"vogeId":5257,"vogeName":"Morbio Inferiore","bezkId":2106,"bezkName":"Mendrisio","kantId":21,"kantName":"Tessin"}},{"arcs":[[-6136,-6124,-6133,6144,-6139]],"type":"Polygon","properties":{"vogeId":5260,"vogeName":"Novazzano","bezkId":2106,"bezkName":"Mendrisio","kantId":21,"kantName":"Tessin"}},{"arcs":[[-6019,6145,-6137]],"type":"Polygon","properties":{"vogeId":5263,"vogeName":"Riva San Vitale","bezkId":2106,"bezkName":"Mendrisio","kantId":21,"kantName":"Tessin"}},{"arcs":[[-6141,6146]],"type":"Polygon","properties":{"vogeId":5266,"vogeName":"Stabio","bezkId":2106,"bezkName":"Mendrisio","kantId":21,"kantName":"Tessin"}},{"arcs":[[6147,6148,-6131,-6144]],"type":"Polygon","properties":{"vogeId":5268,"vogeName":"Vacallo","bezkId":2106,"bezkName":"Mendrisio","kantId":21,"kantName":"Tessin"}},{"arcs":[[6149,-6148,-6143,-6130]],"type":"Polygon","properties":{"vogeId":5269,"vogeName":"Breggia","bezkId":2106,"bezkName":"Mendrisio","kantId":21,"kantName":"Tessin"}},{"arcs":[[-5057,6150,-5938,-5914]],"type":"Polygon","properties":{"vogeId":5281,"vogeName":"Biasca","bezkId":2107,"bezkName":"Riviera","kantId":21,"kantName":"Tessin"}},{"arcs":[[-5936,-6151,-5089,-5087,-5892,6151]],"type":"Polygon","properties":{"vogeId":5287,"vogeName":"Riviera","bezkId":2107,"bezkName":"Riviera","kantId":21,"kantName":"Tessin"}},{"arcs":[[6152,6153,6154,6155]],"type":"Polygon","properties":{"vogeId":5304,"vogeName":"Bosco/Gurin","bezkId":2108,"bezkName":"Vallemaggia","kantId":21,"kantName":"Tessin"}},{"arcs":[[6156,6157,6158,-5985,6159,-6155]],"type":"Polygon","properties":{"vogeId":5307,"vogeName":"Campo (Vallemaggia)","bezkId":2108,"bezkName":"Vallemaggia","kantId":21,"kantName":"Tessin"}},{"arcs":[[6160,6161,6162,-6157,-6154]],"type":"Polygon","properties":{"vogeId":5309,"vogeName":"Cerentino","bezkId":2108,"bezkName":"Vallemaggia","kantId":21,"kantName":"Tessin"}},{"arcs":[[6163,6164,-6158,-6163,6165,-6161,-6153,6166,-5922]],"type":"Polygon","properties":{"vogeId":5310,"vogeName":"Cevio","bezkId":2108,"bezkName":"Vallemaggia","kantId":21,"kantName":"Tessin"}},{"arcs":[[-6166,-6162]],"type":"Polygon","properties":{"vogeId":5315,"vogeName":"Linescio","bezkId":2108,"bezkName":"Vallemaggia","kantId":21,"kantName":"Tessin"}},{"arcs":[[6167,-5986,-6159,-6165,6168,6169]],"type":"Polygon","properties":{"vogeId":5317,"vogeName":"Maggia","bezkId":2108,"bezkName":"Vallemaggia","kantId":21,"kantName":"Tessin"}},{"arcs":[[-6164,-5921,-5919,-5939,-5926,-5930,6170]],"type":"Polygon","properties":{"vogeId":5323,"vogeName":"Lavizzara","bezkId":2108,"bezkName":"Vallemaggia","kantId":21,"kantName":"Tessin"}},{"arcs":[[-5949,-5979,-5968,6171,-6170,6172,-5974]],"type":"Polygon","properties":{"vogeId":5324,"vogeName":"Avegno Gordevio","bezkId":2108,"bezkName":"Vallemaggia","kantId":21,"kantName":"Tessin"}},{"arcs":[[-6084,-6100,-6116,6173,-6111,-5998,-6013,-6107]],"type":"Polygon","properties":{"vogeId":5395,"vogeName":"Lema","bezkId":2105,"bezkName":"Lugano","kantId":21,"kantName":"Tessin"}},{"arcs":[[-6168,-6172,-5967,-5971,6174,-5987]],"type":"Polygon","properties":{"vogeId":5396,"vogeName":"Terre di Pedemonte","bezkId":2104,"bezkName":"Locarno","kantId":21,"kantName":"Tessin"}},{"arcs":[[-6175,-5970,-5945,-5952,6175,-5988]],"type":"Polygon","properties":{"vogeId":5397,"vogeName":"Centovalli","bezkId":2104,"bezkName":"Locarno","kantId":21,"kantName":"Tessin"}},{"arcs":[[-5961,-5900,-6114,-6113,6176]],"type":"Polygon","properties":{"vogeId":5398,"vogeName":"Gambarogno","bezkId":2104,"bezkName":"Locarno","kantId":21,"kantName":"Tessin"}},{"arcs":[[-6152,-5891,-5989,-5954,-5972,-6173,-6169,-6171,-5929,-5934,-5937]],"type":"Polygon","properties":{"vogeId":5399,"vogeName":"Verzasca","bezkId":2104,"bezkName":"Locarno","kantId":21,"kantName":"Tessin"}},{"arcs":[[6177,6178,6179,6180,6181,6182]],"type":"Polygon","properties":{"vogeId":5401,"vogeName":"Aigle","bezkId":2221,"bezkName":"Aigle","kantId":22,"kantName":"Waadt"}},{"arcs":[[6183,6184,6185,6186,6187,6188,6189,6190,6191,6192,6193,6194]],"type":"Polygon","properties":{"vogeId":5402,"vogeName":"Bex","bezkId":2221,"bezkName":"Aigle","kantId":22,"kantName":"Waadt"}},{"arcs":[[6195,6196,6197,6198,6199]],"type":"Polygon","properties":{"vogeId":5403,"vogeName":"Chessel","bezkId":2221,"bezkName":"Aigle","kantId":22,"kantName":"Waadt"}},{"arcs":[[6200,6201,6202,6203,6204]],"type":"Polygon","properties":{"vogeId":5404,"vogeName":"Corbeyrier","bezkId":2221,"bezkName":"Aigle","kantId":22,"kantName":"Waadt"}},{"arcs":[[6205,6206,-6195]],"type":"Polygon","properties":{"vogeId":5405,"vogeName":"Gryon","bezkId":2221,"bezkName":"Aigle","kantId":22,"kantName":"Waadt"}},{"arcs":[[-6190,6207,6208]],"type":"Polygon","properties":{"vogeId":5406,"vogeName":"Lavey-Morcles","bezkId":2221,"bezkName":"Aigle","kantId":22,"kantName":"Waadt"}},{"arcs":[[6209,-6183,6210,-6203]],"type":"Polygon","properties":{"vogeId":5407,"vogeName":"Leysin","bezkId":2221,"bezkName":"Aigle","kantId":22,"kantName":"Waadt"}},{"arcs":[[6211,6212,6213,6214,-6196,6215]],"type":"Polygon","properties":{"vogeId":5408,"vogeName":"Noville","bezkId":2221,"bezkName":"Aigle","kantId":22,"kantName":"Waadt"}},{"arcs":[[6216,6217,-6206,-6194,6218,6219,-6179]],"type":"Polygon","properties":{"vogeId":5409,"vogeName":"Ollon","bezkId":2221,"bezkName":"Aigle","kantId":22,"kantName":"Waadt"}},{"arcs":[[6220,6221,-6217,-6178,-6210,-6202,6222]],"type":"Polygon","properties":{"vogeId":5410,"vogeName":"Ormont-Dessous","bezkId":2221,"bezkName":"Aigle","kantId":22,"kantName":"Waadt"}},{"arcs":[[6223,-2714,6224,6225,-6184,-6207,-6218,-6222]],"type":"Polygon","properties":{"vogeId":5411,"vogeName":"Ormont-Dessus","bezkId":2221,"bezkName":"Aigle","kantId":22,"kantName":"Waadt"}},{"arcs":[[6226,6227,-6214]],"type":"Polygon","properties":{"vogeId":5412,"vogeName":"Rennaz","bezkId":2221,"bezkName":"Aigle","kantId":22,"kantName":"Waadt"}},{"arcs":[[6228,-6205,6229,-6197,-6215,-6228]],"type":"Polygon","properties":{"vogeId":5413,"vogeName":"Roche (VD)","bezkId":2221,"bezkName":"Aigle","kantId":22,"kantName":"Waadt"}},{"arcs":[[6230,6231,-6223,-6201,-6229,-6227,-6213,6232,6233]],"type":"Polygon","properties":{"vogeId":5414,"vogeName":"Villeneuve (VD)","bezkId":2221,"bezkName":"Aigle","kantId":22,"kantName":"Waadt"}},{"arcs":[[-6230,-6204,-6211,-6182,6234,-6198]],"type":"Polygon","properties":{"vogeId":5415,"vogeName":"Yvorne","bezkId":2221,"bezkName":"Aigle","kantId":22,"kantName":"Waadt"}},{"arcs":[[6235,6236,6237,6238,6239,6240,6241,6242,6243,6244]],"type":"Polygon","properties":{"vogeId":5422,"vogeName":"Aubonne","bezkId":2227,"bezkName":"Morges","kantId":22,"kantName":"Waadt"}},{"arcs":[[6245,6246,6247,6248,6249]],"type":"Polygon","properties":{"vogeId":5423,"vogeName":"Ballens","bezkId":2227,"bezkName":"Morges","kantId":22,"kantName":"Waadt"}},{"arcs":[[6250,6251,-6250,6252,6253]],"type":"Polygon","properties":{"vogeId":5424,"vogeName":"Berolle","bezkId":2227,"bezkName":"Morges","kantId":22,"kantName":"Waadt"}},{"arcs":[[-6253,-6249,6254,6255,-6244,6256,6257,6258]],"type":"Polygon","properties":{"vogeId":5425,"vogeName":"Bière","bezkId":2227,"bezkName":"Morges","kantId":22,"kantName":"Waadt"}},{"arcs":[[-6240,6259,6260,6261]],"type":"Polygon","properties":{"vogeId":5426,"vogeName":"Bougy-Villars","bezkId":2227,"bezkName":"Morges","kantId":22,"kantName":"Waadt"}},{"arcs":[[-6239,6262,6263,-6260]],"type":"Polygon","properties":{"vogeId":5427,"vogeName":"Féchy","bezkId":2227,"bezkName":"Morges","kantId":22,"kantName":"Waadt"}},{"arcs":[[6264,-6258,6265,-6242,6266,6267,6268,6269]],"type":"Polygon","properties":{"vogeId":5428,"vogeName":"Gimel","bezkId":2227,"bezkName":"Morges","kantId":22,"kantName":"Waadt"}},{"arcs":[[6270,6271,-6269,6272,6273,6274]],"type":"Polygon","properties":{"vogeId":5429,"vogeName":"Longirod","bezkId":2228,"bezkName":"Nyon","kantId":22,"kantName":"Waadt"}},{"arcs":[[6275,-6275,6276,6277,6278]],"type":"Polygon","properties":{"vogeId":5430,"vogeName":"Marchissy","bezkId":2228,"bezkName":"Nyon","kantId":22,"kantName":"Waadt"}},{"arcs":[[6279,6280,-6246,-6252]],"type":"Polygon","properties":{"vogeId":5431,"vogeName":"Mollens (VD)","bezkId":2227,"bezkName":"Morges","kantId":22,"kantName":"Waadt"}},{"arcs":[[-6270,-6272,6281]],"type":"Polygon","properties":{"vogeId":5434,"vogeName":"Saint-George","bezkId":2228,"bezkName":"Nyon","kantId":22,"kantName":"Waadt"}},{"arcs":[[-6256,6282,6283,-6245]],"type":"Polygon","properties":{"vogeId":5435,"vogeName":"Saint-Livres","bezkId":2227,"bezkName":"Morges","kantId":22,"kantName":"Waadt"}},{"arcs":[[-6268,6284,6285,-6273]],"type":"Polygon","properties":{"vogeId":5436,"vogeName":"Saint-Oyens","bezkId":2227,"bezkName":"Morges","kantId":22,"kantName":"Waadt"}},{"arcs":[[-6257,-6243,-6266]],"type":"Polygon","properties":{"vogeId":5437,"vogeName":"Saubraz","bezkId":2227,"bezkName":"Morges","kantId":22,"kantName":"Waadt"}},{"arcs":[[6286,6287,-3792,-3813,-3541,-3518,6288]],"type":"Polygon","properties":{"vogeId":5451,"vogeName":"Avenches","bezkId":2222,"bezkName":"Broye-Vully","kantId":22,"kantName":"Waadt"}},{"arcs":[[6289,-3824,6290]],"type":"Polygon","properties":{"vogeId":5456,"vogeName":"Cudrefin","bezkId":2222,"bezkName":"Broye-Vully","kantId":22,"kantName":"Waadt"}},{"arcs":[[-3804,-3788,-3816,-3793,-6288,6291]],"type":"Polygon","properties":{"vogeId":5458,"vogeName":"Faoug","bezkId":2222,"bezkName":"Broye-Vully","kantId":22,"kantName":"Waadt"}},{"arcs":[[-3823,6292,-6289,-3517,-3538,6293,-6291]],"type":"Polygon","properties":{"vogeId":5464,"vogeName":"Vully-les-Lacs","bezkId":2222,"bezkName":"Broye-Vully","kantId":22,"kantName":"Waadt"}},{"arcs":[[6294,6295,6296,6297,6298,6299]],"type":"Polygon","properties":{"vogeId":5471,"vogeName":"Bettens","bezkId":2223,"bezkName":"Gros-de-Vaud","kantId":22,"kantName":"Waadt"}},{"arcs":[[-6299,6300,6301,6302,6303]],"type":"Polygon","properties":{"vogeId":5472,"vogeName":"Bournens","bezkId":2223,"bezkName":"Gros-de-Vaud","kantId":22,"kantName":"Waadt"}},{"arcs":[[-6298,6304,6305,6306,6307,-6301]],"type":"Polygon","properties":{"vogeId":5473,"vogeName":"Boussens","bezkId":2223,"bezkName":"Gros-de-Vaud","kantId":22,"kantName":"Waadt"}},{"arcs":[[6308,6309,6310,6311,6312,6313,6314,6315]],"type":"Polygon","properties":{"vogeId":5474,"vogeName":"La Chaux (Cossonay)","bezkId":2227,"bezkName":"Morges","kantId":22,"kantName":"Waadt"}},{"arcs":[[6316,-6315,6317,6318,6319]],"type":"Polygon","properties":{"vogeId":5475,"vogeName":"Chavannes-le-Veyron","bezkId":2227,"bezkName":"Morges","kantId":22,"kantName":"Waadt"}},{"arcs":[[6320,6321,6322,-6310,6323]],"type":"Polygon","properties":{"vogeId":5476,"vogeName":"Chevilly","bezkId":2227,"bezkName":"Morges","kantId":22,"kantName":"Waadt"}},{"arcs":[[6324,6325,6326,6327,6328,-6312]],"type":"Polygon","properties":{"vogeId":5477,"vogeName":"Cossonay","bezkId":2227,"bezkName":"Morges","kantId":22,"kantName":"Waadt"}},{"arcs":[[6329,-6316,-6317,6330,6331]],"type":"Polygon","properties":{"vogeId":5479,"vogeName":"Cuarnens","bezkId":2227,"bezkName":"Morges","kantId":22,"kantName":"Waadt"}},{"arcs":[[6332,6333,-6300,-6304,6334,6335,6336]],"type":"Polygon","properties":{"vogeId":5480,"vogeName":"Daillens","bezkId":2223,"bezkName":"Gros-de-Vaud","kantId":22,"kantName":"Waadt"}},{"arcs":[[-6323,6337,6338,-6325,-6311]],"type":"Polygon","properties":{"vogeId":5481,"vogeName":"Dizy","bezkId":2227,"bezkName":"Morges","kantId":22,"kantName":"Waadt"}},{"arcs":[[6339,6340,-6333,6341,6342,6343]],"type":"Polygon","properties":{"vogeId":5482,"vogeName":"Eclépens","bezkId":2227,"bezkName":"Morges","kantId":22,"kantName":"Waadt"}},{"arcs":[[6344,6345,-6321,6346]],"type":"Polygon","properties":{"vogeId":5483,"vogeName":"Ferreyres","bezkId":2227,"bezkName":"Morges","kantId":22,"kantName":"Waadt"}},{"arcs":[[6347,6348,6349,6350,6351,6352,-6328]],"type":"Polygon","properties":{"vogeId":5484,"vogeName":"Gollion","bezkId":2227,"bezkName":"Morges","kantId":22,"kantName":"Waadt"}},{"arcs":[[-6314,6353,6354,6355,-6318]],"type":"Polygon","properties":{"vogeId":5485,"vogeName":"Grancy","bezkId":2227,"bezkName":"Morges","kantId":22,"kantName":"Waadt"}},{"arcs":[[6356,-6331,-6320,6357,6358,6359]],"type":"Polygon","properties":{"vogeId":5486,"vogeName":"L'Isle","bezkId":2227,"bezkName":"Morges","kantId":22,"kantName":"Waadt"}},{"arcs":[[6360,-6342,-6337,6361,-6326,-6339]],"type":"Polygon","properties":{"vogeId":5487,"vogeName":"Lussery-Villars","bezkId":2223,"bezkName":"Gros-de-Vaud","kantId":22,"kantName":"Waadt"}},{"arcs":[[6362,-6358]],"type":"Polygon","properties":{"vogeId":5488,"vogeName":"Mauraz","bezkId":2227,"bezkName":"Morges","kantId":22,"kantName":"Waadt"}},{"arcs":[[6363,6364,6365,6366,6367]],"type":"Polygon","properties":{"vogeId":5489,"vogeName":"Mex (VD)","bezkId":2223,"bezkName":"Gros-de-Vaud","kantId":22,"kantName":"Waadt"}},{"arcs":[[6368,-6347,-6324,-6309,-6330,6369,6370,6371]],"type":"Polygon","properties":{"vogeId":5490,"vogeName":"Moiry","bezkId":2227,"bezkName":"Morges","kantId":22,"kantName":"Waadt"}},{"arcs":[[6372,6373,-6370,-6332,-6357,6374,6375]],"type":"Polygon","properties":{"vogeId":5491,"vogeName":"Mont-la-Ville","bezkId":2227,"bezkName":"Morges","kantId":22,"kantName":"Waadt"}},{"arcs":[[-6359,6376,-6280,-6251,6377]],"type":"Polygon","properties":{"vogeId":5492,"vogeName":"Montricher","bezkId":2227,"bezkName":"Morges","kantId":22,"kantName":"Waadt"}},{"arcs":[[6378,-6344,6379,6380]],"type":"Polygon","properties":{"vogeId":5493,"vogeName":"Orny","bezkId":2227,"bezkName":"Morges","kantId":22,"kantName":"Waadt"}},{"arcs":[[-6362,-6336,6381,-6348,-6327]],"type":"Polygon","properties":{"vogeId":5495,"vogeName":"Penthalaz","bezkId":2223,"bezkName":"Gros-de-Vaud","kantId":22,"kantName":"Waadt"}},{"arcs":[[-6335,-6303,6382,6383,-6349,-6382]],"type":"Polygon","properties":{"vogeId":5496,"vogeName":"Penthaz","bezkId":2223,"bezkName":"Gros-de-Vaud","kantId":22,"kantName":"Waadt"}},{"arcs":[[6384,-6381,6385,6386]],"type":"Polygon","properties":{"vogeId":5497,"vogeName":"Pompaples","bezkId":2227,"bezkName":"Morges","kantId":22,"kantName":"Waadt"}},{"arcs":[[6387,6388,-6386,-6380,-6343,-6361,-6338,-6322,-6346,6389]],"type":"Polygon","properties":{"vogeId":5498,"vogeName":"La Sarraz","bezkId":2227,"bezkName":"Morges","kantId":22,"kantName":"Waadt"}},{"arcs":[[-6313,-6329,-6353,6390,-6354]],"type":"Polygon","properties":{"vogeId":5499,"vogeName":"Senarclens","bezkId":2227,"bezkName":"Morges","kantId":22,"kantName":"Waadt"}},{"arcs":[[-6302,-6308,6391,6392,-6364,6393,-6383]],"type":"Polygon","properties":{"vogeId":5501,"vogeName":"Sullens","bezkId":2223,"bezkName":"Gros-de-Vaud","kantId":22,"kantName":"Waadt"}},{"arcs":[[-6384,-6394,-6368,6394,6395,-6350]],"type":"Polygon","properties":{"vogeId":5503,"vogeName":"Vufflens-la-Ville","bezkId":2223,"bezkName":"Gros-de-Vaud","kantId":22,"kantName":"Waadt"}},{"arcs":[[6396,6397,6398,6399,6400,-6305,-6297,6401]],"type":"Polygon","properties":{"vogeId":5511,"vogeName":"Assens","bezkId":2223,"bezkName":"Gros-de-Vaud","kantId":22,"kantName":"Waadt"}},{"arcs":[[6402,6403,6404,6405,6406,6407]],"type":"Polygon","properties":{"vogeId":5512,"vogeName":"Bercher","bezkId":2223,"bezkName":"Gros-de-Vaud","kantId":22,"kantName":"Waadt"}},{"arcs":[[6408,6409,6410,6411,6412,6413,-6398]],"type":"Polygon","properties":{"vogeId":5514,"vogeName":"Bottens","bezkId":2223,"bezkName":"Gros-de-Vaud","kantId":22,"kantName":"Waadt"}},{"arcs":[[-6399,-6414,6414,6415,6416]],"type":"Polygon","properties":{"vogeId":5515,"vogeName":"Bretigny-sur-Morrens","bezkId":2223,"bezkName":"Gros-de-Vaud","kantId":22,"kantName":"Waadt"}},{"arcs":[[-6416,6417,6418,6419]],"type":"Polygon","properties":{"vogeId":5516,"vogeName":"Cugy (VD)","bezkId":2223,"bezkName":"Gros-de-Vaud","kantId":22,"kantName":"Waadt"}},{"arcs":[[6420,6421,-6409,-6397,6422,6423]],"type":"Polygon","properties":{"vogeId":5518,"vogeName":"Echallens","bezkId":2223,"bezkName":"Gros-de-Vaud","kantId":22,"kantName":"Waadt"}},{"arcs":[[6424,6425,6426,6427,6428,6429,6430,6431,6432]],"type":"Polygon","properties":{"vogeId":5520,"vogeName":"Essertines-sur-Yverdon","bezkId":2223,"bezkName":"Gros-de-Vaud","kantId":22,"kantName":"Waadt"}},{"arcs":[[-6401,6433,6434,-6306]],"type":"Polygon","properties":{"vogeId":5521,"vogeName":"Etagnières","bezkId":2223,"bezkName":"Gros-de-Vaud","kantId":22,"kantName":"Waadt"}},{"arcs":[[6435,6436,-6407,6437,6438,6439,6440,6441]],"type":"Polygon","properties":{"vogeId":5522,"vogeName":"Fey","bezkId":2223,"bezkName":"Gros-de-Vaud","kantId":22,"kantName":"Waadt"}},{"arcs":[[6442,6443,6444,6445,6446,-6412]],"type":"Polygon","properties":{"vogeId":5523,"vogeName":"Froideville","bezkId":2223,"bezkName":"Gros-de-Vaud","kantId":22,"kantName":"Waadt"}},{"arcs":[[-6400,-6417,-6420,6447,6448,-6434]],"type":"Polygon","properties":{"vogeId":5527,"vogeName":"Morrens (VD)","bezkId":2223,"bezkName":"Gros-de-Vaud","kantId":22,"kantName":"Waadt"}},{"arcs":[[6449,6450,6451,-6295,-6334,-6341]],"type":"Polygon","properties":{"vogeId":5529,"vogeName":"Oulens-sous-Echallens","bezkId":2223,"bezkName":"Gros-de-Vaud","kantId":22,"kantName":"Waadt"}},{"arcs":[[6452,6453,6454,-6436,6455,-6429]],"type":"Polygon","properties":{"vogeId":5530,"vogeName":"Pailly","bezkId":2223,"bezkName":"Gros-de-Vaud","kantId":22,"kantName":"Waadt"}},{"arcs":[[6456,6457,6458,6459,6460]],"type":"Polygon","properties":{"vogeId":5531,"vogeName":"Penthéréaz","bezkId":2223,"bezkName":"Gros-de-Vaud","kantId":22,"kantName":"Waadt"}},{"arcs":[[6461,-6443,-6411,6462]],"type":"Polygon","properties":{"vogeId":5533,"vogeName":"Poliez-Pittet","bezkId":2223,"bezkName":"Gros-de-Vaud","kantId":22,"kantName":"Waadt"}},{"arcs":[[6463,-6408,-6437,-6455]],"type":"Polygon","properties":{"vogeId":5534,"vogeName":"Rueyres","bezkId":2223,"bezkName":"Gros-de-Vaud","kantId":22,"kantName":"Waadt"}},{"arcs":[[-6423,-6402,-6296,-6452,6464]],"type":"Polygon","properties":{"vogeId":5535,"vogeName":"Saint-Barthélemy (VD)","bezkId":2223,"bezkName":"Gros-de-Vaud","kantId":22,"kantName":"Waadt"}},{"arcs":[[-6458,6465,-6441,6466,-6421,6467]],"type":"Polygon","properties":{"vogeId":5537,"vogeName":"Villars-le-Terroir","bezkId":2223,"bezkName":"Gros-de-Vaud","kantId":22,"kantName":"Waadt"}},{"arcs":[[-6430,-6456,-6442,-6466,-6457,6468]],"type":"Polygon","properties":{"vogeId":5539,"vogeName":"Vuarrens","bezkId":2223,"bezkName":"Gros-de-Vaud","kantId":22,"kantName":"Waadt"}},{"arcs":[[6469,-6463,-6410,-6422,-6467,-6440,6470]],"type":"Polygon","properties":{"vogeId":5540,"vogeName":"Montilliez","bezkId":2223,"bezkName":"Gros-de-Vaud","kantId":22,"kantName":"Waadt"}},{"arcs":[[-6451,6471,-6459,-6468,-6424,-6465]],"type":"Polygon","properties":{"vogeId":5541,"vogeName":"Goumoëns","bezkId":2223,"bezkName":"Gros-de-Vaud","kantId":22,"kantName":"Waadt"}},{"arcs":[[6472,6473,6474,6475,6476,6477,6478]],"type":"Polygon","properties":{"vogeId":5551,"vogeName":"Bonvillars","bezkId":2224,"bezkName":"Jura-Nord vaudois","kantId":22,"kantName":"Waadt"}},{"arcs":[[6479,6480,6481,6482,6483,6484]],"type":"Polygon","properties":{"vogeId":5552,"vogeName":"Bullet","bezkId":2224,"bezkName":"Jura-Nord vaudois","kantId":22,"kantName":"Waadt"}},{"arcs":[[-6478,6485,6486,6487,6488]],"type":"Polygon","properties":{"vogeId":5553,"vogeName":"Champagne","bezkId":2224,"bezkName":"Jura-Nord vaudois","kantId":22,"kantName":"Waadt"}},{"arcs":[[6489,6490,6491,6492,6493,-6474]],"type":"Polygon","properties":{"vogeId":5554,"vogeName":"Concise","bezkId":2224,"bezkName":"Jura-Nord vaudois","kantId":22,"kantName":"Waadt"}},{"arcs":[[-6494,6494,6495]],"type":"Polygon","properties":{"vogeId":5555,"vogeName":"Corcelles-près-Concise","bezkId":2224,"bezkName":"Jura-Nord vaudois","kantId":22,"kantName":"Waadt"}},{"arcs":[[[6496,-6487,6497,6498]],[[6499,6500,-6485,6501]]],"type":"MultiPolygon","properties":{"vogeId":5556,"vogeName":"Fiez","bezkId":2224,"bezkName":"Jura-Nord vaudois","kantId":22,"kantName":"Waadt"}},{"arcs":[[6502,6503,-6488,-6497,6504,6505,6506,-6480,-6501,6507]],"type":"Polygon","properties":{"vogeId":5557,"vogeName":"Fontaines-sur-Grandson","bezkId":2224,"bezkName":"Jura-Nord vaudois","kantId":22,"kantName":"Waadt"}},{"arcs":[[-6505,-6499,6508,6509,6510,6511,6512]],"type":"Polygon","properties":{"vogeId":5559,"vogeName":"Giez","bezkId":2224,"bezkName":"Jura-Nord vaudois","kantId":22,"kantName":"Waadt"}},{"arcs":[[-6507,6513,-6481]],"type":"Polygon","properties":{"vogeId":5560,"vogeName":"Grandevent","bezkId":2224,"bezkName":"Jura-Nord vaudois","kantId":22,"kantName":"Waadt"}},{"arcs":[[-6486,-6477,6514,6515,6516,-6509,-6498]],"type":"Polygon","properties":{"vogeId":5561,"vogeName":"Grandson","bezkId":2224,"bezkName":"Jura-Nord vaudois","kantId":22,"kantName":"Waadt"}},{"arcs":[[6517,6518,-6503]],"type":"Polygon","properties":{"vogeId":5562,"vogeName":"Mauborget","bezkId":2224,"bezkName":"Jura-Nord vaudois","kantId":22,"kantName":"Waadt"}},{"arcs":[[6519,-6491,6520]],"type":"Polygon","properties":{"vogeId":5563,"vogeName":"Mutrux","bezkId":2224,"bezkName":"Jura-Nord vaudois","kantId":22,"kantName":"Waadt"}},{"arcs":[[-6482,-6514,-6506,-6513,6521]],"type":"Polygon","properties":{"vogeId":5564,"vogeName":"Novalles","bezkId":2224,"bezkName":"Jura-Nord vaudois","kantId":22,"kantName":"Waadt"}},{"arcs":[[-6496,6522,-6475]],"type":"Polygon","properties":{"vogeId":5565,"vogeName":"Onnens (VD)","bezkId":2224,"bezkName":"Jura-Nord vaudois","kantId":22,"kantName":"Waadt"}},{"arcs":[[6523,-6521,-6490,-6473,6524,6525]],"type":"Polygon","properties":{"vogeId":5566,"vogeName":"Provence","bezkId":2224,"bezkName":"Jura-Nord vaudois","kantId":22,"kantName":"Waadt"}},{"arcs":[[-6502,-6484,6526,6527,6528,6529]],"type":"Polygon","properties":{"vogeId":5568,"vogeName":"Sainte-Croix","bezkId":2224,"bezkName":"Jura-Nord vaudois","kantId":22,"kantName":"Waadt"}},{"arcs":[[-6479,-6489,-6504,-6519,6530,-6525]],"type":"Polygon","properties":{"vogeId":5571,"vogeName":"Tévenon","bezkId":2224,"bezkName":"Jura-Nord vaudois","kantId":22,"kantName":"Waadt"}},{"arcs":[[6531,6532,6533,6534]],"type":"Polygon","properties":{"vogeId":5581,"vogeName":"Belmont-sur-Lausanne","bezkId":2226,"bezkName":"Lavaux-Oron","kantId":22,"kantName":"Waadt"}},{"arcs":[[-6307,-6435,-6449,6535,6536,-6392]],"type":"Polygon","properties":{"vogeId":5582,"vogeName":"Cheseaux-sur-Lausanne","bezkId":2225,"bezkName":"Lausanne","kantId":22,"kantName":"Waadt"}},{"arcs":[[-6393,-6537,6537,6538,6539,6540,6541,6542,-6365]],"type":"Polygon","properties":{"vogeId":5583,"vogeName":"Crissier","bezkId":2229,"bezkName":"Ouest lausannois","kantId":22,"kantName":"Waadt"}},{"arcs":[[6543,6544]],"type":"Polygon","properties":{"vogeId":5584,"vogeName":"Epalinges","bezkId":2225,"bezkName":"Lausanne","kantId":22,"kantName":"Waadt"}},{"arcs":[[6545,6546,6547,6548,-6539]],"type":"Polygon","properties":{"vogeId":5585,"vogeName":"Jouxtens-Mézery","bezkId":2225,"bezkName":"Lausanne","kantId":22,"kantName":"Waadt"}},{"arcs":[[[-6413,-6447,6549,6550,6551,6552,6553,6554,6555,6556,6557,6558,6559,-6545,6560,-6418,-6415]],[[6561,-6546,-6538,-6536,-6448,6562]]],"type":"MultiPolygon","properties":{"vogeId":5586,"vogeName":"Lausanne","bezkId":2225,"bezkName":"Lausanne","kantId":22,"kantName":"Waadt"}},{"arcs":[[-6419,-6561,-6544,-6560,6563,-6563]],"type":"Polygon","properties":{"vogeId":5587,"vogeName":"Le Mont-sur-Lausanne","bezkId":2225,"bezkName":"Lausanne","kantId":22,"kantName":"Waadt"}},{"arcs":[[-6534,6564,6565,6566]],"type":"Polygon","properties":{"vogeId":5588,"vogeName":"Paudex","bezkId":2226,"bezkName":"Lavaux-Oron","kantId":22,"kantName":"Waadt"}},{"arcs":[[6567,-6558,6568,-6548]],"type":"Polygon","properties":{"vogeId":5589,"vogeName":"Prilly","bezkId":2229,"bezkName":"Ouest lausannois","kantId":22,"kantName":"Waadt"}},{"arcs":[[6569,-6535,-6567,6570,-6552]],"type":"Polygon","properties":{"vogeId":5590,"vogeName":"Pully","bezkId":2226,"bezkName":"Lavaux-Oron","kantId":22,"kantName":"Waadt"}},{"arcs":[[-6549,-6569,-6557,6571,-6540]],"type":"Polygon","properties":{"vogeId":5591,"vogeName":"Renens (VD)","bezkId":2229,"bezkName":"Ouest lausannois","kantId":22,"kantName":"Waadt"}},{"arcs":[[-6562,-6564,-6559,-6568,-6547]],"type":"Polygon","properties":{"vogeId":5592,"vogeName":"Romanel-sur-Lausanne","bezkId":2225,"bezkName":"Lausanne","kantId":22,"kantName":"Waadt"}},{"arcs":[[6572,6573,6574]],"type":"Polygon","properties":{"vogeId":5601,"vogeName":"Chexbres","bezkId":2226,"bezkName":"Lavaux-Oron","kantId":22,"kantName":"Waadt"}},{"arcs":[[6575,6576,6577,6578,6579]],"type":"Polygon","properties":{"vogeId":5604,"vogeName":"Forel (Lavaux)","bezkId":2226,"bezkName":"Lavaux-Oron","kantId":22,"kantName":"Waadt"}},{"arcs":[[6580,6581,6582,-6565,-6533]],"type":"Polygon","properties":{"vogeId":5606,"vogeName":"Lutry","bezkId":2226,"bezkName":"Lavaux-Oron","kantId":22,"kantName":"Waadt"}},{"arcs":[[6583,-3871,6584,6585,-6573,6586,6587,6588,-6578]],"type":"Polygon","properties":{"vogeId":5607,"vogeName":"Puidoux","bezkId":2226,"bezkName":"Lavaux-Oron","kantId":22,"kantName":"Waadt"}},{"arcs":[[-6575,6589,6590,-6587]],"type":"Polygon","properties":{"vogeId":5609,"vogeName":"Rivaz","bezkId":2226,"bezkName":"Lavaux-Oron","kantId":22,"kantName":"Waadt"}},{"arcs":[[-6586,6591,6592,-6590,-6574]],"type":"Polygon","properties":{"vogeId":5610,"vogeName":"Saint-Saphorin (Lavaux)","bezkId":2226,"bezkName":"Lavaux-Oron","kantId":22,"kantName":"Waadt"}},{"arcs":[[6593,6594,-6580,6595,-6581,-6532,-6570,-6551]],"type":"Polygon","properties":{"vogeId":5611,"vogeName":"Savigny","bezkId":2226,"bezkName":"Lavaux-Oron","kantId":22,"kantName":"Waadt"}},{"arcs":[[-6589,6596,-6582,-6596,-6579]],"type":"Polygon","properties":{"vogeId":5613,"vogeName":"Bourg-en-Lavaux","bezkId":2226,"bezkName":"Lavaux-Oron","kantId":22,"kantName":"Waadt"}},{"arcs":[[-6351,-6396,6597,6598,6599,6600,6601]],"type":"Polygon","properties":{"vogeId":5621,"vogeName":"Aclens","bezkId":2227,"bezkName":"Morges","kantId":22,"kantName":"Waadt"}},{"arcs":[[-6599,6602,6603,6604,6605,6606]],"type":"Polygon","properties":{"vogeId":5622,"vogeName":"Bremblens","bezkId":2227,"bezkName":"Morges","kantId":22,"kantName":"Waadt"}},{"arcs":[[6607,6608,6609,6610]],"type":"Polygon","properties":{"vogeId":5623,"vogeName":"Buchillon","bezkId":2227,"bezkName":"Morges","kantId":22,"kantName":"Waadt"}},{"arcs":[[-6367,6611,-6542,6612,6613,-6603,-6598,-6395]],"type":"Polygon","properties":{"vogeId":5624,"vogeName":"Bussigny","bezkId":2229,"bezkName":"Ouest lausannois","kantId":22,"kantName":"Waadt"}},{"arcs":[[-6572,-6556,6614]],"type":"Polygon","properties":{"vogeId":5627,"vogeName":"Chavannes-près-Renens","bezkId":2229,"bezkName":"Ouest lausannois","kantId":22,"kantName":"Waadt"}},{"arcs":[[6615,6616,6617,6618]],"type":"Polygon","properties":{"vogeId":5628,"vogeName":"Chigny","bezkId":2227,"bezkName":"Morges","kantId":22,"kantName":"Waadt"}},{"arcs":[[6619,6620,6621]],"type":"Polygon","properties":{"vogeId":5629,"vogeName":"Clarmont","bezkId":2227,"bezkName":"Morges","kantId":22,"kantName":"Waadt"}},{"arcs":[[6622,6623,6624,6625,6626,6627]],"type":"Polygon","properties":{"vogeId":5631,"vogeName":"Denens","bezkId":2227,"bezkName":"Morges","kantId":22,"kantName":"Waadt"}},{"arcs":[[6628,6629,6630,6631]],"type":"Polygon","properties":{"vogeId":5632,"vogeName":"Denges","bezkId":2227,"bezkName":"Morges","kantId":22,"kantName":"Waadt"}},{"arcs":[[-6614,6632,-6629,6633,-6604]],"type":"Polygon","properties":{"vogeId":5633,"vogeName":"Echandens","bezkId":2227,"bezkName":"Morges","kantId":22,"kantName":"Waadt"}},{"arcs":[[6634,6635,-6601,6636,-6606,6637,6638,6639,6640,-6620]],"type":"Polygon","properties":{"vogeId":5634,"vogeName":"Echichens","bezkId":2227,"bezkName":"Morges","kantId":22,"kantName":"Waadt"}},{"arcs":[[-6613,-6541,-6615,-6555,6641,-6630,-6633]],"type":"Polygon","properties":{"vogeId":5635,"vogeName":"Ecublens (VD)","bezkId":2229,"bezkName":"Ouest lausannois","kantId":22,"kantName":"Waadt"}},{"arcs":[[6642,6643,-6608,6644,-6237,6645]],"type":"Polygon","properties":{"vogeId":5636,"vogeName":"Etoy","bezkId":2227,"bezkName":"Morges","kantId":22,"kantName":"Waadt"}},{"arcs":[[6646,6647,-6646,-6236,-6284]],"type":"Polygon","properties":{"vogeId":5637,"vogeName":"Lavigny","bezkId":2227,"bezkName":"Morges","kantId":22,"kantName":"Waadt"}},{"arcs":[[-6605,-6634,-6632,6648,6649,-6638]],"type":"Polygon","properties":{"vogeId":5638,"vogeName":"Lonay","bezkId":2227,"bezkName":"Morges","kantId":22,"kantName":"Waadt"}},{"arcs":[[6650,-6619,6651,6652,6653,-6625]],"type":"Polygon","properties":{"vogeId":5639,"vogeName":"Lully (VD)","bezkId":2227,"bezkName":"Morges","kantId":22,"kantName":"Waadt"}},{"arcs":[[-6626,-6654,6654,6655]],"type":"Polygon","properties":{"vogeId":5640,"vogeName":"Lussy-sur-Morges","bezkId":2227,"bezkName":"Morges","kantId":22,"kantName":"Waadt"}},{"arcs":[[-6639,-6650,6656,6657,6658,-6617,6659]],"type":"Polygon","properties":{"vogeId":5642,"vogeName":"Morges","bezkId":2227,"bezkName":"Morges","kantId":22,"kantName":"Waadt"}},{"arcs":[[-6649,-6631,6660,6661,-6657]],"type":"Polygon","properties":{"vogeId":5643,"vogeName":"Préverenges","bezkId":2227,"bezkName":"Morges","kantId":22,"kantName":"Waadt"}},{"arcs":[[-6600,-6607,-6637]],"type":"Polygon","properties":{"vogeId":5645,"vogeName":"Romanel-sur-Morges","bezkId":2227,"bezkName":"Morges","kantId":22,"kantName":"Waadt"}},{"arcs":[[6662,-6655,-6653,6663,6664,-6609,-6644]],"type":"Polygon","properties":{"vogeId":5646,"vogeName":"Saint-Prex","bezkId":2227,"bezkName":"Morges","kantId":22,"kantName":"Waadt"}},{"arcs":[[-6554,6665,-6661,-6642]],"type":"Polygon","properties":{"vogeId":5648,"vogeName":"Saint-Sulpice (VD)","bezkId":2229,"bezkName":"Ouest lausannois","kantId":22,"kantName":"Waadt"}},{"arcs":[[-6618,-6659,6666,-6664,-6652]],"type":"Polygon","properties":{"vogeId":5649,"vogeName":"Tolochenaz","bezkId":2227,"bezkName":"Morges","kantId":22,"kantName":"Waadt"}},{"arcs":[[-6641,6667,6668,-6621]],"type":"Polygon","properties":{"vogeId":5650,"vogeName":"Vaux-sur-Morges","bezkId":2227,"bezkName":"Morges","kantId":22,"kantName":"Waadt"}},{"arcs":[[-6366,-6543,-6612]],"type":"Polygon","properties":{"vogeId":5651,"vogeName":"Villars-Sainte-Croix","bezkId":2229,"bezkName":"Ouest lausannois","kantId":22,"kantName":"Waadt"}},{"arcs":[[6669,-6627,-6656,-6663,-6643,-6648]],"type":"Polygon","properties":{"vogeId":5652,"vogeName":"Villars-sous-Yens","bezkId":2227,"bezkName":"Morges","kantId":22,"kantName":"Waadt"}},{"arcs":[[-6668,-6640,-6660,-6616,-6651,-6624,6670]],"type":"Polygon","properties":{"vogeId":5653,"vogeName":"Vufflens-le-Château","bezkId":2227,"bezkName":"Morges","kantId":22,"kantName":"Waadt"}},{"arcs":[[-6391,-6352,-6602,-6636,6671,-6355]],"type":"Polygon","properties":{"vogeId":5654,"vogeName":"Vullierens","bezkId":2227,"bezkName":"Morges","kantId":22,"kantName":"Waadt"}},{"arcs":[[-6248,6672,-6628,-6670,-6647,-6283,-6255]],"type":"Polygon","properties":{"vogeId":5655,"vogeName":"Yens","bezkId":2227,"bezkName":"Morges","kantId":22,"kantName":"Waadt"}},{"arcs":[[-6319,-6356,-6672,-6635,-6622,-6669,-6671,-6623,-6673,-6247,-6281,-6377,-6363]],"type":"Polygon","properties":{"vogeId":5656,"vogeName":"Hautemorges","bezkId":2227,"bezkName":"Morges","kantId":22,"kantName":"Waadt"}},{"arcs":[[6673,-6438,-6406]],"type":"Polygon","properties":{"vogeId":5661,"vogeName":"Boulens","bezkId":2223,"bezkName":"Gros-de-Vaud","kantId":22,"kantName":"Waadt"}},{"arcs":[[6674,6675,6676]],"type":"Polygon","properties":{"vogeId":5663,"vogeName":"Bussy-sur-Moudon","bezkId":2222,"bezkName":"Broye-Vully","kantId":22,"kantName":"Waadt"}},{"arcs":[[6677,-3609,6678,6679]],"type":"Polygon","properties":{"vogeId":5665,"vogeName":"Chavannes-sur-Moudon","bezkId":2222,"bezkName":"Broye-Vully","kantId":22,"kantName":"Waadt"}},{"arcs":[[6680,6681,6682,6683,6684,6685]],"type":"Polygon","properties":{"vogeId":5669,"vogeName":"Curtilles","bezkId":2222,"bezkName":"Broye-Vully","kantId":22,"kantName":"Waadt"}},{"arcs":[[6686,-3596,6687,6688,-6682]],"type":"Polygon","properties":{"vogeId":5671,"vogeName":"Dompierre (VD)","bezkId":2222,"bezkName":"Broye-Vully","kantId":22,"kantName":"Waadt"}},{"arcs":[[6689,6690,6691,6692,6693,6694,6695]],"type":"Polygon","properties":{"vogeId":5673,"vogeName":"Hermenches","bezkId":2222,"bezkName":"Broye-Vully","kantId":22,"kantName":"Waadt"}},{"arcs":[[-6689,6696,-3568,6697,-6683]],"type":"Polygon","properties":{"vogeId":5674,"vogeName":"Lovatens","bezkId":2222,"bezkName":"Broye-Vully","kantId":22,"kantName":"Waadt"}},{"arcs":[[[-3567,-3606,-3610,-6678,6698,-6684,-6698]],[[6699,-6675,6700,6701,-3514,-3527,6702,-6686]]],"type":"MultiPolygon","properties":{"vogeId":5675,"vogeName":"Lucens","bezkId":2222,"bezkName":"Broye-Vully","kantId":22,"kantName":"Waadt"}},{"arcs":[[-6700,-6685,-6699,-6680,6703,6704,6705,-6690,6706,6707,-6676]],"type":"Polygon","properties":{"vogeId":5678,"vogeName":"Moudon","bezkId":2222,"bezkName":"Broye-Vully","kantId":22,"kantName":"Waadt"}},{"arcs":[[6708,6709,-6404,6710]],"type":"Polygon","properties":{"vogeId":5680,"vogeName":"Ogens","bezkId":2223,"bezkName":"Gros-de-Vaud","kantId":22,"kantName":"Waadt"}},{"arcs":[[-6688,-3595,-3569,-6697]],"type":"Polygon","properties":{"vogeId":5683,"vogeName":"Prévonloup","bezkId":2222,"bezkName":"Broye-Vully","kantId":22,"kantName":"Waadt"}},{"arcs":[[-6706,6711,-6691]],"type":"Polygon","properties":{"vogeId":5684,"vogeName":"Rossenges","bezkId":2222,"bezkName":"Broye-Vully","kantId":22,"kantName":"Waadt"}},{"arcs":[[-6705,6712,6713,-6692,-6712]],"type":"Polygon","properties":{"vogeId":5688,"vogeName":"Syens","bezkId":2222,"bezkName":"Broye-Vully","kantId":22,"kantName":"Waadt"}},{"arcs":[[-3515,-6702,6714]],"type":"Polygon","properties":{"vogeId":5690,"vogeName":"Villars-le-Comte","bezkId":2222,"bezkName":"Broye-Vully","kantId":22,"kantName":"Waadt"}},{"arcs":[[-6714,6715,6716,6717,-6693]],"type":"Polygon","properties":{"vogeId":5692,"vogeName":"Vucherens","bezkId":2222,"bezkName":"Broye-Vully","kantId":22,"kantName":"Waadt"}},{"arcs":[[6718,-6471,-6439,-6674,-6405,-6710,6719,6720,6721,-3548,6722,-3516,-6715,-6701,-6677,-6708]],"type":"Polygon","properties":{"vogeId":5693,"vogeName":"Montanaire","bezkId":2223,"bezkName":"Gros-de-Vaud","kantId":22,"kantName":"Waadt"}},{"arcs":[[6723,6724,6725,6726]],"type":"Polygon","properties":{"vogeId":5701,"vogeName":"Arnex-sur-Nyon","bezkId":2228,"bezkName":"Nyon","kantId":22,"kantName":"Waadt"}},{"arcs":[[6727,6728,6729,6730,6731,6732,6733]],"type":"Polygon","properties":{"vogeId":5702,"vogeName":"Arzier-Le Muids","bezkId":2228,"bezkName":"Nyon","kantId":22,"kantName":"Waadt"}},{"arcs":[[6734,-6279,6735,6736,6737,-6729]],"type":"Polygon","properties":{"vogeId":5703,"vogeName":"Bassins","bezkId":2228,"bezkName":"Nyon","kantId":22,"kantName":"Waadt"}},{"arcs":[[6738,6739,6740,6741,-6737]],"type":"Polygon","properties":{"vogeId":5704,"vogeName":"Begnins","bezkId":2228,"bezkName":"Nyon","kantId":22,"kantName":"Waadt"}},{"arcs":[[6742,6743,6744,6745,6746,6747]],"type":"Polygon","properties":{"vogeId":5705,"vogeName":"Bogis-Bossey","bezkId":2228,"bezkName":"Nyon","kantId":22,"kantName":"Waadt"}},{"arcs":[[6748,6749,6750,-6724,6751,6752]],"type":"Polygon","properties":{"vogeId":5706,"vogeName":"Borex","bezkId":2228,"bezkName":"Nyon","kantId":22,"kantName":"Waadt"}},{"arcs":[[-6747,6753,6754,6755,6756]],"type":"Polygon","properties":{"vogeId":5707,"vogeName":"Chavannes-de-Bogis","bezkId":2228,"bezkName":"Nyon","kantId":22,"kantName":"Waadt"}},{"arcs":[[6757,6758,6759,6760,6761]],"type":"Polygon","properties":{"vogeId":5708,"vogeName":"Chavannes-des-Bois","bezkId":2228,"bezkName":"Nyon","kantId":22,"kantName":"Waadt"}},{"arcs":[[6762,6763,-6753,6764,6765]],"type":"Polygon","properties":{"vogeId":5709,"vogeName":"Chéserex","bezkId":2228,"bezkName":"Nyon","kantId":22,"kantName":"Waadt"}},{"arcs":[[6766,6767,6768,6769]],"type":"Polygon","properties":{"vogeId":5710,"vogeName":"Coinsins","bezkId":2228,"bezkName":"Nyon","kantId":22,"kantName":"Waadt"}},{"arcs":[[-6756,6770,6771,6772,-6759,6773]],"type":"Polygon","properties":{"vogeId":5711,"vogeName":"Commugny","bezkId":2228,"bezkName":"Nyon","kantId":22,"kantName":"Waadt"}},{"arcs":[[6774,6775,6776,-6772]],"type":"Polygon","properties":{"vogeId":5712,"vogeName":"Coppet","bezkId":2228,"bezkName":"Nyon","kantId":22,"kantName":"Waadt"}},{"arcs":[[6777,6778,6779,6780,-6726]],"type":"Polygon","properties":{"vogeId":5713,"vogeName":"Crans (VD)","bezkId":2228,"bezkName":"Nyon","kantId":22,"kantName":"Waadt"}},{"arcs":[[-6765,-6752,-6727,6781,-6743,6782,6783]],"type":"Polygon","properties":{"vogeId":5714,"vogeName":"Crassier","bezkId":2228,"bezkName":"Nyon","kantId":22,"kantName":"Waadt"}},{"arcs":[[6784,-6770,6785,6786,6787]],"type":"Polygon","properties":{"vogeId":5715,"vogeName":"Duillier","bezkId":2228,"bezkName":"Nyon","kantId":22,"kantName":"Waadt"}},{"arcs":[[6788,6789,-6778,-6725,-6751]],"type":"Polygon","properties":{"vogeId":5716,"vogeName":"Eysins","bezkId":2228,"bezkName":"Nyon","kantId":22,"kantName":"Waadt"}},{"arcs":[[-6745,6790,6791,-6775,-6771,-6755,6792]],"type":"Polygon","properties":{"vogeId":5717,"vogeName":"Founex","bezkId":2228,"bezkName":"Nyon","kantId":22,"kantName":"Waadt"}},{"arcs":[[-6731,6793,-6767,6794]],"type":"Polygon","properties":{"vogeId":5718,"vogeName":"Genolier","bezkId":2228,"bezkName":"Nyon","kantId":22,"kantName":"Waadt"}},{"arcs":[[6795,6796,6797,6798,-6763,6799]],"type":"Polygon","properties":{"vogeId":5719,"vogeName":"Gingins","bezkId":2228,"bezkName":"Nyon","kantId":22,"kantName":"Waadt"}},{"arcs":[[6800,-6732,-6795,-6785,6801]],"type":"Polygon","properties":{"vogeId":5720,"vogeName":"Givrins","bezkId":2228,"bezkName":"Nyon","kantId":22,"kantName":"Waadt"}},{"arcs":[[-6741,6802,6803,6804,6805,6806]],"type":"Polygon","properties":{"vogeId":5721,"vogeName":"Gland","bezkId":2228,"bezkName":"Nyon","kantId":22,"kantName":"Waadt"}},{"arcs":[[6807,6808,6809,-6749,-6764,-6799]],"type":"Polygon","properties":{"vogeId":5722,"vogeName":"Grens","bezkId":2228,"bezkName":"Nyon","kantId":22,"kantName":"Waadt"}},{"arcs":[[-6761,6810,6811,6812]],"type":"Polygon","properties":{"vogeId":5723,"vogeName":"Mies","bezkId":2228,"bezkName":"Nyon","kantId":22,"kantName":"Waadt"}},{"arcs":[[6813,-6787,6814,6815,-6779,-6790,6816,-6809]],"type":"Polygon","properties":{"vogeId":5724,"vogeName":"Nyon","bezkId":2228,"bezkName":"Nyon","kantId":22,"kantName":"Waadt"}},{"arcs":[[-6769,6817,-6806,6818,-6815,-6786]],"type":"Polygon","properties":{"vogeId":5725,"vogeName":"Prangins","bezkId":2228,"bezkName":"Nyon","kantId":22,"kantName":"Waadt"}},{"arcs":[[-6800,-6766,-6784,6819]],"type":"Polygon","properties":{"vogeId":5726,"vogeName":"La Rippe","bezkId":2228,"bezkName":"Nyon","kantId":22,"kantName":"Waadt"}},{"arcs":[[-6733,-6801,6820,-6797,6821]],"type":"Polygon","properties":{"vogeId":5727,"vogeName":"Saint-Cergue","bezkId":2228,"bezkName":"Nyon","kantId":22,"kantName":"Waadt"}},{"arcs":[[-6810,-6817,-6789,-6750]],"type":"Polygon","properties":{"vogeId":5728,"vogeName":"Signy-Avenex","bezkId":2228,"bezkName":"Nyon","kantId":22,"kantName":"Waadt"}},{"arcs":[[-6773,-6777,6822,-6811,-6760]],"type":"Polygon","properties":{"vogeId":5729,"vogeName":"Tannay","bezkId":2228,"bezkName":"Nyon","kantId":22,"kantName":"Waadt"}},{"arcs":[[-6821,-6802,-6788,-6814,-6808,-6798]],"type":"Polygon","properties":{"vogeId":5730,"vogeName":"Trélex","bezkId":2228,"bezkName":"Nyon","kantId":22,"kantName":"Waadt"}},{"arcs":[[-6278,6823,-6736]],"type":"Polygon","properties":{"vogeId":5731,"vogeName":"Le Vaud","bezkId":2228,"bezkName":"Nyon","kantId":22,"kantName":"Waadt"}},{"arcs":[[-6738,-6742,-6807,-6818,-6768,-6794,-6730]],"type":"Polygon","properties":{"vogeId":5732,"vogeName":"Vich","bezkId":2228,"bezkName":"Nyon","kantId":22,"kantName":"Waadt"}},{"arcs":[[6824,6825,6826,6827,6828,6829]],"type":"Polygon","properties":{"vogeId":5741,"vogeName":"L'Abergement","bezkId":2224,"bezkName":"Jura-Nord vaudois","kantId":22,"kantName":"Waadt"}},{"arcs":[[6830,6831,6832,6833,6834,6835]],"type":"Polygon","properties":{"vogeId":5742,"vogeName":"Agiez","bezkId":2224,"bezkName":"Jura-Nord vaudois","kantId":22,"kantName":"Waadt"}},{"arcs":[[-6834,6836,6837,6838,-6387,-6389,6839,6840]],"type":"Polygon","properties":{"vogeId":5743,"vogeName":"Arnex-sur-Orbe","bezkId":2224,"bezkName":"Jura-Nord vaudois","kantId":22,"kantName":"Waadt"}},{"arcs":[[6841,6842,6843,6844]],"type":"Polygon","properties":{"vogeId":5744,"vogeName":"Ballaigues","bezkId":2224,"bezkName":"Jura-Nord vaudois","kantId":22,"kantName":"Waadt"}},{"arcs":[[6845,6846,6847,-6825,6848,-6528]],"type":"Polygon","properties":{"vogeId":5745,"vogeName":"Baulmes","bezkId":2224,"bezkName":"Jura-Nord vaudois","kantId":22,"kantName":"Waadt"}},{"arcs":[[-6839,6849,-6460,-6472,-6450,-6340,-6379,-6385]],"type":"Polygon","properties":{"vogeId":5746,"vogeName":"Bavois","bezkId":2224,"bezkName":"Jura-Nord vaudois","kantId":22,"kantName":"Waadt"}},{"arcs":[[-6835,-6841,6850,6851,6852]],"type":"Polygon","properties":{"vogeId":5747,"vogeName":"Bofflens","bezkId":2224,"bezkName":"Jura-Nord vaudois","kantId":22,"kantName":"Waadt"}},{"arcs":[[6853,-6836,-6853,6854,6855]],"type":"Polygon","properties":{"vogeId":5748,"vogeName":"Bretonnières","bezkId":2224,"bezkName":"Jura-Nord vaudois","kantId":22,"kantName":"Waadt"}},{"arcs":[[-6431,-6469,-6461,-6850,-6838,6856,6857,6858]],"type":"Polygon","properties":{"vogeId":5749,"vogeName":"Chavornay","bezkId":2224,"bezkName":"Jura-Nord vaudois","kantId":22,"kantName":"Waadt"}},{"arcs":[[-6828,6859,6860,-6831,-6854,6861,6862,-6844,6863]],"type":"Polygon","properties":{"vogeId":5750,"vogeName":"Les Clées","bezkId":2224,"bezkName":"Jura-Nord vaudois","kantId":22,"kantName":"Waadt"}},{"arcs":[[-6851,-6840,-6388,6864]],"type":"Polygon","properties":{"vogeId":5752,"vogeName":"Croy","bezkId":2224,"bezkName":"Jura-Nord vaudois","kantId":22,"kantName":"Waadt"}},{"arcs":[[6865,6866,-6372,6867,-6373]],"type":"Polygon","properties":{"vogeId":5754,"vogeName":"Juriens","bezkId":2224,"bezkName":"Jura-Nord vaudois","kantId":22,"kantName":"Waadt"}},{"arcs":[[6868,-6829,-6864,-6843]],"type":"Polygon","properties":{"vogeId":5755,"vogeName":"Lignerolle","bezkId":2224,"bezkName":"Jura-Nord vaudois","kantId":22,"kantName":"Waadt"}},{"arcs":[[6869,6870,-6832,-6861]],"type":"Polygon","properties":{"vogeId":5756,"vogeName":"Montcherand","bezkId":2224,"bezkName":"Jura-Nord vaudois","kantId":22,"kantName":"Waadt"}},{"arcs":[[6871,6872,-6857,-6837,-6833,-6871,6873]],"type":"Polygon","properties":{"vogeId":5757,"vogeName":"Orbe","bezkId":2224,"bezkName":"Jura-Nord vaudois","kantId":22,"kantName":"Waadt"}},{"arcs":[[-6868,-6371,-6374]],"type":"Polygon","properties":{"vogeId":5758,"vogeName":"La Praz","bezkId":2224,"bezkName":"Jura-Nord vaudois","kantId":22,"kantName":"Waadt"}},{"arcs":[[-6862,-6856,6874,6875,6876]],"type":"Polygon","properties":{"vogeId":5759,"vogeName":"Premier","bezkId":2224,"bezkName":"Jura-Nord vaudois","kantId":22,"kantName":"Waadt"}},{"arcs":[[-6848,6877,6878,6879,6880,-6826]],"type":"Polygon","properties":{"vogeId":5760,"vogeName":"Rances","bezkId":2224,"bezkName":"Jura-Nord vaudois","kantId":22,"kantName":"Waadt"}},{"arcs":[[-6855,-6852,-6865,-6390,-6345,-6369,-6867,6881,-6875]],"type":"Polygon","properties":{"vogeId":5761,"vogeName":"Romainmôtier-Envy","bezkId":2224,"bezkName":"Jura-Nord vaudois","kantId":22,"kantName":"Waadt"}},{"arcs":[[-6881,6882,-6860,-6827]],"type":"Polygon","properties":{"vogeId":5762,"vogeName":"Sergey","bezkId":2224,"bezkName":"Jura-Nord vaudois","kantId":22,"kantName":"Waadt"}},{"arcs":[[-6880,6883,-6874,-6870,-6883]],"type":"Polygon","properties":{"vogeId":5763,"vogeName":"Valeyres-sous-Rances","bezkId":2224,"bezkName":"Jura-Nord vaudois","kantId":22,"kantName":"Waadt"}},{"arcs":[[-6863,-6877,6884,6885,6886,6887,-6845]],"type":"Polygon","properties":{"vogeId":5764,"vogeName":"Vallorbe","bezkId":2224,"bezkName":"Jura-Nord vaudois","kantId":22,"kantName":"Waadt"}},{"arcs":[[-6876,-6882,-6866,-6376,6888,-6885]],"type":"Polygon","properties":{"vogeId":5765,"vogeName":"Vaulion","bezkId":2224,"bezkName":"Jura-Nord vaudois","kantId":22,"kantName":"Waadt"}},{"arcs":[[6889,6890,6891,-6846,-6527]],"type":"Polygon","properties":{"vogeId":5766,"vogeName":"Vuiteboeuf","bezkId":2224,"bezkName":"Jura-Nord vaudois","kantId":22,"kantName":"Waadt"}},{"arcs":[[-6695,6892,6893,-6445,6894]],"type":"Polygon","properties":{"vogeId":5785,"vogeName":"Corcelles-le-Jorat","bezkId":2222,"bezkName":"Broye-Vully","kantId":22,"kantName":"Waadt"}},{"arcs":[[-3878,-3881,-3865,-3875,6895]],"type":"Polygon","properties":{"vogeId":5790,"vogeName":"Maracon","bezkId":2226,"bezkName":"Lavaux-Oron","kantId":22,"kantName":"Waadt"}},{"arcs":[[6896,6897,6898,-6594,-6550,-6446,-6894]],"type":"Polygon","properties":{"vogeId":5792,"vogeName":"Montpreveyres","bezkId":2226,"bezkName":"Lavaux-Oron","kantId":22,"kantName":"Waadt"}},{"arcs":[[-6694,-6718,6899,-6897,-6893]],"type":"Polygon","properties":{"vogeId":5798,"vogeName":"Ropraz","bezkId":2222,"bezkName":"Broye-Vully","kantId":22,"kantName":"Waadt"}},{"arcs":[[6900,-3598,6901,-6576,-6595,-6899]],"type":"Polygon","properties":{"vogeId":5799,"vogeName":"Servion","bezkId":2226,"bezkName":"Lavaux-Oron","kantId":22,"kantName":"Waadt"}},{"arcs":[[-6679,-3608,-3600,6902,-6716,-6713,-6704]],"type":"Polygon","properties":{"vogeId":5803,"vogeName":"Vulliens","bezkId":2222,"bezkName":"Broye-Vully","kantId":22,"kantName":"Waadt"}},{"arcs":[[-6444,-6462,-6470,-6719,-6707,-6696,-6895]],"type":"Polygon","properties":{"vogeId":5804,"vogeName":"Jorat-Menthue","bezkId":2223,"bezkName":"Gros-de-Vaud","kantId":22,"kantName":"Waadt"}},{"arcs":[[-3884,-3879,-6896,-3874,-3856,-3863,-3872,-6584,-6577,-6902,-3603]],"type":"Polygon","properties":{"vogeId":5805,"vogeName":"Oron","bezkId":2226,"bezkName":"Lavaux-Oron","kantId":22,"kantName":"Waadt"}},{"arcs":[[-3599,-6901,-6898,-6900,-6717,-6903]],"type":"Polygon","properties":{"vogeId":5806,"vogeName":"Jorat-Mézières","bezkId":2226,"bezkName":"Lavaux-Oron","kantId":22,"kantName":"Waadt"}},{"arcs":[[6903,6904,6905,-3546,6906,6907]],"type":"Polygon","properties":{"vogeId":5812,"vogeName":"Champtauroz","bezkId":2222,"bezkName":"Broye-Vully","kantId":22,"kantName":"Waadt"}},{"arcs":[[-3497,6908,-3555,6909]],"type":"Polygon","properties":{"vogeId":5813,"vogeName":"Chevroux","bezkId":2222,"bezkName":"Broye-Vully","kantId":22,"kantName":"Waadt"}},{"arcs":[[6910,-3544,-3503,6911,6912,-3531]],"type":"Polygon","properties":{"vogeId":5816,"vogeName":"Corcelles-près-Payerne","bezkId":2222,"bezkName":"Broye-Vully","kantId":22,"kantName":"Waadt"}},{"arcs":[[-3496,-3532,-6913,6913,-3556,-6909]],"type":"Polygon","properties":{"vogeId":5817,"vogeName":"Grandcour","bezkId":2222,"bezkName":"Broye-Vully","kantId":22,"kantName":"Waadt"}},{"arcs":[[6914,6915,-3525,6916]],"type":"Polygon","properties":{"vogeId":5819,"vogeName":"Henniez","bezkId":2222,"bezkName":"Broye-Vully","kantId":22,"kantName":"Waadt"}},{"arcs":[[-3520,-3540,-6911,-3530]],"type":"Polygon","properties":{"vogeId":5821,"vogeName":"Missy","bezkId":2222,"bezkName":"Broye-Vully","kantId":22,"kantName":"Waadt"}},{"arcs":[[-6914,-6912,-3502,-3624,6917,-3562,-3490,-3557]],"type":"Polygon","properties":{"vogeId":5822,"vogeName":"Payerne","bezkId":2222,"bezkName":"Broye-Vully","kantId":22,"kantName":"Waadt"}},{"arcs":[[-6918,-3623,-3575,6918,-3563]],"type":"Polygon","properties":{"vogeId":5827,"vogeName":"Trey","bezkId":2222,"bezkName":"Broye-Vully","kantId":22,"kantName":"Waadt"}},{"arcs":[[-3551,-3510,6919,-6905,6920]],"type":"Polygon","properties":{"vogeId":5828,"vogeName":"Treytorrens (Payerne)","bezkId":2222,"bezkName":"Broye-Vully","kantId":22,"kantName":"Waadt"}},{"arcs":[[-6915,6921,-3578,-3625,-3592,6922]],"type":"Polygon","properties":{"vogeId":5830,"vogeName":"Villarzel","bezkId":2222,"bezkName":"Broye-Vully","kantId":22,"kantName":"Waadt"}},{"arcs":[[[-3597,-6687,-6681,-6703,-3526,-6916,-6923]],[[-3534,-3564,-6919,-3579,-6922,-6917,-3528,-3512,-6723,-3547,-6906,-6920,-3509]]],"type":"MultiPolygon","properties":{"vogeId":5831,"vogeName":"Valbroye","bezkId":2222,"bezkName":"Broye-Vully","kantId":22,"kantName":"Waadt"}},{"arcs":[[-3710,6923,-2720,-2715,-6224,-6221,-6232,6924,-3632,-3671]],"type":"Polygon","properties":{"vogeId":5841,"vogeName":"Château-d'Oex","bezkId":2230,"bezkName":"Riviera-Pays-d'Enhaut","kantId":22,"kantName":"Waadt"}},{"arcs":[[-6925,-6231,6925,-3633]],"type":"Polygon","properties":{"vogeId":5842,"vogeName":"Rossinière","bezkId":2230,"bezkName":"Riviera-Pays-d'Enhaut","kantId":22,"kantName":"Waadt"}},{"arcs":[[-3709,-2721,-6924]],"type":"Polygon","properties":{"vogeId":5843,"vogeName":"Rougemont","bezkId":2230,"bezkName":"Riviera-Pays-d'Enhaut","kantId":22,"kantName":"Waadt"}},{"arcs":[[-6238,-6645,-6611,6926,6927,-6263]],"type":"Polygon","properties":{"vogeId":5851,"vogeName":"Allaman","bezkId":2227,"bezkName":"Morges","kantId":22,"kantName":"Waadt"}},{"arcs":[[6928,6929,6930,6931,6932]],"type":"Polygon","properties":{"vogeId":5852,"vogeName":"Bursinel","bezkId":2228,"bezkName":"Nyon","kantId":22,"kantName":"Waadt"}},{"arcs":[[6933,6934,-6933,6935,6936,6937]],"type":"Polygon","properties":{"vogeId":5853,"vogeName":"Bursins","bezkId":2228,"bezkName":"Nyon","kantId":22,"kantName":"Waadt"}},{"arcs":[[-6286,6938,6939,-6934,6940,6941,-6739,-6824,-6277,-6274]],"type":"Polygon","properties":{"vogeId":5854,"vogeName":"Burtigny","bezkId":2228,"bezkName":"Nyon","kantId":22,"kantName":"Waadt"}},{"arcs":[[-6936,-6932,6942,-6804,6943]],"type":"Polygon","properties":{"vogeId":5855,"vogeName":"Dully","bezkId":2228,"bezkName":"Nyon","kantId":22,"kantName":"Waadt"}},{"arcs":[[-6267,-6241,6944,6945,6946,-6939,-6285]],"type":"Polygon","properties":{"vogeId":5856,"vogeName":"Essertines-sur-Rolle","bezkId":2228,"bezkName":"Nyon","kantId":22,"kantName":"Waadt"}},{"arcs":[[-6947,6947,6948,-6929,-6935,-6940]],"type":"Polygon","properties":{"vogeId":5857,"vogeName":"Gilly","bezkId":2228,"bezkName":"Nyon","kantId":22,"kantName":"Waadt"}},{"arcs":[[-6942,6949,-6937,-6944,-6803,-6740]],"type":"Polygon","properties":{"vogeId":5858,"vogeName":"Luins","bezkId":2228,"bezkName":"Nyon","kantId":22,"kantName":"Waadt"}},{"arcs":[[-6262,6950,6951,-6945]],"type":"Polygon","properties":{"vogeId":5859,"vogeName":"Mont-sur-Rolle","bezkId":2228,"bezkName":"Nyon","kantId":22,"kantName":"Waadt"}},{"arcs":[[-6261,-6264,-6928,6952,6953,-6951]],"type":"Polygon","properties":{"vogeId":5860,"vogeName":"Perroy","bezkId":2228,"bezkName":"Nyon","kantId":22,"kantName":"Waadt"}},{"arcs":[[-6952,-6954,6954,-6930,-6949,6955]],"type":"Polygon","properties":{"vogeId":5861,"vogeName":"Rolle","bezkId":2228,"bezkName":"Nyon","kantId":22,"kantName":"Waadt"}},{"arcs":[[-6946,-6956,-6948]],"type":"Polygon","properties":{"vogeId":5862,"vogeName":"Tartegnin","bezkId":2228,"bezkName":"Nyon","kantId":22,"kantName":"Waadt"}},{"arcs":[[-6941,-6938,-6950]],"type":"Polygon","properties":{"vogeId":5863,"vogeName":"Vinzel","bezkId":2228,"bezkName":"Nyon","kantId":22,"kantName":"Waadt"}},{"arcs":[[-6886,-6889,-6375,-6360,-6378,6956,6957,6958]],"type":"Polygon","properties":{"vogeId":5871,"vogeName":"L'Abbaye","bezkId":2224,"bezkName":"Jura-Nord vaudois","kantId":22,"kantName":"Waadt"}},{"arcs":[[6959,6960,-6957,-6254,-6259,-6265,-6282,-6271,-6276,-6735,-6728,6961]],"type":"Polygon","properties":{"vogeId":5872,"vogeName":"Le Chenit","bezkId":2224,"bezkName":"Jura-Nord vaudois","kantId":22,"kantName":"Waadt"}},{"arcs":[[-6887,-6959,6962,-6960,6963]],"type":"Polygon","properties":{"vogeId":5873,"vogeName":"Le Lieu","bezkId":2224,"bezkName":"Jura-Nord vaudois","kantId":22,"kantName":"Waadt"}},{"arcs":[[-3870,-3860,6964,6965,6966,6967,-6592,-6585]],"type":"Polygon","properties":{"vogeId":5882,"vogeName":"Chardonne","bezkId":2230,"bezkName":"Riviera-Pays-d'Enhaut","kantId":22,"kantName":"Waadt"}},{"arcs":[[-6967,6968,6969,6970]],"type":"Polygon","properties":{"vogeId":5883,"vogeName":"Corseaux","bezkId":2230,"bezkName":"Riviera-Pays-d'Enhaut","kantId":22,"kantName":"Waadt"}},{"arcs":[[-3873,-3868,6971,6972,-6969,-6966,6973,-3858]],"type":"Polygon","properties":{"vogeId":5884,"vogeName":"Corsier-sur-Vevey","bezkId":2230,"bezkName":"Riviera-Pays-d'Enhaut","kantId":22,"kantName":"Waadt"}},{"arcs":[[-3859,-6974,-6965]],"type":"Polygon","properties":{"vogeId":5885,"vogeName":"Jongny","bezkId":2230,"bezkName":"Riviera-Pays-d'Enhaut","kantId":22,"kantName":"Waadt"}},{"arcs":[[6974,-3635,6975,6976,6977]],"type":"Polygon","properties":{"vogeId":5886,"vogeName":"Montreux","bezkId":2230,"bezkName":"Riviera-Pays-d'Enhaut","kantId":22,"kantName":"Waadt"}},{"arcs":[[6978,-6978,6979,6980]],"type":"Polygon","properties":{"vogeId":5889,"vogeName":"La Tour-de-Peilz","bezkId":2230,"bezkName":"Riviera-Pays-d'Enhaut","kantId":22,"kantName":"Waadt"}},{"arcs":[[-6973,6981,-6981,6982,-6970]],"type":"Polygon","properties":{"vogeId":5890,"vogeName":"Vevey","bezkId":2230,"bezkName":"Riviera-Pays-d'Enhaut","kantId":22,"kantName":"Waadt"}},{"arcs":[[-6926,-6234,6983,-6976,-3634]],"type":"Polygon","properties":{"vogeId":5891,"vogeName":"Veytaux","bezkId":2230,"bezkName":"Riviera-Pays-d'Enhaut","kantId":22,"kantName":"Waadt"}},{"arcs":[[-3636,-6975,-6979,-6982,-6972,-3867]],"type":"Polygon","properties":{"vogeId":5892,"vogeName":"Blonay - Saint-Légier","bezkId":2230,"bezkName":"Riviera-Pays-d'Enhaut","kantId":22,"kantName":"Waadt"}},{"arcs":[[6984,-6433,6985,6986]],"type":"Polygon","properties":{"vogeId":5902,"vogeName":"Belmont-sur-Yverdon","bezkId":2224,"bezkName":"Jura-Nord vaudois","kantId":22,"kantName":"Waadt"}},{"arcs":[[6987,-6720,-6709,6988,6989]],"type":"Polygon","properties":{"vogeId":5903,"vogeName":"Bioley-Magnoux","bezkId":2224,"bezkName":"Jura-Nord vaudois","kantId":22,"kantName":"Waadt"}},{"arcs":[[6990,6991,6992,6993]],"type":"Polygon","properties":{"vogeId":5904,"vogeName":"Chamblon","bezkId":2224,"bezkName":"Jura-Nord vaudois","kantId":22,"kantName":"Waadt"}},{"arcs":[[-6892,6994,6995,6996,-6994,6997,6998,-6878,-6847]],"type":"Polygon","properties":{"vogeId":5905,"vogeName":"Champvent","bezkId":2224,"bezkName":"Jura-Nord vaudois","kantId":22,"kantName":"Waadt"}},{"arcs":[[-3559,-3549,-6921,-6904,6999,7000,7001]],"type":"Polygon","properties":{"vogeId":5907,"vogeName":"Chavannes-le-Chêne","bezkId":2224,"bezkName":"Jura-Nord vaudois","kantId":22,"kantName":"Waadt"}},{"arcs":[[-7000,-6908,7002,7003]],"type":"Polygon","properties":{"vogeId":5908,"vogeName":"Chêne-Pâquier","bezkId":2224,"bezkName":"Jura-Nord vaudois","kantId":22,"kantName":"Waadt"}},{"arcs":[[7004,7005,7006,7007,7008]],"type":"Polygon","properties":{"vogeId":5909,"vogeName":"Cheseaux-Noréaz","bezkId":2224,"bezkName":"Jura-Nord vaudois","kantId":22,"kantName":"Waadt"}},{"arcs":[[7009,7010,7011,7012,7013,7014]],"type":"Polygon","properties":{"vogeId":5910,"vogeName":"Cronay","bezkId":2224,"bezkName":"Jura-Nord vaudois","kantId":22,"kantName":"Waadt"}},{"arcs":[[7015,7016,-7015,7017,7018,-7007]],"type":"Polygon","properties":{"vogeId":5911,"vogeName":"Cuarny","bezkId":2224,"bezkName":"Jura-Nord vaudois","kantId":22,"kantName":"Waadt"}},{"arcs":[[-7003,-6907,-3545,-6722,7019,7020]],"type":"Polygon","properties":{"vogeId":5912,"vogeName":"Démoret","bezkId":2224,"bezkName":"Jura-Nord vaudois","kantId":22,"kantName":"Waadt"}},{"arcs":[[7021,7022,-7020,-6721,-6988,7023,-7011]],"type":"Polygon","properties":{"vogeId":5913,"vogeName":"Donneloye","bezkId":2224,"bezkName":"Jura-Nord vaudois","kantId":22,"kantName":"Waadt"}},{"arcs":[[7024,7025,-6987,7026,-6858,-6873,7027,7028]],"type":"Polygon","properties":{"vogeId":5914,"vogeName":"Ependes (VD)","bezkId":2224,"bezkName":"Jura-Nord vaudois","kantId":22,"kantName":"Waadt"}},{"arcs":[[-6999,7029,-7028,-6872,-6884,-6879]],"type":"Polygon","properties":{"vogeId":5919,"vogeName":"Mathod","bezkId":2224,"bezkName":"Jura-Nord vaudois","kantId":22,"kantName":"Waadt"}},{"arcs":[[7030,-7001,-7004,-7021,-7023,7031]],"type":"Polygon","properties":{"vogeId":5921,"vogeName":"Molondin","bezkId":2224,"bezkName":"Jura-Nord vaudois","kantId":22,"kantName":"Waadt"}},{"arcs":[[-6516,7032,7033,7034,-6991,-6997,7035]],"type":"Polygon","properties":{"vogeId":5922,"vogeName":"Montagny-près-Yverdon","bezkId":2224,"bezkName":"Jura-Nord vaudois","kantId":22,"kantName":"Waadt"}},{"arcs":[[-6989,-6711,-6403,-6464,-6454,7036]],"type":"Polygon","properties":{"vogeId":5923,"vogeName":"Oppens","bezkId":2223,"bezkName":"Gros-de-Vaud","kantId":22,"kantName":"Waadt"}},{"arcs":[[7037,-6511,7038,-6995,-6891]],"type":"Polygon","properties":{"vogeId":5924,"vogeName":"Orges","bezkId":2224,"bezkName":"Jura-Nord vaudois","kantId":22,"kantName":"Waadt"}},{"arcs":[[-7012,-7024,-6990,-7037,-6453,-6428,7039]],"type":"Polygon","properties":{"vogeId":5925,"vogeName":"Orzens","bezkId":2224,"bezkName":"Jura-Nord vaudois","kantId":22,"kantName":"Waadt"}},{"arcs":[[-7018,-7014,7040,7041,7042]],"type":"Polygon","properties":{"vogeId":5926,"vogeName":"Pomy","bezkId":2224,"bezkName":"Jura-Nord vaudois","kantId":22,"kantName":"Waadt"}},{"arcs":[[-3560,-7002,-7031,7043]],"type":"Polygon","properties":{"vogeId":5928,"vogeName":"Rovray","bezkId":2224,"bezkName":"Jura-Nord vaudois","kantId":22,"kantName":"Waadt"}},{"arcs":[[-7027,-6986,-6432,-6859]],"type":"Polygon","properties":{"vogeId":5929,"vogeName":"Suchy","bezkId":2224,"bezkName":"Jura-Nord vaudois","kantId":22,"kantName":"Waadt"}},{"arcs":[[-6993,7044,-7029,-7030,-6998]],"type":"Polygon","properties":{"vogeId":5930,"vogeName":"Suscévaz","bezkId":2224,"bezkName":"Jura-Nord vaudois","kantId":22,"kantName":"Waadt"}},{"arcs":[[-7035,7045,-7025,-7045,-6992]],"type":"Polygon","properties":{"vogeId":5931,"vogeName":"Treycovagnes","bezkId":2224,"bezkName":"Jura-Nord vaudois","kantId":22,"kantName":"Waadt"}},{"arcs":[[-7041,-7013,-7040,-6427,7046]],"type":"Polygon","properties":{"vogeId":5932,"vogeName":"Ursins","bezkId":2224,"bezkName":"Jura-Nord vaudois","kantId":22,"kantName":"Waadt"}},{"arcs":[[-7039,-6510,-6517,-7036,-6996]],"type":"Polygon","properties":{"vogeId":5933,"vogeName":"Valeyres-sous-Montagny","bezkId":2224,"bezkName":"Jura-Nord vaudois","kantId":22,"kantName":"Waadt"}},{"arcs":[[-7042,-7047,-6426,7047]],"type":"Polygon","properties":{"vogeId":5934,"vogeName":"Valeyres-sous-Ursins","bezkId":2224,"bezkName":"Jura-Nord vaudois","kantId":22,"kantName":"Waadt"}},{"arcs":[[-7006,7048,-7016]],"type":"Polygon","properties":{"vogeId":5935,"vogeName":"Villars-Epeney","bezkId":2224,"bezkName":"Jura-Nord vaudois","kantId":22,"kantName":"Waadt"}},{"arcs":[[-6522,-6512,-7038,-6890,-6483]],"type":"Polygon","properties":{"vogeId":5937,"vogeName":"Vugelles-La Mothe","bezkId":2224,"bezkName":"Jura-Nord vaudois","kantId":22,"kantName":"Waadt"}},{"arcs":[[-7048,-6425,-6985,-7026,-7046,-7034,7049,-7008,-7019,-7043]],"type":"Polygon","properties":{"vogeId":5938,"vogeName":"Yverdon-les-Bains","bezkId":2224,"bezkName":"Jura-Nord vaudois","kantId":22,"kantName":"Waadt"}},{"arcs":[[7050,-3561,-7044,-7032,-7022,-7010,-7017,-7049,-7005]],"type":"Polygon","properties":{"vogeId":5939,"vogeName":"Yvonand","bezkId":2224,"bezkName":"Jura-Nord vaudois","kantId":22,"kantName":"Waadt"}},{"arcs":[[7051,7052,7053,7054,7055,7056,7057]],"type":"Polygon","properties":{"vogeId":6002,"vogeName":"Brig-Glis","bezkId":2301,"bezkName":"Brig","kantId":23,"kantName":"Wallis"}},{"arcs":[[7058,7059,7060,7061,7062]],"type":"Polygon","properties":{"vogeId":6004,"vogeName":"Eggerberg","bezkId":2301,"bezkName":"Brig","kantId":23,"kantName":"Wallis"}},{"arcs":[[7063,7064,7065,7066,7067,7068,-7058,7069,-7060,7070]],"type":"Polygon","properties":{"vogeId":6007,"vogeName":"Naters","bezkId":2301,"bezkName":"Brig","kantId":23,"kantName":"Wallis"}},{"arcs":[[7071,7072,7073,7074,-7053,7075]],"type":"Polygon","properties":{"vogeId":6008,"vogeName":"Ried-Brig","bezkId":2301,"bezkName":"Brig","kantId":23,"kantName":"Wallis"}},{"arcs":[[-7075,7076,7077,7078,7079,7080,7081,-7054]],"type":"Polygon","properties":{"vogeId":6009,"vogeName":"Simplon","bezkId":2301,"bezkName":"Brig","kantId":23,"kantName":"Wallis"}},{"arcs":[[7082,7083,7084,-7076,-7052,-7069,7085]],"type":"Polygon","properties":{"vogeId":6010,"vogeName":"Termen","bezkId":2301,"bezkName":"Brig","kantId":23,"kantName":"Wallis"}},{"arcs":[[-7074,7086,7087,-7077]],"type":"Polygon","properties":{"vogeId":6011,"vogeName":"Zwischbergen","bezkId":2301,"bezkName":"Brig","kantId":23,"kantName":"Wallis"}},{"arcs":[[7088,7089,7090,7091]],"type":"Polygon","properties":{"vogeId":6021,"vogeName":"Ardon","bezkId":2302,"bezkName":"Conthey","kantId":23,"kantName":"Wallis"}},{"arcs":[[-6186,7092,-7091,7093,7094,7095]],"type":"Polygon","properties":{"vogeId":6022,"vogeName":"Chamoson","bezkId":2302,"bezkName":"Conthey","kantId":23,"kantName":"Wallis"}},{"arcs":[[7096,7097,7098,7099,-7092,-7093,-6185,-6226]],"type":"Polygon","properties":{"vogeId":6023,"vogeName":"Conthey","bezkId":2302,"bezkName":"Conthey","kantId":23,"kantName":"Wallis"}},{"arcs":[[7100,7101,7102,7103,7104,7105,7106,7107,7108,-7094,-7090,7109,-7099]],"type":"Polygon","properties":{"vogeId":6024,"vogeName":"Nendaz","bezkId":2302,"bezkName":"Conthey","kantId":23,"kantName":"Wallis"}},{"arcs":[[-7100,-7110,-7089]],"type":"Polygon","properties":{"vogeId":6025,"vogeName":"Vétroz","bezkId":2302,"bezkName":"Conthey","kantId":23,"kantName":"Wallis"}},{"arcs":[[7110,7111,7112,7113]],"type":"Polygon","properties":{"vogeId":6032,"vogeName":"Bourg-Saint-Pierre","bezkId":2303,"bezkName":"Entremont","kantId":23,"kantName":"Wallis"}},{"arcs":[[7114,7115,-7111]],"type":"Polygon","properties":{"vogeId":6033,"vogeName":"Liddes","bezkId":2303,"bezkName":"Entremont","kantId":23,"kantName":"Wallis"}},{"arcs":[[7116,7117,7118,-7115,-7114,7119,7120,7121]],"type":"Polygon","properties":{"vogeId":6034,"vogeName":"Orsières","bezkId":2303,"bezkName":"Entremont","kantId":23,"kantName":"Wallis"}},{"arcs":[[7122,-7118,7123]],"type":"Polygon","properties":{"vogeId":6035,"vogeName":"Sembrancher","bezkId":2303,"bezkName":"Entremont","kantId":23,"kantName":"Wallis"}},{"arcs":[[7124,-7106,7125,7126,7127,-7112,-7116,-7119,-7123,7128,7129,7130]],"type":"Polygon","properties":{"vogeId":6037,"vogeName":"Val de Bagnes","bezkId":2303,"bezkName":"Entremont","kantId":23,"kantName":"Wallis"}},{"arcs":[[7131,7132,7133,7134]],"type":"Polygon","properties":{"vogeId":6052,"vogeName":"Bellwald","bezkId":2304,"bezkName":"Goms","kantId":23,"kantName":"Wallis"}},{"arcs":[[7135,7136,7137,7138]],"type":"Polygon","properties":{"vogeId":6054,"vogeName":"Binn","bezkId":2304,"bezkName":"Goms","kantId":23,"kantName":"Wallis"}},{"arcs":[[7139,7140,7141,-7133,7142,-7139]],"type":"Polygon","properties":{"vogeId":6056,"vogeName":"Ernen","bezkId":2304,"bezkName":"Goms","kantId":23,"kantName":"Wallis"}},{"arcs":[[7143,-7134,-7142,7144,7145]],"type":"Polygon","properties":{"vogeId":6057,"vogeName":"Fiesch","bezkId":2304,"bezkName":"Goms","kantId":23,"kantName":"Wallis"}},{"arcs":[[-2354,-2682,7146,-7135,-7144,7147,-7065,7148,-2384]],"type":"Polygon","properties":{"vogeId":6058,"vogeName":"Fieschertal","bezkId":2304,"bezkName":"Goms","kantId":23,"kantName":"Wallis"}},{"arcs":[[-7145,-7141,7149,7150]],"type":"Polygon","properties":{"vogeId":6061,"vogeName":"Lax","bezkId":2304,"bezkName":"Goms","kantId":23,"kantName":"Wallis"}},{"arcs":[[-2689,-3255,-3271,-5924,7151,7152,-2680]],"type":"Polygon","properties":{"vogeId":6076,"vogeName":"Obergoms","bezkId":2304,"bezkName":"Goms","kantId":23,"kantName":"Wallis"}},{"arcs":[[-7132,-7147,-2681,-7153,7153,-7136,-7143]],"type":"Polygon","properties":{"vogeId":6077,"vogeName":"Goms","bezkId":2304,"bezkName":"Goms","kantId":23,"kantName":"Wallis"}},{"arcs":[[-2705,7154,7155,7156,7157,7158,7159,-2717]],"type":"Polygon","properties":{"vogeId":6082,"vogeName":"Ayent","bezkId":2305,"bezkName":"Hérens","kantId":23,"kantName":"Wallis"}},{"arcs":[[7160,7161,7162,7163,-7127,7164]],"type":"Polygon","properties":{"vogeId":6083,"vogeName":"Evolène","bezkId":2305,"bezkName":"Hérens","kantId":23,"kantName":"Wallis"}},{"arcs":[[7165,7166,-7165,-7126,-7105]],"type":"Polygon","properties":{"vogeId":6084,"vogeName":"Hérémence","bezkId":2305,"bezkName":"Hérens","kantId":23,"kantName":"Wallis"}},{"arcs":[[7167,7168,7169,-7161,-7167]],"type":"Polygon","properties":{"vogeId":6087,"vogeName":"Saint-Martin (VS)","bezkId":2305,"bezkName":"Hérens","kantId":23,"kantName":"Wallis"}},{"arcs":[[7170,-7168,-7166,-7104,7171]],"type":"Polygon","properties":{"vogeId":6089,"vogeName":"Vex","bezkId":2305,"bezkName":"Hérens","kantId":23,"kantName":"Wallis"}},{"arcs":[[-7171,7172,7173,7174,-7169]],"type":"Polygon","properties":{"vogeId":6090,"vogeName":"Mont-Noble","bezkId":2305,"bezkName":"Hérens","kantId":23,"kantName":"Wallis"}},{"arcs":[[7175,7176,7177,7178]],"type":"Polygon","properties":{"vogeId":6101,"vogeName":"Agarn","bezkId":2306,"bezkName":"Leuk","kantId":23,"kantName":"Wallis"}},{"arcs":[[7179,7180,7181,7182]],"type":"Polygon","properties":{"vogeId":6102,"vogeName":"Albinen","bezkId":2306,"bezkName":"Leuk","kantId":23,"kantName":"Wallis"}},{"arcs":[[7183,7184,7185,7186,7187,7188]],"type":"Polygon","properties":{"vogeId":6104,"vogeName":"Ergisch","bezkId":2306,"bezkName":"Leuk","kantId":23,"kantName":"Wallis"}},{"arcs":[[7189,7190,-7183,7191,7192]],"type":"Polygon","properties":{"vogeId":6109,"vogeName":"Inden","bezkId":2306,"bezkName":"Leuk","kantId":23,"kantName":"Wallis"}},{"arcs":[[7193,7194,7195,-7179,7196,7197,7198,-7192,-7182,7199]],"type":"Polygon","properties":{"vogeId":6110,"vogeName":"Leuk","bezkId":2306,"bezkName":"Leuk","kantId":23,"kantName":"Wallis"}},{"arcs":[[-2287,-2310,7200,7201,-7180,-7191,7202,-2702]],"type":"Polygon","properties":{"vogeId":6111,"vogeName":"Leukerbad","bezkId":2306,"bezkName":"Leuk","kantId":23,"kantName":"Wallis"}},{"arcs":[[7203,-7188,7204,7205,7206,-7177]],"type":"Polygon","properties":{"vogeId":6112,"vogeName":"Oberems","bezkId":2306,"bezkName":"Leuk","kantId":23,"kantName":"Wallis"}},{"arcs":[[7207,7208,-7198,7209,7210,7211]],"type":"Polygon","properties":{"vogeId":6113,"vogeName":"Salgesch","bezkId":2306,"bezkName":"Leuk","kantId":23,"kantName":"Wallis"}},{"arcs":[[7212,-7193,-7199,-7209]],"type":"Polygon","properties":{"vogeId":6116,"vogeName":"Varen","bezkId":2306,"bezkName":"Leuk","kantId":23,"kantName":"Wallis"}},{"arcs":[[7213,-7200,-7181,-7202]],"type":"Polygon","properties":{"vogeId":6117,"vogeName":"Guttet-Feschel","bezkId":2306,"bezkName":"Leuk","kantId":23,"kantName":"Wallis"}},{"arcs":[[7214,7215,7216,-7195]],"type":"Polygon","properties":{"vogeId":6118,"vogeName":"Gampel-Bratsch","bezkId":2306,"bezkName":"Leuk","kantId":23,"kantName":"Wallis"}},{"arcs":[[-7217,7217,7218,-7189,-7204,-7176,-7196]],"type":"Polygon","properties":{"vogeId":6119,"vogeName":"Turtmann-Unterems","bezkId":2306,"bezkName":"Leuk","kantId":23,"kantName":"Wallis"}},{"arcs":[[-7129,-7124,-7117,7219,7220]],"type":"Polygon","properties":{"vogeId":6131,"vogeName":"Bovernier","bezkId":2307,"bezkName":"Martigny","kantId":23,"kantName":"Wallis"}},{"arcs":[[-6188,7221,7222,7223,7224,7225,7226,7227,7228]],"type":"Polygon","properties":{"vogeId":6133,"vogeName":"Fully","bezkId":2307,"bezkName":"Martigny","kantId":23,"kantName":"Wallis"}},{"arcs":[[-7108,7229]],"type":"Polygon","properties":{"vogeId":6134,"vogeName":"Isérables","bezkId":2307,"bezkName":"Martigny","kantId":23,"kantName":"Wallis"}},{"arcs":[[-7096,7230,7231,-7224,7232,-7222,-6187]],"type":"Polygon","properties":{"vogeId":6135,"vogeName":"Leytron","bezkId":2307,"bezkName":"Martigny","kantId":23,"kantName":"Wallis"}},{"arcs":[[-7227,7233,-7130,-7221,7234,7235,7236]],"type":"Polygon","properties":{"vogeId":6136,"vogeName":"Martigny","bezkId":2307,"bezkName":"Martigny","kantId":23,"kantName":"Wallis"}},{"arcs":[[7237,-7235,-7220,-7122,7238]],"type":"Polygon","properties":{"vogeId":6137,"vogeName":"Martigny-Combe","bezkId":2307,"bezkName":"Martigny","kantId":23,"kantName":"Wallis"}},{"arcs":[[-7109,-7230,-7107,-7125,7239,7240,-7231,-7095]],"type":"Polygon","properties":{"vogeId":6139,"vogeName":"Riddes","bezkId":2307,"bezkName":"Martigny","kantId":23,"kantName":"Wallis"}},{"arcs":[[[7241,-7225,-7232,-7241]],[[-7233,-7223]]],"type":"MultiPolygon","properties":{"vogeId":6140,"vogeName":"Saillon","bezkId":2307,"bezkName":"Martigny","kantId":23,"kantName":"Wallis"}},{"arcs":[[-7242,-7240,-7131,-7234,-7226]],"type":"Polygon","properties":{"vogeId":6141,"vogeName":"Saxon","bezkId":2307,"bezkName":"Martigny","kantId":23,"kantName":"Wallis"}},{"arcs":[[7242,-7239,-7121,7243,7244]],"type":"Polygon","properties":{"vogeId":6142,"vogeName":"Trient","bezkId":2307,"bezkName":"Martigny","kantId":23,"kantName":"Wallis"}},{"arcs":[[7245,7246,7247]],"type":"Polygon","properties":{"vogeId":6151,"vogeName":"Champéry","bezkId":2308,"bezkName":"Monthey","kantId":23,"kantName":"Wallis"}},{"arcs":[[7248,-6180,-6220,7249,7250,7251,7252]],"type":"Polygon","properties":{"vogeId":6152,"vogeName":"Collombey-Muraz","bezkId":2308,"bezkName":"Monthey","kantId":23,"kantName":"Wallis"}},{"arcs":[[[7253,7254,7255]],[[-6193,7256,7257,7258,-7250,-6219]]],"type":"MultiPolygon","properties":{"vogeId":6153,"vogeName":"Monthey","bezkId":2308,"bezkName":"Monthey","kantId":23,"kantName":"Wallis"}},{"arcs":[[7259,-6216,-6200,7260,7261]],"type":"Polygon","properties":{"vogeId":6154,"vogeName":"Port-Valais","bezkId":2308,"bezkName":"Monthey","kantId":23,"kantName":"Wallis"}},{"arcs":[[-7262,7262,7263]],"type":"Polygon","properties":{"vogeId":6155,"vogeName":"Saint-Gingolph","bezkId":2308,"bezkName":"Monthey","kantId":23,"kantName":"Wallis"}},{"arcs":[[7264,-7251,-7259,7265,7266,-7256]],"type":"Polygon","properties":{"vogeId":6156,"vogeName":"Troistorrents","bezkId":2308,"bezkName":"Monthey","kantId":23,"kantName":"Wallis"}},{"arcs":[[-7267,7267,7268,7269,-7246,7270,-7254]],"type":"Polygon","properties":{"vogeId":6157,"vogeName":"Val-d'Illiez","bezkId":2308,"bezkName":"Monthey","kantId":23,"kantName":"Wallis"}},{"arcs":[[7271,-7253,7272]],"type":"Polygon","properties":{"vogeId":6158,"vogeName":"Vionnaz","bezkId":2308,"bezkName":"Monthey","kantId":23,"kantName":"Wallis"}},{"arcs":[[-7261,-6199,-6235,-6181,-7249,-7272,7273,-7263]],"type":"Polygon","properties":{"vogeId":6159,"vogeName":"Vouvry","bezkId":2308,"bezkName":"Monthey","kantId":23,"kantName":"Wallis"}},{"arcs":[[7274,7275]],"type":"Polygon","properties":{"vogeId":6172,"vogeName":"Bister","bezkId":2309,"bezkName":"Raron","kantId":23,"kantName":"Wallis"}},{"arcs":[[7276,-7086,-7068]],"type":"Polygon","properties":{"vogeId":6173,"vogeName":"Bitsch","bezkId":2309,"bezkName":"Raron","kantId":23,"kantName":"Wallis"}},{"arcs":[[-7150,-7140,-7138,7277,-7072,-7085,-7275,7278,7279]],"type":"Polygon","properties":{"vogeId":6177,"vogeName":"Grengiols","bezkId":2309,"bezkName":"Raron","kantId":23,"kantName":"Wallis"}},{"arcs":[[7280,-7083,-7277,-7067,7281]],"type":"Polygon","properties":{"vogeId":6181,"vogeName":"Riederalp","bezkId":2309,"bezkName":"Raron","kantId":23,"kantName":"Wallis"}},{"arcs":[[7282,-7063,7283,7284]],"type":"Polygon","properties":{"vogeId":6191,"vogeName":"Ausserberg","bezkId":2309,"bezkName":"Raron","kantId":23,"kantName":"Wallis"}},{"arcs":[[-2385,-7149,-7064,7285,7286,7287,-2306]],"type":"Polygon","properties":{"vogeId":6192,"vogeName":"Blatten","bezkId":2309,"bezkName":"Raron","kantId":23,"kantName":"Wallis"}},{"arcs":[[7288,7289,7290,7291]],"type":"Polygon","properties":{"vogeId":6193,"vogeName":"Bürchen","bezkId":2309,"bezkName":"Raron","kantId":23,"kantName":"Wallis"}},{"arcs":[[7292,7293,-7184,-7219]],"type":"Polygon","properties":{"vogeId":6194,"vogeName":"Eischoll","bezkId":2309,"bezkName":"Raron","kantId":23,"kantName":"Wallis"}},{"arcs":[[-2309,7294,7295,7296,-7215,-7194,-7214,-7201]],"type":"Polygon","properties":{"vogeId":6195,"vogeName":"Ferden","bezkId":2309,"bezkName":"Raron","kantId":23,"kantName":"Wallis"}},{"arcs":[[-2308,7297,7298,-7295]],"type":"Polygon","properties":{"vogeId":6197,"vogeName":"Kippel","bezkId":2309,"bezkName":"Raron","kantId":23,"kantName":"Wallis"}},{"arcs":[[7299,7300,7301,-7293,-7218,7302,-7296,-7299]],"type":"Polygon","properties":{"vogeId":6198,"vogeName":"Niedergesteln","bezkId":2309,"bezkName":"Raron","kantId":23,"kantName":"Wallis"}},{"arcs":[[-7287,7303,-7285,7304,7305,-7289,7306,-7301,7307]],"type":"Polygon","properties":{"vogeId":6199,"vogeName":"Raron","bezkId":2309,"bezkName":"Raron","kantId":23,"kantName":"Wallis"}},{"arcs":[[-7307,-7292,7308,7309,-7185,-7294,-7302]],"type":"Polygon","properties":{"vogeId":6201,"vogeName":"Unterbäch","bezkId":2309,"bezkName":"Raron","kantId":23,"kantName":"Wallis"}},{"arcs":[[-2307,-7288,-7308,-7300,-7298]],"type":"Polygon","properties":{"vogeId":6202,"vogeName":"Wiler (Lötschen)","bezkId":2309,"bezkName":"Raron","kantId":23,"kantName":"Wallis"}},{"arcs":[[7310,-7279,-7276,-7084,-7281]],"type":"Polygon","properties":{"vogeId":6203,"vogeName":"Mörel-Filet","bezkId":2309,"bezkName":"Raron","kantId":23,"kantName":"Wallis"}},{"arcs":[[-7216,-7297,-7303]],"type":"Polygon","properties":{"vogeId":6204,"vogeName":"Steg-Hohtenn","bezkId":2309,"bezkName":"Raron","kantId":23,"kantName":"Wallis"}},{"arcs":[[-7148,-7146,-7151,-7280,-7311,-7282,-7066]],"type":"Polygon","properties":{"vogeId":6205,"vogeName":"Bettmeralp","bezkId":2309,"bezkName":"Raron","kantId":23,"kantName":"Wallis"}},{"arcs":[[-6189,-7229,7311,7312,7313,-6208]],"type":"Polygon","properties":{"vogeId":6211,"vogeName":"Collonges","bezkId":2310,"bezkName":"Saint-Maurice","kantId":23,"kantName":"Wallis"}},{"arcs":[[-7312,-7228,-7237,7314,7315]],"type":"Polygon","properties":{"vogeId":6212,"vogeName":"Dorénaz","bezkId":2310,"bezkName":"Saint-Maurice","kantId":23,"kantName":"Wallis"}},{"arcs":[[-7313,-7316,7316,7317,7318,-7247,-7270,7319]],"type":"Polygon","properties":{"vogeId":6213,"vogeName":"Evionnaz","bezkId":2310,"bezkName":"Saint-Maurice","kantId":23,"kantName":"Wallis"}},{"arcs":[[7320,-7245,7321]],"type":"Polygon","properties":{"vogeId":6214,"vogeName":"Finhaut","bezkId":2310,"bezkName":"Saint-Maurice","kantId":23,"kantName":"Wallis"}},{"arcs":[[-6192,7322,7323,-7257]],"type":"Polygon","properties":{"vogeId":6215,"vogeName":"Massongex","bezkId":2310,"bezkName":"Saint-Maurice","kantId":23,"kantName":"Wallis"}},{"arcs":[[7324,-7323,-6191,-6209,-7314,-7320,-7269]],"type":"Polygon","properties":{"vogeId":6217,"vogeName":"Saint-Maurice","bezkId":2310,"bezkName":"Saint-Maurice","kantId":23,"kantName":"Wallis"}},{"arcs":[[-7318,7325,-7238,-7243,-7321,7326]],"type":"Polygon","properties":{"vogeId":6218,"vogeName":"Salvan","bezkId":2310,"bezkName":"Saint-Maurice","kantId":23,"kantName":"Wallis"}},{"arcs":[[-7317,-7315,-7236,-7326]],"type":"Polygon","properties":{"vogeId":6219,"vogeName":"Vernayaz","bezkId":2310,"bezkName":"Saint-Maurice","kantId":23,"kantName":"Wallis"}},{"arcs":[[-7324,-7325,-7268,-7266,-7258]],"type":"Polygon","properties":{"vogeId":6220,"vogeName":"Vérossaz","bezkId":2310,"bezkName":"Saint-Maurice","kantId":23,"kantName":"Wallis"}},{"arcs":[[7327,7328,7329,7330]],"type":"Polygon","properties":{"vogeId":6232,"vogeName":"Chalais","bezkId":2311,"bezkName":"Sierre","kantId":23,"kantName":"Wallis"}},{"arcs":[[7331,7332,-7331]],"type":"Polygon","properties":{"vogeId":6235,"vogeName":"Chippis","bezkId":2311,"bezkName":"Sierre","kantId":23,"kantName":"Wallis"}},{"arcs":[[7333,-7329,7334,-7174,7335,7336]],"type":"Polygon","properties":{"vogeId":6238,"vogeName":"Grône","bezkId":2311,"bezkName":"Sierre","kantId":23,"kantName":"Wallis"}},{"arcs":[[-2704,7337,7338,7339,-7155]],"type":"Polygon","properties":{"vogeId":6239,"vogeName":"Icogne","bezkId":2311,"bezkName":"Sierre","kantId":23,"kantName":"Wallis"}},{"arcs":[[-7339,7340,7341,7342]],"type":"Polygon","properties":{"vogeId":6240,"vogeName":"Lens","bezkId":2311,"bezkName":"Sierre","kantId":23,"kantName":"Wallis"}},{"arcs":[[-7340,-7343,7343,-7337,7344,-7156]],"type":"Polygon","properties":{"vogeId":6246,"vogeName":"Saint-Léonard","bezkId":2311,"bezkName":"Sierre","kantId":23,"kantName":"Wallis"}},{"arcs":[[-7211,7345,-7332,-7330,-7334,-7344,-7342,7346,7347]],"type":"Polygon","properties":{"vogeId":6248,"vogeName":"Sierre","bezkId":2311,"bezkName":"Sierre","kantId":23,"kantName":"Wallis"}},{"arcs":[[7348,7349,7350,-7162,-7170,-7175,-7335,-7328,-7333,-7346,-7210,-7197,-7178,-7207]],"type":"Polygon","properties":{"vogeId":6252,"vogeName":"Anniviers","bezkId":2311,"bezkName":"Sierre","kantId":23,"kantName":"Wallis"}},{"arcs":[[-7203,-7190,-7213,-7208,7351,-7347,-7341,-7338,-2703]],"type":"Polygon","properties":{"vogeId":6253,"vogeName":"Crans-Montana","bezkId":2311,"bezkName":"Sierre","kantId":23,"kantName":"Wallis"}},{"arcs":[[-7352,-7212,-7348]],"type":"Polygon","properties":{"vogeId":6254,"vogeName":"Noble-Contrée","bezkId":2311,"bezkName":"Sierre","kantId":23,"kantName":"Wallis"}},{"arcs":[[-7159,7352,7353]],"type":"Polygon","properties":{"vogeId":6261,"vogeName":"Arbaz","bezkId":2312,"bezkName":"Sion","kantId":23,"kantName":"Wallis"}},{"arcs":[[-7353,-7158,7354,7355]],"type":"Polygon","properties":{"vogeId":6263,"vogeName":"Grimisuat","bezkId":2312,"bezkName":"Sion","kantId":23,"kantName":"Wallis"}},{"arcs":[[-2718,-7160,-7354,-7356,7356,-7097,-6225,-2713]],"type":"Polygon","properties":{"vogeId":6265,"vogeName":"Savièse","bezkId":2312,"bezkName":"Sion","kantId":23,"kantName":"Wallis"}},{"arcs":[[-7101,-7098,-7357,-7355,-7157,-7345,-7336,-7173,-7172,-7103,7357]],"type":"Polygon","properties":{"vogeId":6266,"vogeName":"Sion","bezkId":2312,"bezkName":"Sion","kantId":23,"kantName":"Wallis"}},{"arcs":[[-7358,-7102]],"type":"Polygon","properties":{"vogeId":6267,"vogeName":"Veysonnaz","bezkId":2312,"bezkName":"Sion","kantId":23,"kantName":"Wallis"}},{"arcs":[[[7358,7359,-7305,-7284,-7062]],[[-7059,-7283,-7304,-7286,-7071]]],"type":"MultiPolygon","properties":{"vogeId":6281,"vogeName":"Baltschieder","bezkId":2313,"bezkName":"Visp","kantId":23,"kantName":"Wallis"}},{"arcs":[[7360,7361,7362,-7081,7363,7364,7365]],"type":"Polygon","properties":{"vogeId":6282,"vogeName":"Eisten","bezkId":2313,"bezkName":"Visp","kantId":23,"kantName":"Wallis"}},{"arcs":[[7366,7367,7368,-7186,-7310]],"type":"Polygon","properties":{"vogeId":6283,"vogeName":"Embd","bezkId":2313,"bezkName":"Visp","kantId":23,"kantName":"Wallis"}},{"arcs":[[7369,7370,-7366,7371,-7368]],"type":"Polygon","properties":{"vogeId":6285,"vogeName":"Grächen","bezkId":2313,"bezkName":"Visp","kantId":23,"kantName":"Wallis"}},{"arcs":[[-7061,-7070,-7057,7372,-7359]],"type":"Polygon","properties":{"vogeId":6286,"vogeName":"Lalden","bezkId":2313,"bezkName":"Visp","kantId":23,"kantName":"Wallis"}},{"arcs":[[7373,7374,7375,-7349,-7206]],"type":"Polygon","properties":{"vogeId":6287,"vogeName":"Randa","bezkId":2313,"bezkName":"Visp","kantId":23,"kantName":"Wallis"}},{"arcs":[[-7078,-7088,7376,7377,7378,7379,7380]],"type":"Polygon","properties":{"vogeId":6288,"vogeName":"Saas-Almagell","bezkId":2313,"bezkName":"Visp","kantId":23,"kantName":"Wallis"}},{"arcs":[[-7364,-7080,7381,7382,7383]],"type":"Polygon","properties":{"vogeId":6289,"vogeName":"Saas-Balen","bezkId":2313,"bezkName":"Visp","kantId":23,"kantName":"Wallis"}},{"arcs":[[-7383,7384,-7380,7385,-7375,7386]],"type":"Polygon","properties":{"vogeId":6290,"vogeName":"Saas-Fee","bezkId":2313,"bezkName":"Visp","kantId":23,"kantName":"Wallis"}},{"arcs":[[-7382,-7079,-7381,-7385]],"type":"Polygon","properties":{"vogeId":6291,"vogeName":"Saas-Grund","bezkId":2313,"bezkName":"Visp","kantId":23,"kantName":"Wallis"}},{"arcs":[[-7369,-7372,-7365,-7384,-7387,-7374,-7205,-7187]],"type":"Polygon","properties":{"vogeId":6292,"vogeName":"St. Niklaus","bezkId":2313,"bezkName":"Visp","kantId":23,"kantName":"Wallis"}},{"arcs":[[7387,7388,7389,-7361,-7371,7390]],"type":"Polygon","properties":{"vogeId":6293,"vogeName":"Stalden (VS)","bezkId":2313,"bezkName":"Visp","kantId":23,"kantName":"Wallis"}},{"arcs":[[7391,-7362,-7390]],"type":"Polygon","properties":{"vogeId":6294,"vogeName":"Staldenried","bezkId":2313,"bezkName":"Visp","kantId":23,"kantName":"Wallis"}},{"arcs":[[-7376,-7386,-7379,7392,-7350]],"type":"Polygon","properties":{"vogeId":6295,"vogeName":"Täsch","bezkId":2313,"bezkName":"Visp","kantId":23,"kantName":"Wallis"}},{"arcs":[[-7291,7393,-7391,-7370,-7367,-7309]],"type":"Polygon","properties":{"vogeId":6296,"vogeName":"Törbel","bezkId":2313,"bezkName":"Visp","kantId":23,"kantName":"Wallis"}},{"arcs":[[-7360,-7373,-7056,7394,7395,-7306]],"type":"Polygon","properties":{"vogeId":6297,"vogeName":"Visp","bezkId":2313,"bezkName":"Visp","kantId":23,"kantName":"Wallis"}},{"arcs":[[-7395,-7055,-7082,-7363,-7392,-7389,7396]],"type":"Polygon","properties":{"vogeId":6298,"vogeName":"Visperterminen","bezkId":2313,"bezkName":"Visp","kantId":23,"kantName":"Wallis"}},{"arcs":[[-7290,-7396,-7397,-7388,-7394]],"type":"Polygon","properties":{"vogeId":6299,"vogeName":"Zeneggen","bezkId":2313,"bezkName":"Visp","kantId":23,"kantName":"Wallis"}},{"arcs":[[-7393,-7378,7397,-7163,-7351]],"type":"Polygon","properties":{"vogeId":6300,"vogeName":"Zermatt","bezkId":2313,"bezkName":"Visp","kantId":23,"kantName":"Wallis"}},{"arcs":[[7398,7399,7400,7401,7402,7403]],"type":"Polygon","properties":{"vogeId":6404,"vogeName":"Boudry","bezkId":2400,"bezkName":"Cant. de Neuchâtel","kantId":24,"kantName":"Neuenburg"}},{"arcs":[[-7401,7404,7405]],"type":"Polygon","properties":{"vogeId":6408,"vogeName":"Cortaillod","bezkId":2400,"bezkName":"Cant. de Neuchâtel","kantId":24,"kantName":"Neuenburg"}},{"arcs":[[7406,7407,7408,-7404,7409,7410]],"type":"Polygon","properties":{"vogeId":6413,"vogeName":"Rochefort","bezkId":2400,"bezkName":"Cant. de Neuchâtel","kantId":24,"kantName":"Neuenburg"}},{"arcs":[[7411,-7399,-7409,7412]],"type":"Polygon","properties":{"vogeId":6416,"vogeName":"Milvignes","bezkId":2400,"bezkName":"Cant. de Neuchâtel","kantId":24,"kantName":"Neuenburg"}},{"arcs":[[-6524,7413,-7402,-7406,7414,-6492,-6520]],"type":"Polygon","properties":{"vogeId":6417,"vogeName":"La Grande Béroche","bezkId":2400,"bezkName":"Cant. de Neuchâtel","kantId":24,"kantName":"Neuenburg"}},{"arcs":[[7415,7416,7417,7418,7419,7420,-2165,-2175]],"type":"Polygon","properties":{"vogeId":6421,"vogeName":"La Chaux-de-Fonds","bezkId":2400,"bezkName":"Cant. de Neuchâtel","kantId":24,"kantName":"Neuenburg"}},{"arcs":[[7421,-7419,7422]],"type":"Polygon","properties":{"vogeId":6422,"vogeName":"Les Planchettes","bezkId":2400,"bezkName":"Cant. de Neuchâtel","kantId":24,"kantName":"Neuenburg"}},{"arcs":[[-7417,7423,7424,7425,7426]],"type":"Polygon","properties":{"vogeId":6423,"vogeName":"La Sagne","bezkId":2400,"bezkName":"Cant. de Neuchâtel","kantId":24,"kantName":"Neuenburg"}},{"arcs":[[7427,7428,7429,7430,7431]],"type":"Polygon","properties":{"vogeId":6432,"vogeName":"La Brévine","bezkId":2400,"bezkName":"Cant. de Neuchâtel","kantId":24,"kantName":"Neuenburg"}},{"arcs":[[-7425,-7411,7432,7433]],"type":"Polygon","properties":{"vogeId":6433,"vogeName":"Brot-Plamboz","bezkId":2400,"bezkName":"Cant. de Neuchâtel","kantId":24,"kantName":"Neuenburg"}},{"arcs":[[7434,7435,-7428,7436]],"type":"Polygon","properties":{"vogeId":6434,"vogeName":"Le Cerneux-Péquignot","bezkId":2400,"bezkName":"Cant. de Neuchâtel","kantId":24,"kantName":"Neuenburg"}},{"arcs":[[7437,7438,-7429,-7436]],"type":"Polygon","properties":{"vogeId":6435,"vogeName":"La Chaux-du-Milieu","bezkId":2400,"bezkName":"Cant. de Neuchâtel","kantId":24,"kantName":"Neuenburg"}},{"arcs":[[-7418,-7427,7439,-7438,-7435,7440,-7423]],"type":"Polygon","properties":{"vogeId":6436,"vogeName":"Le Locle","bezkId":2400,"bezkName":"Cant. de Neuchâtel","kantId":24,"kantName":"Neuenburg"}},{"arcs":[[-7440,-7426,-7434,7441,-7430,-7439]],"type":"Polygon","properties":{"vogeId":6437,"vogeName":"Les Ponts-de-Martel","bezkId":2400,"bezkName":"Cant. de Neuchâtel","kantId":24,"kantName":"Neuenburg"}},{"arcs":[[7442,-2226,7443]],"type":"Polygon","properties":{"vogeId":6451,"vogeName":"Cornaux","bezkId":2400,"bezkName":"Cant. de Neuchâtel","kantId":24,"kantName":"Neuenburg"}},{"arcs":[[7444,7445,-2227,-7443,7446]],"type":"Polygon","properties":{"vogeId":6452,"vogeName":"Cressier (NE)","bezkId":2400,"bezkName":"Cant. de Neuchâtel","kantId":24,"kantName":"Neuenburg"}},{"arcs":[[7447,-2584,7448,-2228,-7446,7449]],"type":"Polygon","properties":{"vogeId":6455,"vogeName":"Le Landeron","bezkId":2400,"bezkName":"Cant. de Neuchâtel","kantId":24,"kantName":"Neuenburg"}},{"arcs":[[-2588,-2592,-2585,-7448,7450,7451]],"type":"Polygon","properties":{"vogeId":6456,"vogeName":"Lignières","bezkId":2400,"bezkName":"Cant. de Neuchâtel","kantId":24,"kantName":"Neuenburg"}},{"arcs":[[7452,7453,7454,-7413,-7408,7455]],"type":"Polygon","properties":{"vogeId":6458,"vogeName":"Neuchâtel","bezkId":2400,"bezkName":"Cant. de Neuchâtel","kantId":24,"kantName":"Neuenburg"}},{"arcs":[[-7407,-7424,-7416,-2174,-2190,-2184,-2200,-2589,-7452,7456,-7456]],"type":"Polygon","properties":{"vogeId":6487,"vogeName":"Val-de-Ruz","bezkId":2400,"bezkName":"Cant. de Neuchâtel","kantId":24,"kantName":"Neuenburg"}},{"arcs":[[7457,7458,-6530,7459]],"type":"Polygon","properties":{"vogeId":6504,"vogeName":"La Côte-aux-Fées","bezkId":2400,"bezkName":"Cant. de Neuchâtel","kantId":24,"kantName":"Neuenburg"}},{"arcs":[[7460,7461,-7458]],"type":"Polygon","properties":{"vogeId":6511,"vogeName":"Les Verrières","bezkId":2400,"bezkName":"Cant. de Neuchâtel","kantId":24,"kantName":"Neuenburg"}},{"arcs":[[7462,-7431,-7442,-7433,-7410,-7403,-7414,-6526,-6531,-6518,-6508,-6500,-7459,-7462]],"type":"Polygon","properties":{"vogeId":6512,"vogeName":"Val-de-Travers","bezkId":2400,"bezkName":"Cant. de Neuchâtel","kantId":24,"kantName":"Neuenburg"}},{"arcs":[[[-7454,-7447,-7444,-2225,-2232,7463]],[[-7453,-7457,-7451,-7450,-7445]]],"type":"MultiPolygon","properties":{"vogeId":6513,"vogeName":"Laténa","bezkId":2400,"bezkName":"Cant. de Neuchâtel","kantId":24,"kantName":"Neuenburg"}},{"arcs":[[7464,7465,7466,7467]],"type":"Polygon","properties":{"vogeId":6601,"vogeName":"Aire-la-Ville","bezkId":2500,"bezkName":"Cant. de Genève","kantId":25,"kantName":"Genf"}},{"arcs":[[7468,7469,7470,7471]],"type":"Polygon","properties":{"vogeId":6602,"vogeName":"Anières","bezkId":2500,"bezkName":"Cant. de Genève","kantId":25,"kantName":"Genf"}},{"arcs":[[7472,7473,7474,7475,7476]],"type":"Polygon","properties":{"vogeId":6603,"vogeName":"Avully","bezkId":2500,"bezkName":"Cant. de Genève","kantId":25,"kantName":"Genf"}},{"arcs":[[-7475,7477,7478,7479,7480]],"type":"Polygon","properties":{"vogeId":6604,"vogeName":"Avusy","bezkId":2500,"bezkName":"Cant. de Genève","kantId":25,"kantName":"Genf"}},{"arcs":[[7481,7482,7483,7484]],"type":"Polygon","properties":{"vogeId":6605,"vogeName":"Bardonnex","bezkId":2500,"bezkName":"Cant. de Genève","kantId":25,"kantName":"Genf"}},{"arcs":[[7485,7486,7487,7488,7489,7490]],"type":"Polygon","properties":{"vogeId":6606,"vogeName":"Bellevue","bezkId":2500,"bezkName":"Cant. de Genève","kantId":25,"kantName":"Genf"}},{"arcs":[[7491,7492,7493,7494,7495,7496,7497,-7466,7498]],"type":"Polygon","properties":{"vogeId":6607,"vogeName":"Bernex","bezkId":2500,"bezkName":"Cant. de Genève","kantId":25,"kantName":"Genf"}},{"arcs":[[7499,7500,7501]],"type":"Polygon","properties":{"vogeId":6608,"vogeName":"Carouge (GE)","bezkId":2500,"bezkName":"Cant. de Genève","kantId":25,"kantName":"Genf"}},{"arcs":[[-7467,-7498,7502,-7474,7503]],"type":"Polygon","properties":{"vogeId":6609,"vogeName":"Cartigny","bezkId":2500,"bezkName":"Cant. de Genève","kantId":25,"kantName":"Genf"}},{"arcs":[[[-6754,-6746,-6793]],[[-6791,-6744,-6782,-6781,7504]]],"type":"MultiPolygon","properties":{"vogeId":6610,"vogeName":"Céligny","bezkId":2500,"bezkName":"Cant. de Genève","kantId":25,"kantName":"Genf"}},{"arcs":[[-7476,-7481,7505]],"type":"Polygon","properties":{"vogeId":6611,"vogeName":"Chancy","bezkId":2500,"bezkName":"Cant. de Genève","kantId":25,"kantName":"Genf"}},{"arcs":[[7506,7507,7508,7509,7510,7511]],"type":"Polygon","properties":{"vogeId":6612,"vogeName":"Chêne-Bougeries","bezkId":2500,"bezkName":"Cant. de Genève","kantId":25,"kantName":"Genf"}},{"arcs":[[7512,7513,-7508]],"type":"Polygon","properties":{"vogeId":6613,"vogeName":"Chêne-Bourg","bezkId":2500,"bezkName":"Cant. de Genève","kantId":25,"kantName":"Genf"}},{"arcs":[[7514,7515,7516,7517,7518,7519]],"type":"Polygon","properties":{"vogeId":6614,"vogeName":"Choulex","bezkId":2500,"bezkName":"Cant. de Genève","kantId":25,"kantName":"Genf"}},{"arcs":[[7520,-7486,7521]],"type":"Polygon","properties":{"vogeId":6615,"vogeName":"Collex-Bossy","bezkId":2500,"bezkName":"Cant. de Genève","kantId":25,"kantName":"Genf"}},{"arcs":[[7522,7523,-7515,7524,7525]],"type":"Polygon","properties":{"vogeId":6616,"vogeName":"Collonge-Bellerive","bezkId":2500,"bezkName":"Cant. de Genève","kantId":25,"kantName":"Genf"}},{"arcs":[[-7525,7526,-7512,7527,7528]],"type":"Polygon","properties":{"vogeId":6617,"vogeName":"Cologny","bezkId":2500,"bezkName":"Cant. de Genève","kantId":25,"kantName":"Genf"}},{"arcs":[[7529,7530,7531,-7494]],"type":"Polygon","properties":{"vogeId":6618,"vogeName":"Confignon","bezkId":2500,"bezkName":"Cant. de Genève","kantId":25,"kantName":"Genf"}},{"arcs":[[7532,-7471,7533,7534,-7523]],"type":"Polygon","properties":{"vogeId":6619,"vogeName":"Corsier (GE)","bezkId":2500,"bezkName":"Cant. de Genève","kantId":25,"kantName":"Genf"}},{"arcs":[[7535,7536,-7473,7537]],"type":"Polygon","properties":{"vogeId":6620,"vogeName":"Dardagny","bezkId":2500,"bezkName":"Cant. de Genève","kantId":25,"kantName":"Genf"}},{"arcs":[[7538,7539,7540,-7528,-7511,7541,-7500,7542,7543]],"type":"Polygon","properties":{"vogeId":6621,"vogeName":"Genève","bezkId":2500,"bezkName":"Cant. de Genève","kantId":25,"kantName":"Genf"}},{"arcs":[[7544,7545,-7487]],"type":"Polygon","properties":{"vogeId":6622,"vogeName":"Genthod","bezkId":2500,"bezkName":"Cant. de Genève","kantId":25,"kantName":"Genf"}},{"arcs":[[-7490,7546,-7539,7547,7548,7549]],"type":"Polygon","properties":{"vogeId":6623,"vogeName":"Le Grand-Saconnex","bezkId":2500,"bezkName":"Cant. de Genève","kantId":25,"kantName":"Genf"}},{"arcs":[[-7534,7550,7551,7552]],"type":"Polygon","properties":{"vogeId":6624,"vogeName":"Gy","bezkId":2500,"bezkName":"Cant. de Genève","kantId":25,"kantName":"Genf"}},{"arcs":[[-7469,7553]],"type":"Polygon","properties":{"vogeId":6625,"vogeName":"Hermance","bezkId":2500,"bezkName":"Cant. de Genève","kantId":25,"kantName":"Genf"}},{"arcs":[[-7552,7554,7555,7556]],"type":"Polygon","properties":{"vogeId":6626,"vogeName":"Jussy","bezkId":2500,"bezkName":"Cant. de Genève","kantId":25,"kantName":"Genf"}},{"arcs":[[-7497,7557,-7478,-7503]],"type":"Polygon","properties":{"vogeId":6627,"vogeName":"Laconnex","bezkId":2500,"bezkName":"Cant. de Genève","kantId":25,"kantName":"Genf"}},{"arcs":[[7558,-7543,-7502,7559,7560,7561]],"type":"Polygon","properties":{"vogeId":6628,"vogeName":"Lancy","bezkId":2500,"bezkName":"Cant. de Genève","kantId":25,"kantName":"Genf"}},{"arcs":[[-7535,-7553,-7557,7562,-7516,-7524]],"type":"Polygon","properties":{"vogeId":6629,"vogeName":"Meinier","bezkId":2500,"bezkName":"Cant. de Genève","kantId":25,"kantName":"Genf"}},{"arcs":[[7563,-7549,7564,7565]],"type":"Polygon","properties":{"vogeId":6630,"vogeName":"Meyrin","bezkId":2500,"bezkName":"Cant. de Genève","kantId":25,"kantName":"Genf"}},{"arcs":[[-7493,7566,-7562,7567,-7530]],"type":"Polygon","properties":{"vogeId":6631,"vogeName":"Onex","bezkId":2500,"bezkName":"Cant. de Genève","kantId":25,"kantName":"Genf"}},{"arcs":[[-7532,7568,-7485,7569,-7495]],"type":"Polygon","properties":{"vogeId":6632,"vogeName":"Perly-Certoux","bezkId":2500,"bezkName":"Cant. de Genève","kantId":25,"kantName":"Genf"}},{"arcs":[[-7568,-7561,7570,-7482,-7569,-7531]],"type":"Polygon","properties":{"vogeId":6633,"vogeName":"Plan-les-Ouates","bezkId":2500,"bezkName":"Cant. de Genève","kantId":25,"kantName":"Genf"}},{"arcs":[[-7489,7571,-7540,-7547]],"type":"Polygon","properties":{"vogeId":6634,"vogeName":"Pregny-Chambésy","bezkId":2500,"bezkName":"Cant. de Genève","kantId":25,"kantName":"Genf"}},{"arcs":[[-7563,-7556,7572,7573,-7517]],"type":"Polygon","properties":{"vogeId":6635,"vogeName":"Presinge","bezkId":2500,"bezkName":"Cant. de Genève","kantId":25,"kantName":"Genf"}},{"arcs":[[-7518,-7574,7574,7575]],"type":"Polygon","properties":{"vogeId":6636,"vogeName":"Puplinge","bezkId":2500,"bezkName":"Cant. de Genève","kantId":25,"kantName":"Genf"}},{"arcs":[[7576,-7468,-7504,-7537]],"type":"Polygon","properties":{"vogeId":6637,"vogeName":"Russin","bezkId":2500,"bezkName":"Cant. de Genève","kantId":25,"kantName":"Genf"}},{"arcs":[[7577,-7566,7578,-7499,-7465,-7577,-7536]],"type":"Polygon","properties":{"vogeId":6638,"vogeName":"Satigny","bezkId":2500,"bezkName":"Cant. de Genève","kantId":25,"kantName":"Genf"}},{"arcs":[[-7496,7579,-7479,-7558]],"type":"Polygon","properties":{"vogeId":6639,"vogeName":"Soral","bezkId":2500,"bezkName":"Cant. de Genève","kantId":25,"kantName":"Genf"}},{"arcs":[[7580,-7519,-7576,7581,7582,-7509,-7514]],"type":"Polygon","properties":{"vogeId":6640,"vogeName":"Thônex","bezkId":2500,"bezkName":"Cant. de Genève","kantId":25,"kantName":"Genf"}},{"arcs":[[-7560,7583,7584,-7483,-7571]],"type":"Polygon","properties":{"vogeId":6641,"vogeName":"Troinex","bezkId":2500,"bezkName":"Cant. de Genève","kantId":25,"kantName":"Genf"}},{"arcs":[[-7520,-7581,-7513,-7507,-7527]],"type":"Polygon","properties":{"vogeId":6642,"vogeName":"Vandoeuvres","bezkId":2500,"bezkName":"Cant. de Genève","kantId":25,"kantName":"Genf"}},{"arcs":[[-7548,-7544,-7559,-7567,-7492,-7579,-7565]],"type":"Polygon","properties":{"vogeId":6643,"vogeName":"Vernier","bezkId":2500,"bezkName":"Cant. de Genève","kantId":25,"kantName":"Genf"}},{"arcs":[[-6762,-6813,7585,-7545,-7521,7586]],"type":"Polygon","properties":{"vogeId":6644,"vogeName":"Versoix","bezkId":2500,"bezkName":"Cant. de Genève","kantId":25,"kantName":"Genf"}},{"arcs":[[-7583,7587,-7584,-7501,-7542,-7510]],"type":"Polygon","properties":{"vogeId":6645,"vogeName":"Veyrier","bezkId":2500,"bezkName":"Cant. de Genève","kantId":25,"kantName":"Genf"}},{"arcs":[[7588,7589,7590,7591,7592]],"type":"Polygon","properties":{"vogeId":6702,"vogeName":"Boécourt","bezkId":2601,"bezkName":"Delémont","kantId":26,"kantName":"Jura"}},{"arcs":[[7593,7594,7595,-7589,7596]],"type":"Polygon","properties":{"vogeId":6703,"vogeName":"Bourrignon","bezkId":2601,"bezkName":"Delémont","kantId":26,"kantName":"Jura"}},{"arcs":[[7597,7598,-2557,7599,7600,7601]],"type":"Polygon","properties":{"vogeId":6704,"vogeName":"Châtillon (JU)","bezkId":2601,"bezkName":"Delémont","kantId":26,"kantName":"Jura"}},{"arcs":[[-4160,7602]],"type":"Polygon","properties":{"vogeId":6706,"vogeName":"Courchapoix","bezkId":2601,"bezkName":"Delémont","kantId":26,"kantName":"Jura"}},{"arcs":[[-7599,7603,7604,7605,7606,-2535,-2542,-2558]],"type":"Polygon","properties":{"vogeId":6708,"vogeName":"Courrendlin","bezkId":2601,"bezkName":"Delémont","kantId":26,"kantName":"Jura"}},{"arcs":[[7607,-4273,-4162,7608,-7606,7609]],"type":"Polygon","properties":{"vogeId":6709,"vogeName":"Courroux","bezkId":2601,"bezkName":"Delémont","kantId":26,"kantName":"Jura"}},{"arcs":[[7610,7611,7612,-7602,7613]],"type":"Polygon","properties":{"vogeId":6710,"vogeName":"Courtételle","bezkId":2601,"bezkName":"Delémont","kantId":26,"kantName":"Jura"}},{"arcs":[[7614,7615,-7610,-7605,7616,-7612,7617,-7595]],"type":"Polygon","properties":{"vogeId":6711,"vogeName":"Delémont","bezkId":2601,"bezkName":"Delémont","kantId":26,"kantName":"Jura"}},{"arcs":[[-7596,-7618,-7611,7618,-7590]],"type":"Polygon","properties":{"vogeId":6712,"vogeName":"Develier","bezkId":2601,"bezkName":"Delémont","kantId":26,"kantName":"Jura"}},{"arcs":[[7619,-4280,7620]],"type":"Polygon","properties":{"vogeId":6713,"vogeName":"Ederswiler","bezkId":2601,"bezkName":"Delémont","kantId":26,"kantName":"Jura"}},{"arcs":[[-4166,-2565,7621]],"type":"Polygon","properties":{"vogeId":6715,"vogeName":"Mervelier","bezkId":2601,"bezkName":"Delémont","kantId":26,"kantName":"Jura"}},{"arcs":[[7622,7623,-7615,7624]],"type":"Polygon","properties":{"vogeId":6716,"vogeName":"Mettembert","bezkId":2601,"bezkName":"Delémont","kantId":26,"kantName":"Jura"}},{"arcs":[[-7621,-4279,7625,-7623,7626]],"type":"Polygon","properties":{"vogeId":6718,"vogeName":"Movelier","bezkId":2601,"bezkName":"Delémont","kantId":26,"kantName":"Jura"}},{"arcs":[[7627,-4276,-7620,-7627,-7625,-7594,7628]],"type":"Polygon","properties":{"vogeId":6719,"vogeName":"Pleigne","bezkId":2601,"bezkName":"Delémont","kantId":26,"kantName":"Jura"}},{"arcs":[[-7617,-7604,-7598,-7613]],"type":"Polygon","properties":{"vogeId":6721,"vogeName":"Rossemaison","bezkId":2601,"bezkName":"Delémont","kantId":26,"kantName":"Jura"}},{"arcs":[[7629,-2575,7630,7631]],"type":"Polygon","properties":{"vogeId":6722,"vogeName":"Saulcy","bezkId":2601,"bezkName":"Delémont","kantId":26,"kantName":"Jura"}},{"arcs":[[-4278,-4274,-7608,-7616,-7624,-7626]],"type":"Polygon","properties":{"vogeId":6724,"vogeName":"Soyhières","bezkId":2601,"bezkName":"Delémont","kantId":26,"kantName":"Jura"}},{"arcs":[[-7619,-7614,-7601,7632,-2549,-2579,-2576,-7630,7633,7634,-7591]],"type":"Polygon","properties":{"vogeId":6729,"vogeName":"Haute-Sorne","bezkId":2601,"bezkName":"Delémont","kantId":26,"kantName":"Jura"}},{"arcs":[[-4187,-4182,-4167,-7622,-2569,-2573,-2525,-2536,-7607,-7609,-4161,-7603,-4159]],"type":"Polygon","properties":{"vogeId":6730,"vogeName":"Val Terbi","bezkId":2601,"bezkName":"Delémont","kantId":26,"kantName":"Jura"}},{"arcs":[[7635,7636,-2197,7637]],"type":"Polygon","properties":{"vogeId":6741,"vogeName":"Le Bémont (JU)","bezkId":2602,"bezkName":"Les Franches-Montagnes","kantId":26,"kantName":"Jura"}},{"arcs":[[-2186,-2189,-2162,-7421,7638,7639]],"type":"Polygon","properties":{"vogeId":6742,"vogeName":"Les Bois","bezkId":2602,"bezkName":"Les Franches-Montagnes","kantId":26,"kantName":"Jura"}},{"arcs":[[7640,7641,7642,7643,-2195,-2166,-2161,-2152,-2198]],"type":"Polygon","properties":{"vogeId":6743,"vogeName":"Les Breuleux","bezkId":2602,"bezkName":"Les Franches-Montagnes","kantId":26,"kantName":"Jura"}},{"arcs":[[7644,-7636,7645,7646,7647]],"type":"Polygon","properties":{"vogeId":6745,"vogeName":"Les Enfers","bezkId":2602,"bezkName":"Les Franches-Montagnes","kantId":26,"kantName":"Jura"}},{"arcs":[[7648,-2563,-2192,7649]],"type":"Polygon","properties":{"vogeId":6748,"vogeName":"Les Genevez (JU)","bezkId":2602,"bezkName":"Les Franches-Montagnes","kantId":26,"kantName":"Jura"}},{"arcs":[[7650,-7631,-2578,-2581,-2559,-7649,7651]],"type":"Polygon","properties":{"vogeId":6750,"vogeName":"Lajoux (JU)","bezkId":2602,"bezkName":"Les Franches-Montagnes","kantId":26,"kantName":"Jura"}},{"arcs":[[-7652,-7650,-2191,-7637,-7645,7652,7653,7654]],"type":"Polygon","properties":{"vogeId":6751,"vogeName":"Montfaucon","bezkId":2602,"bezkName":"Les Franches-Montagnes","kantId":26,"kantName":"Jura"}},{"arcs":[[[7655,-7641,-2201,-2182]],[[7656,-7643,7657]]],"type":"MultiPolygon","properties":{"vogeId":6753,"vogeName":"Muriaux","bezkId":2602,"bezkName":"Les Franches-Montagnes","kantId":26,"kantName":"Jura"}},{"arcs":[[7658,-7658,-7642,-7656,-2181,-7640,7659]],"type":"Polygon","properties":{"vogeId":6754,"vogeName":"Le Noirmont","bezkId":2602,"bezkName":"Les Franches-Montagnes","kantId":26,"kantName":"Jura"}},{"arcs":[[-7659,7660,-7646,-7638,-2196,-7644,-7657]],"type":"Polygon","properties":{"vogeId":6757,"vogeName":"Saignelégier","bezkId":2602,"bezkName":"Les Franches-Montagnes","kantId":26,"kantName":"Jura"}},{"arcs":[[-7634,-7632,-7651,-7655,7661]],"type":"Polygon","properties":{"vogeId":6758,"vogeName":"Saint-Brais","bezkId":2602,"bezkName":"Les Franches-Montagnes","kantId":26,"kantName":"Jura"}},{"arcs":[[7662,-7653,-7648,7663]],"type":"Polygon","properties":{"vogeId":6759,"vogeName":"Soubey","bezkId":2602,"bezkName":"Les Franches-Montagnes","kantId":26,"kantName":"Jura"}},{"arcs":[[7664,7665,7666,7667,7668,7669]],"type":"Polygon","properties":{"vogeId":6771,"vogeName":"Alle","bezkId":2603,"bezkName":"Porrentruy","kantId":26,"kantName":"Jura"}},{"arcs":[[7670,7671]],"type":"Polygon","properties":{"vogeId":6774,"vogeName":"Boncourt","bezkId":2603,"bezkName":"Porrentruy","kantId":26,"kantName":"Jura"}},{"arcs":[[7672,7673,7674,7675,7676,7677,7678]],"type":"Polygon","properties":{"vogeId":6778,"vogeName":"Bure","bezkId":2603,"bezkName":"Porrentruy","kantId":26,"kantName":"Jura"}},{"arcs":[[7679,7680,-7670,7681,7682,7683]],"type":"Polygon","properties":{"vogeId":6781,"vogeName":"Coeuve","bezkId":2603,"bezkName":"Porrentruy","kantId":26,"kantName":"Jura"}},{"arcs":[[7684,7685,7686,-7667]],"type":"Polygon","properties":{"vogeId":6782,"vogeName":"Cornol","bezkId":2603,"bezkName":"Porrentruy","kantId":26,"kantName":"Jura"}},{"arcs":[[7687,-7683,7688,-7674]],"type":"Polygon","properties":{"vogeId":6783,"vogeName":"Courchavon","bezkId":2603,"bezkName":"Porrentruy","kantId":26,"kantName":"Jura"}},{"arcs":[[-7668,-7687,7689,7690,7691]],"type":"Polygon","properties":{"vogeId":6784,"vogeName":"Courgenay","bezkId":2603,"bezkName":"Porrentruy","kantId":26,"kantName":"Jura"}},{"arcs":[[-7676,7692,7693,7694]],"type":"Polygon","properties":{"vogeId":6785,"vogeName":"Courtedoux","bezkId":2603,"bezkName":"Porrentruy","kantId":26,"kantName":"Jura"}},{"arcs":[[-7678,7695,7696,7697]],"type":"Polygon","properties":{"vogeId":6789,"vogeName":"Fahy","bezkId":2603,"bezkName":"Porrentruy","kantId":26,"kantName":"Jura"}},{"arcs":[[7698,-7691,7699,7700,7701,-7694]],"type":"Polygon","properties":{"vogeId":6790,"vogeName":"Fontenais","bezkId":2603,"bezkName":"Porrentruy","kantId":26,"kantName":"Jura"}},{"arcs":[[-7697,7702,7703]],"type":"Polygon","properties":{"vogeId":6792,"vogeName":"Grandfontaine","bezkId":2603,"bezkName":"Porrentruy","kantId":26,"kantName":"Jura"}},{"arcs":[[-7682,-7669,-7692,-7699,-7693,-7675,-7689]],"type":"Polygon","properties":{"vogeId":6800,"vogeName":"Porrentruy","bezkId":2603,"bezkName":"Porrentruy","kantId":26,"kantName":"Jura"}},{"arcs":[[7704,7705,7706,7707,-7665,-7681]],"type":"Polygon","properties":{"vogeId":6806,"vogeName":"Vendlincourt","bezkId":2603,"bezkName":"Porrentruy","kantId":26,"kantName":"Jura"}},{"arcs":[[7708,7709,-7684,-7688,-7673,7710,-7671]],"type":"Polygon","properties":{"vogeId":6807,"vogeName":"Basse-Allaine","bezkId":2603,"bezkName":"Porrentruy","kantId":26,"kantName":"Jura"}},{"arcs":[[-7654,-7663,7711,-7700,-7690,-7686,7712,-7592,-7635,-7662]],"type":"Polygon","properties":{"vogeId":6808,"vogeName":"Clos du Doubs","bezkId":2603,"bezkName":"Porrentruy","kantId":26,"kantName":"Jura"}},{"arcs":[[-7677,-7695,-7702,7713,-7703,-7696]],"type":"Polygon","properties":{"vogeId":6809,"vogeName":"Haute-Ajoie","bezkId":2603,"bezkName":"Porrentruy","kantId":26,"kantName":"Jura"}},{"arcs":[[-7593,-7713,-7685,-7666,-7708,7714,-7629,-7597]],"type":"Polygon","properties":{"vogeId":6810,"vogeName":"La Baroche","bezkId":2603,"bezkName":"Porrentruy","kantId":26,"kantName":"Jura"}},{"arcs":[[-7705,-7680,-7710,7715,7716]],"type":"Polygon","properties":{"vogeId":6811,"vogeName":"Damphreux-Lugnez","bezkId":2603,"bezkName":"Porrentruy","kantId":26,"kantName":"Jura"}},{"arcs":[[-7706,-7717,7717]],"type":"Polygon","properties":{"vogeId":6812,"vogeName":"Basse-Vendline","bezkId":2603,"bezkName":"Porrentruy","kantId":26,"kantName":"Jura"}},{"arcs":[[-7600,-2556,-2518,-2541,-2534,-2520,-2550,-7633]],"type":"Polygon","properties":{"vogeId":6831,"vogeName":"Moutier","bezkId":2604,"bezkName":"Moutier","kantId":26,"kantName":"Jura"}}]},"zaehlkreise_ZH_Wint":{"type":"GeometryCollection","geometries":[{"arcs":[[7718,7719,7720,7721,7722,7723,7724,7725,7726]],"type":"Polygon","properties":{"id":10230,"name":"Winterthur Altstadt","vogeId":230,"vogeName":"Winterthur","bezkId":110,"bezkName":"Winterthur","kantId":1,"kantName":"Zürich"}},{"arcs":[[7727,7728,184,7729,7730,7731,7732,7733]],"type":"Polygon","properties":{"id":10261,"name":"Zürich, Kreis 1+2","vogeId":261,"vogeName":"Zürich","bezkId":112,"bezkName":"Zürich","kantId":1,"kantName":"Zürich"}},{"arcs":[[7734,7735,-7727,7736,7737,7738,7739,7740,7741,7742]],"type":"Polygon","properties":{"id":20230,"name":"Winterthur Oberwinterthur","vogeId":230,"vogeName":"Winterthur","bezkId":110,"bezkName":"Winterthur","kantId":1,"kantName":"Zürich"}},{"arcs":[[-7732,7743,7744,7745,7746]],"type":"Polygon","properties":{"id":20261,"name":"Zürich, Kreis 3","vogeId":261,"vogeName":"Zürich","bezkId":112,"bezkName":"Zürich","kantId":1,"kantName":"Zürich"}},{"arcs":[[7747,7748,7749,-7735]],"type":"Polygon","properties":{"id":30230,"name":"Winterthur Seen","vogeId":230,"vogeName":"Winterthur","bezkId":110,"bezkName":"Winterthur","kantId":1,"kantName":"Zürich"}},{"arcs":[[7750,-7733,-7747,7751,7752]],"type":"Polygon","properties":{"id":30261,"name":"Zürich, Kreis 4+5","vogeId":261,"vogeName":"Zürich","bezkId":112,"bezkName":"Zürich","kantId":1,"kantName":"Zürich"}},{"arcs":[[7753,7754,7755,-7723]],"type":"Polygon","properties":{"id":40230,"name":"Winterthur Töss","vogeId":230,"vogeName":"Winterthur","bezkId":110,"bezkName":"Winterthur","kantId":1,"kantName":"Zürich"}},{"arcs":[[7756,7757,-7734,-7751,7758,7759]],"type":"Polygon","properties":{"id":40261,"name":"Zürich, Kreis 6","vogeId":261,"vogeName":"Zürich","bezkId":112,"bezkName":"Zürich","kantId":1,"kantName":"Zürich"}},{"arcs":[[-7725,7760,7761]],"type":"Polygon","properties":{"id":50230,"name":"Winterthur Veltheim","vogeId":230,"vogeName":"Winterthur","bezkId":110,"bezkName":"Winterthur","kantId":1,"kantName":"Zürich"}},{"arcs":[[7762,180,7763,182,7764,-7728,-7758,7765]],"type":"Polygon","properties":{"id":50261,"name":"Zürich, Kreis 7+8","vogeId":261,"vogeName":"Zürich","bezkId":112,"bezkName":"Zürich","kantId":1,"kantName":"Zürich"}},{"arcs":[[-7761,-7724,-7756,7766,7767,7768,7769,7770,7771,7772,7773]],"type":"Polygon","properties":{"id":60230,"name":"Winterthur Wülflingen","vogeId":230,"vogeName":"Winterthur","bezkId":110,"bezkName":"Winterthur","kantId":1,"kantName":"Zürich"}},{"arcs":[[-7752,-7746,7774,7775,7776]],"type":"Polygon","properties":{"id":60261,"name":"Zürich, Kreis 9","vogeId":261,"vogeName":"Zürich","bezkId":112,"bezkName":"Zürich","kantId":1,"kantName":"Zürich"}},{"arcs":[[-7750,7777,7778,7779,-7719,-7736]],"type":"Polygon","properties":{"id":70230,"name":"Winterthur Mattenbach","vogeId":230,"vogeName":"Winterthur","bezkId":110,"bezkName":"Winterthur","kantId":1,"kantName":"Zürich"}},{"arcs":[[-7759,-7753,-7777,7780,7781,7782]],"type":"Polygon","properties":{"id":70261,"name":"Zürich, Kreis 10","vogeId":261,"vogeName":"Zürich","bezkId":112,"bezkName":"Zürich","kantId":1,"kantName":"Zürich"}},{"arcs":[[7783,-7760,-7783,7784,7785,7786]],"type":"Polygon","properties":{"id":80261,"name":"Zürich, Kreis 11","vogeId":261,"vogeName":"Zürich","bezkId":112,"bezkName":"Zürich","kantId":1,"kantName":"Zürich"}},{"arcs":[[-7766,-7757,-7784,7787,7788,7789]],"type":"Polygon","properties":{"id":90261,"name":"Zürich, Kreis 12","vogeId":261,"vogeName":"Zürich","bezkId":112,"bezkName":"Zürich","kantId":1,"kantName":"Zürich"}}]},"K4seen_yyymmdd11":{"type":"GeometryCollection","geometries":[{"arcs":[[-191,-190,-189]],"type":"Polygon","properties":{"id":"9040","name":"Greifensee"}},{"arcs":[[-185,-184,-183,-182,-181,-180,-179,-178,-177,-176,-175,-174,-173,-172,-188,-187,-186]],"type":"Polygon","properties":{"id":"9050","name":"Zürichsee"}},{"arcs":[[-217,-216]],"type":"Polygon","properties":{"id":"9073","name":"Thunersee"}},{"arcs":[[-221,-220,-219,-218]],"type":"Polygon","properties":{"id":"9089","name":"Brienzersee"}},{"arcs":[[-195,-194,-193,-192,-198,-197,-196]],"type":"Polygon","properties":{"id":"9148","name":"Bielersee"}},{"arcs":[[-201,-200,-199,-215,-214,-213,-212,-211,-210,-209,-208,-207,-206,-205,-204,-203,-202]],"type":"Polygon","properties":{"id":"9151","name":"Lac de Neuchâtel"}},{"arcs":[[-226]],"type":"Polygon","properties":{"id":"9157","name":"Baldeggersee"}},{"arcs":[[-250,-249,-253,7790,-251]],"type":"Polygon","properties":{"id":"9163","name":"Sempachersee"}},{"arcs":[[-225,-224,-223,-222]],"type":"Polygon","properties":{"id":"9172","name":"Hallwilersee"}},{"arcs":[[-247,-246,-245,-248]],"type":"Polygon","properties":{"id":"9175","name":"Zugersee"}},{"arcs":[[-229,-228,-227,-244,-243,-242,-241,-240,-239,-238,-237,-236,7791,-234,-233,-232,-231,-230]],"type":"Polygon","properties":{"id":"9179","name":"Vierwaldstättersee"}},{"arcs":[[-256,-257]],"type":"Polygon","properties":{"id":"9181","name":"Alpnachersee"}},{"arcs":[[-255,7792]],"type":"Polygon","properties":{"id":"9216","name":"Sihlsee"}},{"arcs":[[-259,-258]],"type":"Polygon","properties":{"id":"9239","name":"Sarnersee"}},{"arcs":[[-264,7793,-262,-261,-260,-266,-265]],"type":"Polygon","properties":{"id":"9267","name":"Walensee"}},{"arcs":[[-267,-268]],"type":"Polygon","properties":{"id":"9270","name":"Aegerisee"}},{"arcs":[[-270,-269,-273,-272,-271]],"type":"Polygon","properties":{"id":"9276","name":"Lac de la Gruyère"}},{"arcs":[[-275,-274,-278,-277,-276]],"type":"Polygon","properties":{"id":"9294","name":"Murtensee"}},{"arcs":[[-17,-16,-15,7794,-28,-27,-26,-25,-24,-23,-22,-21,-20,7795,-18]],"type":"Polygon","properties":{"id":"9326","name":"Bodensee"}},{"arcs":[[7796,-290,7797,-287,-286,7798,-61,-60,-59,-58,-57,-56,-55]],"type":"Polygon","properties":{"id":"9710","name":"Lago di Lugano"}},{"arcs":[[-63,7799,-66,-65,-64]],"type":"Polygon","properties":{"id":"9711","name":"Lago Maggiore"}},{"arcs":[[-279,-280]],"type":"Polygon","properties":{"id":"9751","name":"Lac de Joux"}},{"arcs":[[-97,-96,-95,-94,-93,-92,-91,-90,-89,-88,7800,-106,-105,-104,-103,-102,-101,-100,-99,-98]],"type":"Polygon","properties":{"id":"9757","name":"Lac Léman"}}]}}}